0.0,1.0,68.8709553307,2800.0,0.0011476197,16.67,0.15,4
0.0,2.0,75.7791710452,5250.0,0.0009473344,22.22,0.15,4
0.0,3.0,83.0005615668,5250.0,0.0010376108,22.22,0.15,4
1.0,433.0,80.346075144,5250.0,0.0010044264,22.22,0.15,4
1.0,706.0,105.387246116,2800.0,0.0017561029,16.67,0.15,4
1.0,663.0,114.0006193255,5250.0,0.0014251503,22.22,0.15,4
1.0,707.0,102.8834194169,2800.0,0.0017143808,16.67,0.15,4
2.0,665.0,43.5659280973,5250.0,0.0005446286,22.22,0.15,4
2.0,664.0,109.813587317,2800.0,0.0018298605,16.67,0.15,4
2.0,663.0,85.363158938,2800.0,0.0014224348,16.67,0.15,4
3.0,4.0,181.9637529223,5250.0,0.0022747744,22.22,0.15,4
3.0,433.0,83.751724802,7000.0,0.0010470013,22.22,0.15,4
4.0,818.0,50.3443795035,5250.0,0.0006293677,22.22,0.15,4
4.0,660.0,92.5168228541,8750.0,0.0011565759,22.22,0.15,4
4.0,381.0,156.9400427772,2800.0,0.0026151444,16.67,0.15,4
5.0,6.0,51.8094297533,2800.0,0.0008633178,16.67,0.15,4
5.0,7.0,125.1089378757,5250.0,0.0015640181,22.22,0.15,4
5.0,8.0,132.1297146762,7000.0,0.0016517866,22.22,0.15,4
5.0,50.0,147.2973846034,5250.0,0.0018414014,22.22,0.15,4
6.0,379.0,466.3784935628,2800.0,0.0077714206,16.67,0.15,4
6.0,380.0,69.6131789824,5250.0,0.0008702518,22.22,0.15,4
6.0,636.0,76.7919270063,2800.0,0.0012796095,16.67,0.15,4
7.0,8.0,47.2858725692,7000.0,0.0005911325,22.22,0.15,4
7.0,9.0,152.8197795057,5250.0,0.0019104383,22.22,0.15,4
7.0,380.0,52.5211339061,2800.0,0.0008751772,16.67,0.15,4
8.0,22.0,131.2915945828,5250.0,0.0016413091,22.22,0.15,4
8.0,23.0,130.5853567843,5250.0,0.0016324802,22.22,0.15,4
9.0,10.0,109.0183557075,2800.0,0.0018166093,16.67,0.15,4
9.0,23.0,94.4128869063,5250.0,0.0011802791,22.22,0.15,4
9.0,169.0,142.956426227,5250.0,0.001787134,22.22,0.15,4
10.0,11.0,137.024744097,5250.0,0.0017129806,22.22,0.15,4
10.0,12.0,41.4740511026,5250.0,0.0005184775,22.22,0.15,4
11.0,169.0,63.3335424737,2800.0,0.001055348,16.67,0.15,4
11.0,612.0,100.5538614356,5250.0,0.001257049,22.22,0.15,4
11.0,175.0,123.9660109201,2800.0,0.002065687,16.67,0.15,4
12.0,13.0,329.7118009938,2800.0,0.0054940979,16.67,0.15,4
12.0,13.0,178.8511708629,5250.0,0.0022358632,22.22,0.15,4
13.0,380.0,32.1665853527,5250.0,0.0004021225,22.22,0.15,4
14.0,678.0,57.7059269594,2800.0,0.0009615731,16.67,0.15,4
14.0,677.0,50.5367089329,2800.0,0.0008421101,16.67,0.15,4
14.0,233.0,411.1834475057,1300.0,0.0102806142,11.11,0.15,4
14.0,630.0,42.2988347107,2800.0,0.0007048396,16.67,0.15,4
15.0,16.0,152.6313100739,5250.0,0.0019080822,22.22,0.15,4
15.0,17.0,134.5513609528,5250.0,0.0016820602,22.22,0.15,4
15.0,18.0,135.0921360475,1300.0,0.0033776412,11.11,0.15,4
15.0,292.0,168.0965847354,5250.0,0.0021014175,22.22,0.15,4
16.0,746.0,160.4505089742,1300.0,0.0040116639,11.11,0.15,4
16.0,746.0,143.0143035223,10500.0,0.0017878576,22.22,0.15,4
16.0,210.0,151.1608499508,10500.0,0.0018896996,22.22,0.15,4
17.0,211.0,132.8993352559,5250.0,0.0016614078,22.22,0.15,4
17.0,212.0,74.3654425513,5250.0,0.000929661,22.22,0.15,4
17.0,177.0,133.6821886456,5250.0,0.0016711945,22.22,0.15,4
18.0,19.0,110.9571577383,5250.0,0.0013871032,22.22,0.15,4
18.0,20.0,165.3358657359,1300.0,0.00413381,11.11,0.15,4
18.0,177.0,137.3716398765,5250.0,0.0017173172,22.22,0.15,4
19.0,20.0,176.861949371,1300.0,0.0044219909,11.11,0.15,4
19.0,20.0,156.8792949984,2800.0,0.0026141321,16.67,0.15,4
19.0,176.0,152.6529324696,5250.0,0.0019083525,22.22,0.15,4
19.0,384.0,167.3895292782,2800.0,0.0027892676,16.67,0.15,4
19.0,292.0,205.9885463244,1300.0,0.0051502287,11.11,0.15,4
19.0,638.0,40.3040829021,2800.0,0.0006716004,16.67,0.15,4
19.0,293.0,109.0324949278,2800.0,0.0018168449,16.67,0.15,4
20.0,21.0,171.6647779786,5250.0,0.0021460243,22.22,0.15,4
20.0,161.0,183.5797092692,1300.0,0.0045899517,11.11,0.15,4
20.0,176.0,96.7711516773,2800.0,0.00161253,16.67,0.15,4
21.0,177.0,134.1414154511,5250.0,0.0016769354,22.22,0.15,4
21.0,178.0,136.1453000048,2800.0,0.0022686346,16.67,0.15,4
21.0,949.0,117.6043564013,5250.0,0.0014702015,22.22,0.15,4
22.0,49.0,151.4687918273,5250.0,0.0018935493,22.22,0.15,4
22.0,48.0,135.4885699486,2800.0,0.0022576913,16.67,0.15,4
22.0,50.0,141.5876945383,5250.0,0.0017700232,22.22,0.15,4
23.0,24.0,138.375009868,5250.0,0.0017298606,22.22,0.15,4
23.0,48.0,133.8158043808,2800.0,0.0022298174,16.67,0.15,4
24.0,25.0,133.7527448036,2800.0,0.0022287667,16.67,0.15,4
24.0,26.0,131.8103546982,2800.0,0.0021964,16.67,0.15,4
24.0,169.0,138.0851498115,2800.0,0.002300959,16.67,0.15,4
25.0,45.0,133.0617176789,2800.0,0.0022172518,16.67,0.15,4
25.0,47.0,140.8074023499,2800.0,0.0023463208,16.67,0.15,4
25.0,48.0,133.0828145729,2800.0,0.0022176034,16.67,0.15,4
26.0,27.0,131.7039305367,2800.0,0.0021946266,16.67,0.15,4
26.0,29.0,133.8671265577,2800.0,0.0022306726,16.67,0.15,4
26.0,45.0,133.7524626363,2800.0,0.002228762,16.67,0.15,4
27.0,169.0,133.9525199524,2800.0,0.0022320956,16.67,0.15,4
27.0,170.0,49.4693682366,2800.0,0.0008243246,16.67,0.15,4
27.0,128.0,133.1912478046,2800.0,0.0022194102,16.67,0.15,4
28.0,29.0,134.1631561679,1300.0,0.0033544143,11.11,0.15,4
28.0,30.0,136.0561068804,2800.0,0.0022671484,16.67,0.15,4
28.0,31.0,131.752830047,1300.0,0.0032941502,11.11,0.15,4
28.0,127.0,132.0384621284,2800.0,0.002200201,16.67,0.15,4
29.0,46.0,144.5535428367,2800.0,0.002408744,16.67,0.15,4
29.0,128.0,143.3109093914,2800.0,0.0023880375,16.67,0.15,4
30.0,44.0,149.7309529562,2800.0,0.0024950169,16.67,0.15,4
30.0,43.0,131.8704069681,2800.0,0.0021974006,16.67,0.15,4
30.0,46.0,133.1270948699,2800.0,0.0022183412,16.67,0.15,4
31.0,32.0,129.5210548432,2800.0,0.0021582526,16.67,0.15,4
31.0,33.0,136.2263331498,1300.0,0.0034059989,11.11,0.15,4
31.0,43.0,136.0537673112,2800.0,0.0022671094,16.67,0.15,4
32.0,127.0,131.5536766177,2800.0,0.0021921229,16.67,0.15,4
32.0,130.0,135.2653597142,2800.0,0.0022539719,16.67,0.15,4
32.0,812.0,31.0760528738,2800.0,0.0005178306,16.67,0.15,4
33.0,34.0,137.3690502204,2800.0,0.0022890264,16.67,0.15,4
33.0,35.0,122.522582891,1300.0,0.0030633709,11.11,0.15,4
34.0,40.0,132.214687266,2800.0,0.0022031375,16.67,0.15,4
34.0,42.0,149.2469673328,2800.0,0.0024869521,16.67,0.15,4
34.0,43.0,137.1662471222,2800.0,0.002285647,16.67,0.15,4
35.0,36.0,145.5404002228,2800.0,0.0024251883,16.67,0.15,4
35.0,812.0,267.0476324858,2800.0,0.0044499039,16.67,0.15,4
35.0,750.0,173.3475308629,2800.0,0.0028885478,16.67,0.15,4
35.0,38.0,147.6298934861,1300.0,0.0036911164,11.11,0.15,4
35.0,40.0,134.4404021779,2800.0,0.0022402253,16.67,0.15,4
36.0,82.0,39.991356338,2800.0,0.0006663893,16.67,0.15,4
36.0,83.0,262.0179838071,2800.0,0.0043660932,16.67,0.15,4
36.0,670.0,132.3779984617,2800.0,0.0022058588,16.67,0.15,4
37.0,38.0,145.560566109,1300.0,0.0036393781,11.11,0.15,4
37.0,39.0,134.8638066391,2800.0,0.0022472807,16.67,0.15,4
37.0,751.0,133.7980492731,2800.0,0.0022295216,16.67,0.15,4
38.0,750.0,98.4854620447,10500.0,0.0012311914,22.22,0.15,4
38.0,670.0,136.9309733335,2800.0,0.0022817265,16.67,0.15,4
39.0,670.0,144.8661483224,2800.0,0.002413953,16.67,0.15,4
39.0,671.0,98.1135809726,2800.0,0.0016348994,16.67,0.15,4
39.0,672.0,95.2726749259,2800.0,0.0015875604,16.67,0.15,4
40.0,41.0,134.3240004634,2800.0,0.0022382857,16.67,0.15,4
40.0,81.0,147.3054214572,2800.0,0.0024545994,16.67,0.15,4
41.0,750.0,39.9187772842,10500.0,0.0004990346,22.22,0.15,4
41.0,713.0,147.9722332452,10500.0,0.0018498379,22.22,0.15,4
41.0,751.0,147.1316844309,2800.0,0.0024517044,16.67,0.15,4
42.0,81.0,172.853248634,1300.0,0.0043217634,11.11,0.15,4
42.0,81.0,135.2936677103,8750.0,0.00169134,22.22,0.15,4
42.0,712.0,175.7351151397,1300.0,0.0043938173,11.11,0.15,4
42.0,714.0,82.5040211315,2800.0,0.0013747921,16.67,0.15,4
43.0,712.0,149.3688915488,2800.0,0.0024889837,16.67,0.15,4
44.0,712.0,170.2089600929,2800.0,0.0028362488,16.67,0.15,4
44.0,712.0,142.0046701462,8750.0,0.0017752359,22.22,0.15,4
44.0,784.0,91.5537278535,2800.0,0.0015255903,16.67,0.15,4
44.0,656.0,98.8024306087,1300.0,0.0024703078,11.11,0.15,4
44.0,658.0,92.8814605341,7000.0,0.0011611344,22.22,0.15,4
45.0,46.0,133.074123942,2800.0,0.0022174586,16.67,0.15,4
45.0,103.0,148.8406600887,2800.0,0.0024801816,16.67,0.15,4
46.0,658.0,131.2115631623,2800.0,0.0021864221,16.67,0.15,4
46.0,657.0,130.8404966069,2800.0,0.0021802389,16.67,0.15,4
47.0,103.0,161.6928899356,1300.0,0.0040427265,11.11,0.15,4
47.0,103.0,146.2812656246,8750.0,0.0018286987,22.22,0.15,4
47.0,101.0,144.3150930503,8750.0,0.0018041191,22.22,0.15,4
47.0,101.0,163.7889226493,1300.0,0.0040951326,11.11,0.15,4
48.0,101.0,148.9021429082,2800.0,0.0024812061,16.67,0.15,4
49.0,101.0,172.8045036411,1300.0,0.0043205446,11.11,0.15,4
49.0,385.0,77.962308758,5250.0,0.0009746263,22.22,0.15,4
49.0,385.0,76.0833162433,2800.0,0.0012678017,16.67,0.15,4
49.0,98.0,175.699608366,1300.0,0.0043929295,11.11,0.15,4
49.0,100.0,150.132211363,5250.0,0.0018768403,22.22,0.15,4
49.0,377.0,57.3987186827,5250.0,0.0007175557,22.22,0.15,4
49.0,377.0,55.7898647671,2800.0,0.0009296452,16.67,0.15,4
50.0,98.0,156.8039179641,5250.0,0.001960245,22.22,0.15,4
51.0,52.0,132.9353684541,2800.0,0.0022151464,16.67,0.15,4
51.0,53.0,132.8903550133,2800.0,0.0022143964,16.67,0.15,4
51.0,138.0,55.154072279,2800.0,0.0009190507,16.67,0.15,4
51.0,654.0,133.4879693075,2800.0,0.0022243546,16.67,0.15,4
52.0,54.0,137.3914994582,2800.0,0.0022894004,16.67,0.15,4
52.0,55.0,136.4324851726,2800.0,0.0022734201,16.67,0.15,4
52.0,152.0,133.0881762085,5250.0,0.0016637686,22.22,0.15,4
53.0,183.0,133.3273674678,8750.0,0.0016667588,22.22,0.15,4
53.0,124.0,132.6893428878,2800.0,0.0022110468,16.67,0.15,4
53.0,152.0,132.6702470873,8750.0,0.0016585439,22.22,0.15,4
54.0,105.0,60.1685396917,2800.0,0.0010026085,16.67,0.15,4
54.0,106.0,133.5276651614,2800.0,0.0022250161,16.67,0.15,4
54.0,80.0,135.6958404397,2800.0,0.0022611451,16.67,0.15,4
55.0,56.0,133.8907758048,2800.0,0.0022310667,16.67,0.15,4
55.0,371.0,134.2498000682,2800.0,0.0022370493,16.67,0.15,4
55.0,80.0,137.610453525,2800.0,0.0022930489,16.67,0.15,4
56.0,57.0,138.1975781492,2800.0,0.0023028324,16.67,0.15,4
56.0,58.0,134.7742973025,2800.0,0.0022457891,16.67,0.15,4
56.0,938.0,102.9277932971,2800.0,0.0017151202,16.67,0.15,4
57.0,80.0,133.7867347732,2800.0,0.002229333,16.67,0.15,4
57.0,81.0,145.4713378026,2800.0,0.0024240375,16.67,0.15,4
57.0,369.0,132.2506533167,2800.0,0.0022037368,16.67,0.15,4
58.0,59.0,69.2983783987,5250.0,0.0008663164,22.22,0.15,4
58.0,367.0,135.0473871747,8750.0,0.0016882612,22.22,0.15,4
58.0,369.0,134.9515150556,8750.0,0.0016870626,22.22,0.15,4
59.0,60.0,83.1372530387,1300.0,0.0020786392,11.11,0.15,4
59.0,61.0,75.5350231396,2800.0,0.0012586653,16.67,0.15,4
60.0,109.0,140.073631148,1300.0,0.003502191,11.11,0.15,4
60.0,108.0,97.146311137,5250.0,0.0012144503,22.22,0.15,4
60.0,61.0,38.4723685163,5250.0,0.0004809527,22.22,0.15,4
61.0,325.0,125.8961559972,5250.0,0.0015738593,22.22,0.15,4
61.0,366.0,38.4072644537,5250.0,0.0004801388,22.22,0.15,4
62.0,63.0,79.2710498805,2800.0,0.00132092,16.67,0.15,4
62.0,64.0,59.8424831917,2800.0,0.0009971753,16.67,0.15,4
63.0,65.0,159.3150442385,2800.0,0.0026547198,16.67,0.15,4
63.0,66.0,103.4817557142,2800.0,0.0017243511,16.67,0.15,4
63.0,401.0,64.7749237005,2800.0,0.0010793662,16.67,0.15,4
64.0,402.0,51.3768737949,2800.0,0.00085611,16.67,0.15,4
64.0,401.0,78.9062611107,2800.0,0.0013148414,16.67,0.15,4
65.0,361.0,121.5464946939,2800.0,0.0020253698,16.67,0.15,4
65.0,364.0,88.6371265039,2800.0,0.00147699,16.67,0.15,4
66.0,67.0,135.8616525485,5250.0,0.0016984405,22.22,0.15,4
66.0,68.0,135.1311596834,2800.0,0.0022517356,16.67,0.15,4
66.0,364.0,151.4906663809,5250.0,0.0018938227,22.22,0.15,4
67.0,404.0,116.1353604208,1300.0,0.0029036744,11.11,0.15,4
67.0,570.0,63.9513777427,5250.0,0.0007994722,22.22,0.15,4
67.0,370.0,133.9277479782,1300.0,0.0033485286,11.11,0.15,4
68.0,69.0,150.6841719786,2800.0,0.0025109007,16.67,0.15,4
68.0,70.0,130.3486222706,2800.0,0.0021720426,16.67,0.15,4
68.0,370.0,135.6090151123,2800.0,0.0022596983,16.67,0.15,4
69.0,363.0,126.4472551744,2800.0,0.0021070328,16.67,0.15,4
69.0,364.0,135.2060958481,2800.0,0.0022529843,16.67,0.15,4
69.0,296.0,129.8982530177,2800.0,0.002164538,16.67,0.15,4
70.0,71.0,135.0458054612,2800.0,0.0022503134,16.67,0.15,4
70.0,72.0,135.3483548882,2800.0,0.0022553548,16.67,0.15,4
70.0,296.0,153.7906372047,2800.0,0.0025626648,16.67,0.15,4
71.0,73.0,152.4087147313,5250.0,0.0019052995,22.22,0.15,4
71.0,74.0,68.5971493168,2800.0,0.0011430572,16.67,0.15,4
71.0,149.0,134.5510343286,5250.0,0.0016820561,22.22,0.15,4
72.0,370.0,134.3251970181,2800.0,0.0022383056,16.67,0.15,4
72.0,143.0,135.0310171012,2800.0,0.0022500669,16.67,0.15,4
72.0,294.0,65.3529364434,2800.0,0.0010889978,16.67,0.15,4
73.0,295.0,127.4082949913,5250.0,0.001592763,22.22,0.15,4
73.0,296.0,134.8735271511,2800.0,0.0022474426,16.67,0.15,4
73.0,585.0,67.5126478139,2800.0,0.0011249858,16.67,0.15,4
74.0,584.0,65.4340272272,2800.0,0.0010903491,16.67,0.15,4
74.0,585.0,152.3303567682,1300.0,0.0038086398,11.11,0.15,4
75.0,76.0,54.1520343101,5250.0,0.0006769681,22.22,0.15,4
75.0,77.0,134.0262884622,1300.0,0.0033509923,11.11,0.15,4
75.0,216.0,57.257158332,5250.0,0.0007157861,22.22,0.15,4
75.0,584.0,133.8373755407,1300.0,0.003346269,11.11,0.15,4
76.0,213.0,76.9855411047,5250.0,0.0009624155,22.22,0.15,4
76.0,185.0,134.2954444808,1300.0,0.0033577219,11.11,0.15,4
77.0,78.0,132.7230423086,2800.0,0.0022116084,16.67,0.15,4
77.0,79.0,54.7910197958,5250.0,0.0006849562,22.22,0.15,4
77.0,185.0,56.4126319447,5250.0,0.0007052284,22.22,0.15,4
78.0,938.0,30.7051563303,2800.0,0.0005116503,16.67,0.15,4
78.0,790.0,64.7395072416,10500.0,0.0008093248,22.22,0.15,4
78.0,372.0,159.8195609725,2800.0,0.0026631267,16.67,0.15,4
78.0,367.0,150.9522776887,10500.0,0.0018870922,22.22,0.15,4
79.0,187.0,94.1361569218,5250.0,0.0011768196,22.22,0.15,4
79.0,216.0,134.222449057,1300.0,0.0033558968,11.11,0.15,4
80.0,714.0,62.9767249939,2800.0,0.0010494022,16.67,0.15,4
81.0,713.0,135.8228462059,8750.0,0.0016979554,22.22,0.15,4
81.0,713.0,172.3589518899,1300.0,0.0043094047,11.11,0.15,4
82.0,812.0,197.8097552415,2800.0,0.00329617,16.67,0.15,4
83.0,84.0,134.3204843978,5250.0,0.001679174,22.22,0.15,4
83.0,85.0,131.0621507984,2800.0,0.0021839324,16.67,0.15,4
83.0,261.0,132.6871070659,5250.0,0.0016587547,22.22,0.15,4
84.0,673.0,132.9777732299,5250.0,0.0016623884,22.22,0.15,4
84.0,257.0,126.1711467479,2800.0,0.002102432,16.67,0.15,4
85.0,86.0,186.6873551871,1300.0,0.0046676506,11.11,0.15,4
85.0,87.0,132.4258507717,2800.0,0.0022066562,16.67,0.15,4
85.0,261.0,192.6869402462,1300.0,0.0048176553,11.11,0.15,4
85.0,259.0,126.3954738108,7000.0,0.0015801014,22.22,0.15,4
85.0,91.0,177.9691814172,1300.0,0.0044496745,11.11,0.15,4
85.0,257.0,140.908474685,2800.0,0.002348005,16.67,0.15,4
86.0,257.0,118.1282887971,2800.0,0.0019684111,16.67,0.15,4
86.0,258.0,140.3056344371,1300.0,0.0035079917,11.11,0.15,4
87.0,88.0,129.3574405249,2800.0,0.0021555262,16.67,0.15,4
87.0,89.0,129.7021761101,2800.0,0.0021612707,16.67,0.15,4
87.0,91.0,114.7795988835,5250.0,0.0014348885,22.22,0.15,4
88.0,90.0,129.3070376136,2800.0,0.0021546864,16.67,0.15,4
88.0,91.0,253.029838841,2800.0,0.0042163207,16.67,0.15,4
88.0,92.0,149.6807423992,2800.0,0.0024941802,16.67,0.15,4
89.0,90.0,141.2208896286,2800.0,0.0023532109,16.67,0.15,4
89.0,259.0,148.4008151662,5250.0,0.0018551957,22.22,0.15,4
89.0,693.0,137.2440671325,2800.0,0.0022869437,16.67,0.15,4
90.0,449.0,161.2760252333,2800.0,0.0026873963,16.67,0.15,4
90.0,450.0,135.1898824721,2800.0,0.0022527142,16.67,0.15,4
91.0,258.0,157.2590803804,7000.0,0.0019659351,22.22,0.15,4
92.0,93.0,133.759607584,2800.0,0.002228881,16.67,0.15,4
92.0,449.0,129.2572648773,2800.0,0.002153857,16.67,0.15,4
93.0,94.0,130.9020742047,2800.0,0.002181265,16.67,0.15,4
93.0,95.0,233.9040715413,2800.0,0.0038976217,16.67,0.15,4
94.0,634.0,229.0262802732,2800.0,0.0038163414,16.67,0.15,4
94.0,819.0,88.6568715093,2800.0,0.0014773191,16.67,0.15,4
94.0,449.0,145.4429237837,5250.0,0.0018182184,22.22,0.15,4
95.0,96.0,853.5705518815,1300.0,0.0213413979,11.11,0.15,4
95.0,635.0,82.6290240736,2800.0,0.001376875,16.67,0.15,4
95.0,634.0,136.8116472052,1300.0,0.0034206332,11.11,0.15,4
96.0,731.0,107.3562087495,2800.0,0.0017889124,16.67,0.15,4
96.0,432.0,194.036079493,7000.0,0.0024256936,22.22,0.15,4
96.0,235.0,218.7133096355,2800.0,0.0036444929,16.67,0.15,4
96.0,234.0,309.5295537948,1300.0,0.0077390127,11.11,0.15,4
97.0,98.0,150.3763212497,5250.0,0.001879892,22.22,0.15,4
97.0,100.0,135.7944646357,2800.0,0.0022627885,16.67,0.15,4
97.0,948.0,116.7522274038,5250.0,0.0014595488,22.22,0.15,4
98.0,377.0,87.8152139683,8750.0,0.0010978,22.22,0.15,4
99.0,100.0,132.8151449524,2800.0,0.0022131431,16.67,0.15,4
99.0,101.0,149.4594249006,2800.0,0.0024904923,16.67,0.15,4
99.0,828.0,119.1751398868,2800.0,0.0019858552,16.67,0.15,4
99.0,947.0,116.3963316395,2800.0,0.001939551,16.67,0.15,4
100.0,945.0,115.4024848116,5250.0,0.0014426753,22.22,0.15,4
101.0,385.0,63.2167938821,8750.0,0.000790289,22.22,0.15,4
101.0,827.0,153.223046984,1300.0,0.0038309593,11.11,0.15,4
102.0,103.0,151.2626730956,2800.0,0.0025205404,16.67,0.15,4
102.0,104.0,113.924416394,2800.0,0.0018983606,16.67,0.15,4
102.0,139.0,130.7595723208,2800.0,0.0021788904,16.67,0.15,4
102.0,951.0,116.2275138852,2800.0,0.0019367379,16.67,0.15,4
103.0,827.0,155.8561496999,1300.0,0.0038967934,11.11,0.15,4
103.0,655.0,92.8041591172,1300.0,0.002320336,11.11,0.15,4
103.0,657.0,101.7084747932,7000.0,0.0012714831,22.22,0.15,4
104.0,828.0,37.304904263,2800.0,0.0006216241,16.67,0.15,4
104.0,951.0,271.5179187331,1300.0,0.0067886268,11.11,0.15,4
105.0,714.0,141.2963953453,2800.0,0.002354469,16.67,0.15,4
105.0,712.0,86.0405517148,2800.0,0.0014337225,16.67,0.15,4
105.0,784.0,139.7247724222,2800.0,0.0023282806,16.67,0.15,4
106.0,138.0,82.2583976144,2800.0,0.0013706992,16.67,0.15,4
106.0,139.0,133.7709111048,2800.0,0.0022290694,16.67,0.15,4
106.0,784.0,57.3843415581,2800.0,0.0009562144,16.67,0.15,4
107.0,108.0,128.255229336,2800.0,0.0021371597,16.67,0.15,4
107.0,109.0,37.1998548419,5250.0,0.0004650447,22.22,0.15,4
107.0,710.0,151.4431473923,5250.0,0.0018932287,22.22,0.15,4
108.0,368.0,146.5380068448,7000.0,0.0018319083,22.22,0.15,4
108.0,369.0,143.5516139844,2800.0,0.0023920485,16.67,0.15,4
109.0,330.0,143.7412854058,1300.0,0.0035938915,11.11,0.15,4
109.0,791.0,32.8428498886,5250.0,0.0004105767,22.22,0.15,4
110.0,111.0,30.804416595,2800.0,0.0005133043,16.67,0.15,4
110.0,112.0,62.1915366661,2800.0,0.0010363183,16.67,0.15,4
110.0,114.0,141.8219221151,2800.0,0.0023632261,16.67,0.15,4
111.0,641.0,81.492997991,2800.0,0.001357945,16.67,0.15,4
111.0,569.0,31.590272062,2800.0,0.0005263993,16.67,0.15,4
112.0,548.0,56.7327425468,5250.0,0.0007092302,22.22,0.15,4
112.0,566.0,54.9184625022,2800.0,0.0009151247,16.67,0.15,4
113.0,114.0,132.2330052124,2800.0,0.0022034427,16.67,0.15,4
113.0,115.0,63.8166800295,2800.0,0.0010633987,16.67,0.15,4
113.0,116.0,134.2965000843,2800.0,0.0022378274,16.67,0.15,4
113.0,603.0,68.1123956954,2800.0,0.0011349796,16.67,0.15,4
114.0,568.0,68.7004376256,5250.0,0.0008588414,22.22,0.15,4
114.0,142.0,61.8848198358,5250.0,0.0007736376,22.22,0.15,4
115.0,146.0,134.4165570021,2800.0,0.002239828,16.67,0.15,4
115.0,142.0,132.4012035353,2800.0,0.0022062455,16.67,0.15,4
115.0,141.0,64.195922803,2800.0,0.0010697181,16.67,0.15,4
116.0,117.0,66.6859940003,2800.0,0.001111211,16.67,0.15,4
116.0,118.0,132.5772867979,2800.0,0.0022091796,16.67,0.15,4
116.0,146.0,66.3212283303,2800.0,0.0011051328,16.67,0.15,4
117.0,650.0,47.6406003203,2800.0,0.0007938512,16.67,0.15,4
117.0,603.0,132.8749355738,2800.0,0.0022141394,16.67,0.15,4
118.0,119.0,67.4164233142,5250.0,0.0008427896,22.22,0.15,4
118.0,120.0,132.6056925567,2800.0,0.0022096529,16.67,0.15,4
118.0,648.0,117.4176588499,5250.0,0.0014678675,22.22,0.15,4
119.0,147.0,61.483335137,5250.0,0.0007686186,22.22,0.15,4
119.0,146.0,133.0707336819,2800.0,0.0022174021,16.67,0.15,4
120.0,121.0,117.9233280936,1300.0,0.002948378,11.11,0.15,4
120.0,122.0,134.3657043517,2800.0,0.0022389806,16.67,0.15,4
120.0,148.0,130.9193349023,1300.0,0.0032733107,11.11,0.15,4
121.0,648.0,132.236942462,2800.0,0.0022035083,16.67,0.15,4
121.0,123.0,141.5531823676,2800.0,0.002358748,16.67,0.15,4
122.0,123.0,124.6774317714,5250.0,0.0015586238,22.22,0.15,4
122.0,125.0,85.6965690151,2800.0,0.0014279906,16.67,0.15,4
122.0,150.0,131.3856399137,5250.0,0.0016424847,22.22,0.15,4
123.0,652.0,53.0735675055,5250.0,0.0006634859,22.22,0.15,4
123.0,125.0,149.0768009845,2800.0,0.0024841165,16.67,0.15,4
123.0,653.0,48.9497065379,2800.0,0.0008156653,16.67,0.15,4
124.0,125.0,49.6792848001,2800.0,0.0008278225,16.67,0.15,4
124.0,126.0,69.6961789148,5250.0,0.0008712894,22.22,0.15,4
124.0,165.0,133.9282723759,5250.0,0.0016742708,22.22,0.15,4
125.0,126.0,92.4290460534,2800.0,0.0015401761,16.67,0.15,4
125.0,653.0,160.1091925424,1300.0,0.0040031301,11.11,0.15,4
125.0,780.0,162.3473194065,2800.0,0.0027052476,16.67,0.15,4
126.0,780.0,62.6358818634,5250.0,0.0007830268,22.22,0.15,4
126.0,781.0,70.6061264728,2800.0,0.0011765335,16.67,0.15,4
127.0,128.0,133.046747451,2800.0,0.0022170024,16.67,0.15,4
127.0,129.0,119.6876006214,2800.0,0.0019943945,16.67,0.15,4
128.0,131.0,130.7159773352,2800.0,0.002178164,16.67,0.15,4
129.0,130.0,133.6159220659,2800.0,0.0022264867,16.67,0.15,4
129.0,131.0,150.3295561114,2800.0,0.0025049916,16.67,0.15,4
129.0,132.0,139.9041369659,2800.0,0.0023312694,16.67,0.15,4
130.0,673.0,129.4196805658,2800.0,0.0021565634,16.67,0.15,4
131.0,170.0,171.2326317412,5250.0,0.002140622,22.22,0.15,4
131.0,666.0,233.9924688014,5250.0,0.0029251984,22.22,0.15,4
131.0,133.0,161.9682349555,5250.0,0.0020248054,22.22,0.15,4
131.0,613.0,117.4268575295,5250.0,0.0014679825,22.22,0.15,4
132.0,133.0,86.4387953139,2800.0,0.0014403585,16.67,0.15,4
132.0,134.0,127.0670674259,2800.0,0.002117361,16.67,0.15,4
132.0,673.0,135.2821546311,5250.0,0.0016911961,22.22,0.15,4
133.0,817.0,128.2179735125,5250.0,0.001602885,22.22,0.15,4
134.0,135.0,132.3650513313,2800.0,0.0022056431,16.67,0.15,4
134.0,136.0,131.3881875244,2800.0,0.0021893653,16.67,0.15,4
134.0,817.0,87.1129611879,1300.0,0.0021780418,11.11,0.15,4
135.0,257.0,133.416930987,2800.0,0.0022231709,16.67,0.15,4
135.0,258.0,131.5529029576,1300.0,0.0032891515,11.11,0.15,4
135.0,673.0,125.8409020959,1300.0,0.0031463372,11.11,0.15,4
136.0,137.0,95.7874057501,1300.0,0.0023949246,11.11,0.15,4
136.0,258.0,145.1769925255,7000.0,0.0018148939,22.22,0.15,4
137.0,669.0,101.2765698793,2800.0,0.0016876053,16.67,0.15,4
137.0,817.0,132.7740366101,5250.0,0.0016598414,22.22,0.15,4
138.0,852.0,128.6089614971,2800.0,0.0021430541,16.67,0.15,4
139.0,852.0,84.5342264465,2800.0,0.001408622,16.67,0.15,4
139.0,655.0,140.8638937451,2800.0,0.0023472621,16.67,0.15,4
139.0,654.0,144.5661842374,2800.0,0.0024089546,16.67,0.15,4
139.0,656.0,142.3860757682,2800.0,0.0023726267,16.67,0.15,4
140.0,141.0,132.7868172128,2800.0,0.0022126711,16.67,0.15,4
140.0,142.0,65.616179289,5250.0,0.0008202843,22.22,0.15,4
140.0,570.0,70.9919662074,5250.0,0.0008874883,22.22,0.15,4
140.0,639.0,136.6578616379,2800.0,0.0022771756,16.67,0.15,4
141.0,143.0,134.9534934592,2800.0,0.0022487751,16.67,0.15,4
141.0,144.0,71.367636806,2800.0,0.0011892228,16.67,0.15,4
142.0,569.0,135.4578961344,2800.0,0.0022571802,16.67,0.15,4
143.0,145.0,65.4443398185,2800.0,0.0010905209,16.67,0.15,4
143.0,146.0,61.7958084938,2800.0,0.0010297242,16.67,0.15,4
144.0,370.0,63.5544510165,2800.0,0.001059029,16.67,0.15,4
144.0,570.0,132.9466801282,2800.0,0.0022153349,16.67,0.15,4
145.0,147.0,66.7114986419,2800.0,0.001111636,16.67,0.15,4
145.0,294.0,135.7502113996,1300.0,0.0033940947,11.11,0.15,4
147.0,148.0,133.713912675,1300.0,0.0033431821,11.11,0.15,4
147.0,149.0,135.4653825874,5250.0,0.0016934866,22.22,0.15,4
148.0,150.0,133.5157357648,1300.0,0.0033382272,11.11,0.15,4
148.0,214.0,133.4839831122,1300.0,0.0033374333,11.11,0.15,4
149.0,294.0,65.7422947619,2800.0,0.0010954858,16.67,0.15,4
149.0,214.0,135.458079825,2800.0,0.0022571832,16.67,0.15,4
150.0,151.0,62.79543677,2800.0,0.0010463813,16.67,0.15,4
150.0,213.0,135.5023467744,5250.0,0.0016939487,22.22,0.15,4
151.0,186.0,135.9390013159,1300.0,0.0033988149,11.11,0.15,4
151.0,780.0,73.6537260069,1300.0,0.0018415273,11.11,0.15,4
152.0,371.0,135.4801910759,10500.0,0.0016936718,22.22,0.15,4
152.0,781.0,101.6138180499,5250.0,0.0012702998,22.22,0.15,4
153.0,154.0,53.5706743001,2800.0,0.000892666,16.67,0.15,4
153.0,155.0,161.6233486158,1300.0,0.0040409878,11.11,0.15,4
153.0,549.0,65.0022811718,1300.0,0.0016252196,11.11,0.15,4
154.0,552.0,89.3958787977,2800.0,0.0014896334,16.67,0.15,4
154.0,550.0,63.4347027108,2800.0,0.0010570336,16.67,0.15,4
154.0,553.0,82.3027157802,2800.0,0.0013714376,16.67,0.15,4
155.0,156.0,50.2960460396,2800.0,0.0008380998,16.67,0.15,4
155.0,157.0,66.9803027837,2800.0,0.0011161152,16.67,0.15,4
155.0,567.0,111.9232956753,5250.0,0.0013991811,22.22,0.15,4
156.0,768.0,30.6870253687,2800.0,0.0005113482,16.67,0.15,4
156.0,554.0,56.8659032998,2800.0,0.0009475755,16.67,0.15,4
157.0,554.0,60.5640380823,2800.0,0.0010091988,16.67,0.15,4
157.0,395.0,119.6682173311,2800.0,0.0019940715,16.67,0.15,4
157.0,553.0,73.5166713681,2800.0,0.0012250328,16.67,0.15,4
158.0,159.0,111.9381511555,7000.0,0.0013993668,22.22,0.15,4
158.0,160.0,132.7450054324,2800.0,0.0022119744,16.67,0.15,4
158.0,174.0,133.6827017355,7000.0,0.0016712009,22.22,0.15,4
158.0,527.0,135.1245270835,2800.0,0.0022516251,16.67,0.15,4
159.0,652.0,258.1599026558,2800.0,0.0043018047,16.67,0.15,4
159.0,648.0,39.8825696656,7000.0,0.000498582,22.22,0.15,4
159.0,651.0,137.840919596,2800.0,0.0022968893,16.67,0.15,4
160.0,161.0,152.6235950771,1300.0,0.0038159715,11.11,0.15,4
160.0,162.0,100.0572551506,5250.0,0.0012508408,22.22,0.15,4
161.0,174.0,153.6627842437,2800.0,0.0025605343,16.67,0.15,4
161.0,162.0,179.9715348018,2800.0,0.0029989258,16.67,0.15,4
161.0,163.0,120.7135406245,2800.0,0.00201149,16.67,0.15,4
162.0,163.0,150.8087196252,5250.0,0.0018852975,22.22,0.15,4
162.0,164.0,169.4283875598,5250.0,0.0021180667,22.22,0.15,4
162.0,789.0,67.0531099,2800.0,0.0011173284,16.67,0.15,4
162.0,652.0,174.4336857618,1300.0,0.0043612783,11.11,0.15,4
162.0,652.0,144.5598750648,1300.0,0.0036143583,11.11,0.15,4
163.0,949.0,32.184626809,5250.0,0.0004023481,22.22,0.15,4
164.0,165.0,131.2873558932,5250.0,0.0016412561,22.22,0.15,4
164.0,166.0,133.7700012176,2800.0,0.0022290542,16.67,0.15,4
164.0,950.0,119.2999180274,5250.0,0.0014913981,22.22,0.15,4
165.0,183.0,143.7404450414,2800.0,0.002395195,16.67,0.15,4
165.0,653.0,107.6249019352,2800.0,0.0017933897,16.67,0.15,4
166.0,167.0,116.7600340674,2800.0,0.0019456114,16.67,0.15,4
166.0,168.0,114.4135318717,8750.0,0.0014303122,22.22,0.15,4
166.0,183.0,131.1561316231,8750.0,0.0016396156,22.22,0.15,4
167.0,951.0,33.776739985,2800.0,0.0005628331,16.67,0.15,4
167.0,654.0,138.715799076,1300.0,0.0034682418,11.11,0.15,4
168.0,950.0,147.8045218692,2800.0,0.0024629161,16.67,0.15,4
168.0,933.0,40.5660706161,8750.0,0.0005071266,22.22,0.15,4
169.0,170.0,135.4875125354,5250.0,0.0016937633,22.22,0.15,4
171.0,172.0,66.3709093443,2800.0,0.0011059606,16.67,0.15,4
171.0,173.0,134.8272870497,7000.0,0.0016855096,22.22,0.15,4
171.0,174.0,134.2545394977,2800.0,0.0022371282,16.67,0.15,4
171.0,527.0,135.8770024056,5250.0,0.0016986324,22.22,0.15,4
172.0,532.0,73.7262982752,2800.0,0.0012285259,16.67,0.15,4
172.0,533.0,89.8986869417,2800.0,0.0014980118,16.67,0.15,4
172.0,589.0,164.5776761309,2800.0,0.0027424128,16.67,0.15,4
172.0,534.0,81.2747919465,2800.0,0.001354309,16.67,0.15,4
173.0,176.0,132.7007011952,2800.0,0.0022112361,16.67,0.15,4
173.0,384.0,148.7057803333,5250.0,0.0018590082,22.22,0.15,4
173.0,536.0,47.5424244995,2800.0,0.0007922153,16.67,0.15,4
174.0,176.0,135.370245661,7000.0,0.0016922973,22.22,0.15,4
175.0,674.0,62.9403514644,2800.0,0.0010487961,16.67,0.15,4
175.0,783.0,361.3030138611,2800.0,0.0060205128,16.67,0.15,4
177.0,378.0,135.6831549262,5250.0,0.0016962091,22.22,0.15,4
178.0,179.0,116.8651643231,5250.0,0.0014609607,22.22,0.15,4
178.0,180.0,130.9031246499,2800.0,0.0021812825,16.67,0.15,4
178.0,378.0,134.1126008732,5250.0,0.0016765752,22.22,0.15,4
179.0,950.0,32.7294617708,5250.0,0.0004091592,22.22,0.15,4
179.0,949.0,145.4439915162,2800.0,0.0024235818,16.67,0.15,4
180.0,181.0,118.1224059069,2800.0,0.0019683131,16.67,0.15,4
180.0,182.0,133.4765715802,8750.0,0.001668624,22.22,0.15,4
180.0,933.0,114.3833599028,8750.0,0.001429935,22.22,0.15,4
181.0,947.0,33.1708399811,2800.0,0.0005527368,16.67,0.15,4
181.0,933.0,264.7951640394,1300.0,0.0066205412,11.11,0.15,4
182.0,375.0,135.3902881214,8750.0,0.0016925479,22.22,0.15,4
182.0,378.0,131.4590823241,5250.0,0.0016434029,22.22,0.15,4
182.0,936.0,116.5632338774,5250.0,0.0014571861,22.22,0.15,4
183.0,654.0,144.3005376704,2800.0,0.0024045281,16.67,0.15,4
184.0,185.0,77.1711352885,5250.0,0.0009647357,22.22,0.15,4
184.0,186.0,72.1508333552,2800.0,0.0012022734,16.67,0.15,4
184.0,372.0,84.8642675734,2800.0,0.0014141216,16.67,0.15,4
184.0,780.0,136.1263879953,5250.0,0.00170175,22.22,0.15,4
186.0,213.0,62.0851420315,2800.0,0.0010345455,16.67,0.15,4
187.0,188.0,130.6467684621,5250.0,0.0016332479,22.22,0.15,4
187.0,597.0,50.8040844294,2800.0,0.0008465654,16.67,0.15,4
188.0,189.0,52.9040044708,5250.0,0.0006613662,22.22,0.15,4
188.0,190.0,126.3040314114,5250.0,0.0015789583,22.22,0.15,4
188.0,215.0,133.2429665112,5250.0,0.0016657037,22.22,0.15,4
189.0,360.0,81.3159004186,5250.0,0.0010165504,22.22,0.15,4
189.0,597.0,130.768102468,2800.0,0.0021790326,16.67,0.15,4
190.0,191.0,129.5310235825,5250.0,0.0016192997,22.22,0.15,4
190.0,192.0,131.932060359,2800.0,0.002198428,16.67,0.15,4
190.0,359.0,133.501872259,5250.0,0.0016689403,22.22,0.15,4
191.0,193.0,118.0664880969,5250.0,0.0014759787,22.22,0.15,4
191.0,194.0,133.4398669504,5250.0,0.0016681652,22.22,0.15,4
191.0,220.0,132.8268828144,5250.0,0.0016605021,22.22,0.15,4
192.0,217.0,135.0256421168,2800.0,0.0022499774,16.67,0.15,4
192.0,218.0,62.9498684786,5250.0,0.0007869521,22.22,0.15,4
192.0,220.0,128.6561283658,5250.0,0.0016083624,22.22,0.15,4
193.0,219.0,152.9600434214,1300.0,0.0038243835,11.11,0.15,4
193.0,195.0,147.6677603605,2800.0,0.0024606372,16.67,0.15,4
193.0,196.0,146.0598061323,5250.0,0.0018259302,22.22,0.15,4
193.0,331.0,145.9191141854,2800.0,0.0024314989,16.67,0.15,4
194.0,855.0,39.0833911527,2800.0,0.0006512596,16.67,0.15,4
194.0,359.0,130.2013112961,8750.0,0.0016276792,22.22,0.15,4
194.0,921.0,88.8379952597,8750.0,0.001110586,22.22,0.15,4
195.0,221.0,79.439544832,2800.0,0.0013237277,16.67,0.15,4
195.0,219.0,65.1070174115,5250.0,0.0008139191,22.22,0.15,4
195.0,222.0,132.9132860669,5250.0,0.0016615822,22.22,0.15,4
196.0,197.0,101.5081288402,2800.0,0.0016914639,16.67,0.15,4
196.0,198.0,138.8692843566,5250.0,0.0017360397,22.22,0.15,4
196.0,222.0,134.3917567636,2800.0,0.0022394147,16.67,0.15,4
197.0,322.0,143.1974002385,2800.0,0.0023861461,16.67,0.15,4
197.0,321.0,31.7206372726,2800.0,0.0005285716,16.67,0.15,4
198.0,199.0,93.246892694,5250.0,0.0011657027,22.22,0.15,4
198.0,200.0,65.10763771,2800.0,0.0010849103,16.67,0.15,4
198.0,322.0,66.7225837882,2800.0,0.0011118207,16.67,0.15,4
199.0,201.0,214.3101017284,5250.0,0.0026791442,22.22,0.15,4
199.0,226.0,63.9231058085,1300.0,0.0015982375,11.11,0.15,4
200.0,223.0,70.1622293705,2800.0,0.0011691367,16.67,0.15,4
200.0,226.0,92.4578153982,1300.0,0.0023116766,11.11,0.15,4
201.0,202.0,116.7838185477,5250.0,0.0014599437,22.22,0.15,4
202.0,203.0,181.5149926717,5250.0,0.0022691643,22.22,0.15,4
202.0,595.0,102.4466507151,1300.0,0.0025614224,11.11,0.15,4
202.0,596.0,84.0310130349,5250.0,0.0010504927,22.22,0.15,4
202.0,873.0,219.1987451191,5250.0,0.0027402583,22.22,0.15,4
202.0,875.0,176.6115527954,5250.0,0.0022078652,22.22,0.15,4
203.0,204.0,156.3328747264,1300.0,0.0039087127,11.11,0.15,4
203.0,513.0,102.7959001933,5250.0,0.0012850773,22.22,0.15,4
203.0,922.0,146.0529129618,5250.0,0.001825844,22.22,0.15,4
203.0,230.0,117.1362060763,2800.0,0.0019518797,16.67,0.15,4
203.0,511.0,104.0905241648,2800.0,0.0017344952,16.67,0.15,4
203.0,923.0,213.3732745659,5250.0,0.0026674327,22.22,0.15,4
204.0,205.0,97.6250537785,1300.0,0.0024408704,11.11,0.15,4
204.0,206.0,192.7672975411,5250.0,0.0024098322,22.22,0.15,4
204.0,596.0,92.9087940796,5250.0,0.0011614761,22.22,0.15,4
205.0,206.0,167.9190734273,2800.0,0.0027980916,16.67,0.15,4
205.0,646.0,81.9430381631,2800.0,0.0013654442,16.67,0.15,4
206.0,207.0,269.8895511671,5250.0,0.0033739568,22.22,0.15,4
206.0,837.0,161.2756776798,2800.0,0.0026873905,16.67,0.15,4
206.0,803.0,130.7654224265,2800.0,0.0021789879,16.67,0.15,4
206.0,229.0,135.0142048188,5250.0,0.0016878463,22.22,0.15,4
207.0,208.0,135.9262349812,2800.0,0.0022649843,16.67,0.15,4
207.0,209.0,134.7038392762,2800.0,0.0022446151,16.67,0.15,4
207.0,231.0,153.4106019481,2800.0,0.0025563321,16.67,0.15,4
208.0,753.0,255.2612193084,1300.0,0.0063821687,11.11,0.15,4
208.0,753.0,252.8382813162,2800.0,0.0042131287,16.67,0.15,4
208.0,737.0,137.9459253596,5250.0,0.0017244965,22.22,0.15,4
209.0,804.0,155.6489380845,2800.0,0.0025936302,16.67,0.15,4
209.0,737.0,156.4861698917,2800.0,0.0026075813,16.67,0.15,4
209.0,816.0,133.2787472576,2800.0,0.0022208683,16.67,0.15,4
210.0,212.0,83.7774016728,5250.0,0.0010473223,22.22,0.15,4
210.0,787.0,143.572438216,1300.0,0.0035896699,11.11,0.15,4
211.0,378.0,134.945407663,7000.0,0.0016869863,22.22,0.15,4
211.0,375.0,134.4120301175,5250.0,0.0016803184,22.22,0.15,4
211.0,788.0,72.2197346305,7000.0,0.000902837,22.22,0.15,4
212.0,788.0,133.0907730359,2800.0,0.002217736,16.67,0.15,4
213.0,214.0,132.8566354333,2800.0,0.0022138345,16.67,0.15,4
214.0,584.0,133.2992094602,1300.0,0.0033328135,11.11,0.15,4
215.0,216.0,223.7780301726,5250.0,0.0027975051,22.22,0.15,4
215.0,218.0,65.3983728294,5250.0,0.0008175614,22.22,0.15,4
215.0,358.0,133.7126689333,5250.0,0.0016715755,22.22,0.15,4
217.0,357.0,70.5319082334,2800.0,0.0011752967,16.67,0.15,4
217.0,358.0,129.0477336723,1300.0,0.003226516,11.11,0.15,4
217.0,301.0,141.2374971074,1300.0,0.0035312906,11.11,0.15,4
219.0,220.0,65.4991040746,5250.0,0.0008188207,22.22,0.15,4
219.0,301.0,153.2186311968,1300.0,0.0038308489,11.11,0.15,4
220.0,301.0,147.0258595213,2800.0,0.002449941,16.67,0.15,4
221.0,586.0,133.9505835893,1300.0,0.0033490995,11.11,0.15,4
221.0,345.0,56.1852284946,2800.0,0.0009362332,16.67,0.15,4
222.0,223.0,139.1218952871,5250.0,0.0017391976,22.22,0.15,4
222.0,586.0,77.4124762991,2800.0,0.0012899499,16.67,0.15,4
223.0,224.0,126.9685554164,2800.0,0.0021157194,16.67,0.15,4
223.0,225.0,93.9981720047,5250.0,0.0011750947,22.22,0.15,4
224.0,310.0,94.2142381562,1300.0,0.0023555915,11.11,0.15,4
224.0,311.0,133.5499032382,2800.0,0.0022253866,16.67,0.15,4
224.0,304.0,138.7491515608,1300.0,0.0034690757,11.11,0.15,4
225.0,226.0,70.7538347107,1300.0,0.0017690228,11.11,0.15,4
225.0,227.0,309.0506607853,5250.0,0.0038635196,22.22,0.15,4
225.0,310.0,122.0432570574,1300.0,0.0030513866,11.11,0.15,4
227.0,228.0,129.8215701286,1300.0,0.0032458638,11.11,0.15,4
227.0,513.0,38.4740627669,5250.0,0.0004809739,22.22,0.15,4
228.0,514.0,45.1207531782,2800.0,0.0007518622,16.67,0.15,4
228.0,291.0,58.2129691326,2800.0,0.0009700221,16.67,0.15,4
228.0,508.0,89.3244667363,1300.0,0.002233335,11.11,0.15,4
229.0,230.0,133.7804008453,2800.0,0.0022292275,16.67,0.15,4
229.0,232.0,136.8785000917,7000.0,0.0017111524,22.22,0.15,4
229.0,755.0,134.8309502986,5250.0,0.0016855554,22.22,0.15,4
230.0,922.0,99.6152968336,1300.0,0.0024906315,11.11,0.15,4
231.0,232.0,144.8382503761,7000.0,0.0018106592,22.22,0.15,4
231.0,753.0,179.4148384164,1300.0,0.0044858195,11.11,0.15,4
231.0,754.0,112.5233554225,2800.0,0.0018750143,16.67,0.15,4
231.0,837.0,153.8851759663,2800.0,0.0025642401,16.67,0.15,4
232.0,756.0,145.966061658,1300.0,0.0036495165,11.11,0.15,4
232.0,837.0,48.3505355586,2800.0,0.0008056811,16.67,0.15,4
233.0,234.0,143.7704334184,2800.0,0.0023956948,16.67,0.15,4
233.0,679.0,200.3463074323,2800.0,0.0033384374,16.67,0.15,4
233.0,683.0,127.5076726004,2800.0,0.0021247029,16.67,0.15,4
234.0,235.0,102.8970635139,2800.0,0.0017146081,16.67,0.15,4
234.0,235.0,89.9527571819,2800.0,0.0014989128,16.67,0.15,4
234.0,682.0,107.4639226905,5250.0,0.0013434334,22.22,0.15,4
236.0,237.0,131.481133796,5250.0,0.0016436785,22.22,0.15,4
236.0,238.0,131.9468242842,1300.0,0.0032990005,11.11,0.15,4
236.0,695.0,135.435413297,5250.0,0.001693112,22.22,0.15,4
237.0,486.0,131.5975194044,2800.0,0.0021928534,16.67,0.15,4
237.0,487.0,133.1561237602,5250.0,0.001664618,22.22,0.15,4
238.0,239.0,135.7149950087,5250.0,0.0016966071,22.22,0.15,4
238.0,240.0,134.6709513878,1300.0,0.0033671105,11.11,0.15,4
238.0,486.0,130.1313235805,5250.0,0.0016268042,22.22,0.15,4
239.0,520.0,134.4033511466,5250.0,0.0016802099,22.22,0.15,4
239.0,519.0,135.0328939299,5250.0,0.00168808,22.22,0.15,4
239.0,695.0,136.6667805567,5250.0,0.0017085056,22.22,0.15,4
240.0,241.0,128.6706462948,2800.0,0.002144082,16.67,0.15,4
240.0,242.0,130.9254400449,2800.0,0.0021816543,16.67,0.15,4
240.0,519.0,135.7085143363,2800.0,0.0022613563,16.67,0.15,4
241.0,488.0,131.7327986016,2800.0,0.0021951076,16.67,0.15,4
241.0,625.0,134.8946448358,2800.0,0.0022477945,16.67,0.15,4
241.0,486.0,134.9885889298,1300.0,0.0033750522,11.11,0.15,4
242.0,243.0,134.208057461,2800.0,0.0022363537,16.67,0.15,4
242.0,488.0,127.7622295808,5250.0,0.0015971876,22.22,0.15,4
243.0,244.0,139.4606282285,5250.0,0.0017434322,22.22,0.15,4
243.0,260.0,133.1848230963,5250.0,0.0016649768,22.22,0.15,4
243.0,617.0,43.307908951,2800.0,0.0007216542,16.67,0.15,4
244.0,489.0,137.1236246039,2800.0,0.0022849368,16.67,0.15,4
244.0,686.0,139.377953978,2800.0,0.0023225014,16.67,0.15,4
244.0,626.0,133.229320153,5250.0,0.0016655331,22.22,0.15,4
244.0,626.0,137.2780001088,1300.0,0.0034322932,11.11,0.15,4
244.0,488.0,148.9675486728,2800.0,0.002482296,16.67,0.15,4
244.0,617.0,144.0164469927,2800.0,0.0023997942,16.67,0.15,4
245.0,246.0,124.287478721,2800.0,0.0020710438,16.67,0.15,4
245.0,247.0,130.594473177,2800.0,0.0021761393,16.67,0.15,4
245.0,250.0,137.2206121335,2800.0,0.0022865529,16.67,0.15,4
245.0,454.0,63.607760939,2800.0,0.0010599174,16.67,0.15,4
246.0,456.0,134.3750725366,2800.0,0.0022391367,16.67,0.15,4
246.0,457.0,131.9334152389,2800.0,0.0021984506,16.67,0.15,4
246.0,489.0,137.3848017408,2800.0,0.0022892888,16.67,0.15,4
247.0,617.0,91.535446289,2800.0,0.0015252857,16.67,0.15,4
247.0,684.0,62.5077511346,2800.0,0.0010415875,16.67,0.15,4
247.0,489.0,124.9768039943,2800.0,0.0020825302,16.67,0.15,4
248.0,249.0,49.6922805635,2800.0,0.0008280391,16.67,0.15,4
248.0,250.0,134.8000040743,2800.0,0.0022462175,16.67,0.15,4
248.0,251.0,184.3071141394,2800.0,0.003071171,16.67,0.15,4
248.0,438.0,132.4915006725,2800.0,0.0022077501,16.67,0.15,4
249.0,440.0,72.811345232,2800.0,0.0012132798,16.67,0.15,4
249.0,490.0,170.6315494135,2800.0,0.0028432905,16.67,0.15,4
250.0,455.0,132.4214620024,2800.0,0.0022065831,16.67,0.15,4
250.0,457.0,122.8050111263,2800.0,0.0020463409,16.67,0.15,4
251.0,252.0,155.8952584245,2800.0,0.0025977348,16.67,0.15,4
251.0,253.0,141.11927655,2800.0,0.0023515176,16.67,0.15,4
251.0,490.0,79.478448143,2800.0,0.0013243759,16.67,0.15,4
252.0,715.0,172.8742142612,2800.0,0.0028806608,16.67,0.15,4
252.0,438.0,194.2020282894,2800.0,0.0032360533,16.67,0.15,4
253.0,491.0,151.5072208743,2800.0,0.0025246154,16.67,0.15,4
253.0,490.0,61.7239350973,2800.0,0.0010285265,16.67,0.15,4
253.0,440.0,174.8447478151,2800.0,0.0029134964,16.67,0.15,4
254.0,255.0,385.3431585823,5250.0,0.0048172712,22.22,0.15,4
254.0,711.0,111.6992196579,2800.0,0.0018612814,16.67,0.15,4
255.0,256.0,102.9156028393,7000.0,0.0012865737,22.22,0.15,4
256.0,471.0,143.3222624747,5250.0,0.0017917075,22.22,0.15,4
256.0,479.0,135.2955638113,5250.0,0.0016913637,22.22,0.15,4
259.0,260.0,413.7937948482,5250.0,0.0051729397,22.22,0.15,4
259.0,261.0,142.5523608992,5250.0,0.0017820827,22.22,0.15,4
260.0,262.0,76.952256285,2800.0,0.0012822811,16.67,0.15,4
260.0,615.0,132.0257265655,2800.0,0.0021999888,16.67,0.15,4
261.0,698.0,189.2604996927,2800.0,0.0031537109,16.67,0.15,4
261.0,670.0,257.9789813166,5250.0,0.0032250598,22.22,0.15,4
261.0,671.0,209.3650402744,2800.0,0.0034887196,16.67,0.15,4
261.0,765.0,138.5403893146,7000.0,0.0017319281,22.22,0.15,4
262.0,616.0,62.1229833506,2800.0,0.001035176,16.67,0.15,4
262.0,617.0,135.1292116875,2800.0,0.0022517032,16.67,0.15,4
262.0,618.0,165.6598111567,2800.0,0.0027604448,16.67,0.15,4
263.0,264.0,61.7205101961,2800.0,0.0010284695,16.67,0.15,4
263.0,265.0,128.3476702906,2800.0,0.0021387001,16.67,0.15,4
263.0,481.0,97.0045726896,2800.0,0.0016164196,16.67,0.15,4
263.0,929.0,271.3574268965,2800.0,0.0045217194,16.67,0.15,4
264.0,484.0,134.5624134488,1300.0,0.0033643968,11.11,0.15,4
264.0,908.0,110.9350512982,1300.0,0.0027736536,11.11,0.15,4
264.0,485.0,67.6962265483,2800.0,0.0011280448,16.67,0.15,4
265.0,266.0,109.1939491935,2800.0,0.0018195352,16.67,0.15,4
265.0,267.0,129.812938191,2800.0,0.0021631163,16.67,0.15,4
265.0,484.0,55.0940176811,2800.0,0.00091805,16.67,0.15,4
266.0,481.0,130.8257375639,2800.0,0.002179993,16.67,0.15,4
266.0,482.0,144.2313160056,2800.0,0.0024033746,16.67,0.15,4
266.0,475.0,132.9418784118,1300.0,0.0033238793,11.11,0.15,4
267.0,268.0,55.0229360784,2800.0,0.0009168656,16.67,0.15,4
267.0,269.0,137.7527634168,2800.0,0.0022954203,16.67,0.15,4
267.0,475.0,91.7962851754,2800.0,0.0015296322,16.67,0.15,4
268.0,910.0,69.8835986241,1300.0,0.0017472647,11.11,0.15,4
268.0,476.0,75.409458143,2800.0,0.001256573,16.67,0.15,4
269.0,270.0,67.4810633677,5250.0,0.0008435977,22.22,0.15,4
269.0,688.0,52.0980104283,5250.0,0.0006512903,22.22,0.15,4
270.0,475.0,137.4908516942,1300.0,0.0034376151,11.11,0.15,4
270.0,727.0,52.2284781688,5250.0,0.0006529213,22.22,0.15,4
271.0,272.0,144.6338172881,2800.0,0.0024100816,16.67,0.15,4
271.0,273.0,50.4631699991,5250.0,0.0006308527,22.22,0.15,4
271.0,281.0,39.675237758,5250.0,0.0004959901,22.22,0.15,4
272.0,274.0,72.8492465976,2800.0,0.0012139113,16.67,0.15,4
272.0,275.0,42.8738581157,2800.0,0.0007144214,16.67,0.15,4
272.0,502.0,40.4915648892,2800.0,0.0006747245,16.67,0.15,4
273.0,902.0,139.1066379219,1300.0,0.0034780137,11.11,0.15,4
273.0,497.0,97.1366707869,5250.0,0.0012143298,22.22,0.15,4
273.0,502.0,149.032228577,2800.0,0.0024833738,16.67,0.15,4
274.0,276.0,115.6792412628,2800.0,0.0019276018,16.67,0.15,4
274.0,277.0,40.6503117726,1300.0,0.0010163594,11.11,0.15,4
275.0,282.0,51.6546847465,2800.0,0.0008607393,16.67,0.15,4
275.0,281.0,143.8272509971,1300.0,0.0035960409,11.11,0.15,4
275.0,277.0,86.5280979096,2800.0,0.0014418466,16.67,0.15,4
276.0,278.0,123.0842548028,2800.0,0.002050994,16.67,0.15,4
276.0,279.0,39.9911604343,2800.0,0.0006663861,16.67,0.15,4
276.0,284.0,38.3912886164,2800.0,0.0006397269,16.67,0.15,4
277.0,283.0,47.9773382841,1300.0,0.0011995534,11.11,0.15,4
277.0,284.0,110.792265227,2800.0,0.0018461685,16.67,0.15,4
278.0,280.0,39.8413005143,2800.0,0.0006638889,16.67,0.15,4
278.0,509.0,39.5977822755,2800.0,0.0006598311,16.67,0.15,4
279.0,504.0,72.5087395356,2800.0,0.0012082373,16.67,0.15,4
279.0,505.0,78.338153976,2800.0,0.0013053748,16.67,0.15,4
279.0,509.0,125.9200724688,2800.0,0.0020982482,16.67,0.15,4
280.0,284.0,126.674817844,2800.0,0.0021108248,16.67,0.15,4
280.0,285.0,50.4464758207,2800.0,0.0008406065,16.67,0.15,4
280.0,286.0,75.6385971207,2800.0,0.0012603912,16.67,0.15,4
281.0,579.0,41.1327868608,5250.0,0.0005142113,22.22,0.15,4
282.0,283.0,104.7144818517,2800.0,0.0017448924,16.67,0.15,4
282.0,577.0,41.477825074,2800.0,0.0006911589,16.67,0.15,4
283.0,590.0,62.1459510763,1300.0,0.0015538042,11.11,0.15,4
283.0,592.0,68.9990180604,2800.0,0.0011497537,16.67,0.15,4
284.0,594.0,49.2920366392,2800.0,0.0008213697,16.67,0.15,4
285.0,608.0,58.9441092291,1300.0,0.0014737501,11.11,0.15,4
285.0,850.0,254.02797642,2800.0,0.004232953,16.67,0.15,4
285.0,594.0,134.5275059714,2800.0,0.0022416768,16.67,0.15,4
286.0,287.0,56.238315747,2800.0,0.0009371178,16.67,0.15,4
286.0,290.0,90.6187750366,2800.0,0.0015100109,16.67,0.15,4
287.0,288.0,89.5893711821,2800.0,0.0014928576,16.67,0.15,4
288.0,289.0,88.906670776,2800.0,0.0014814815,16.67,0.15,4
288.0,290.0,66.1589133371,2800.0,0.0011024281,16.67,0.15,4
289.0,291.0,56.4729590611,2800.0,0.0009410278,16.67,0.15,4
289.0,310.0,154.8979481453,1300.0,0.003872836,11.11,0.15,4
290.0,516.0,53.1093816929,2800.0,0.0008849794,16.67,0.15,4
290.0,510.0,42.6867043593,2800.0,0.0007113028,16.67,0.15,4
291.0,510.0,66.5615374638,2800.0,0.0011091371,16.67,0.15,4
292.0,293.0,90.4062172776,5250.0,0.0011301907,22.22,0.15,4
292.0,526.0,204.8370491641,1300.0,0.0051214384,11.11,0.15,4
292.0,894.0,101.1932698795,8750.0,0.0012650424,22.22,0.15,4
292.0,638.0,125.706471969,7000.0,0.001571488,22.22,0.15,4
292.0,373.0,99.8149413714,7000.0,0.0012478115,22.22,0.15,4
292.0,746.0,192.2851386485,5250.0,0.0024038046,22.22,0.15,4
293.0,638.0,45.1055659597,5250.0,0.000563876,22.22,0.15,4
295.0,297.0,129.8038946637,5250.0,0.001622711,22.22,0.15,4
295.0,358.0,136.2286817484,5250.0,0.0017030288,22.22,0.15,4
295.0,365.0,135.8893108222,5250.0,0.0016987863,22.22,0.15,4
296.0,365.0,126.494206243,2800.0,0.0021078152,16.67,0.15,4
297.0,298.0,128.8713145453,5250.0,0.0016110525,22.22,0.15,4
297.0,299.0,76.9987048495,5250.0,0.0009625801,22.22,0.15,4
297.0,357.0,64.9471026871,2800.0,0.0010822353,16.67,0.15,4
298.0,300.0,128.500094443,5250.0,0.0016064118,22.22,0.15,4
298.0,301.0,145.5659825424,2800.0,0.0024256146,16.67,0.15,4
298.0,524.0,78.4464087951,2800.0,0.0013071787,16.67,0.15,4
299.0,524.0,129.3610174164,1300.0,0.0032343489,11.11,0.15,4
299.0,523.0,58.1668188978,5250.0,0.000727158,22.22,0.15,4
300.0,302.0,136.3357277749,2800.0,0.0022718078,16.67,0.15,4
300.0,303.0,133.2677218101,5250.0,0.0016660131,22.22,0.15,4
300.0,346.0,49.5782209876,2800.0,0.0008261385,16.67,0.15,4
301.0,345.0,117.5279732915,1300.0,0.0029384932,11.11,0.15,4
302.0,343.0,128.9836915347,2800.0,0.0021492983,16.67,0.15,4
302.0,344.0,65.4511850778,2800.0,0.001090635,16.67,0.15,4
302.0,522.0,133.6128086976,2800.0,0.0022264349,16.67,0.15,4
303.0,304.0,135.3777197356,2800.0,0.0022558442,16.67,0.15,4
303.0,305.0,38.6093463707,2800.0,0.0006433604,16.67,0.15,4
303.0,522.0,136.8147634723,2800.0,0.0022797901,16.67,0.15,4
304.0,586.0,54.1884357761,2800.0,0.00090296,16.67,0.15,4
304.0,345.0,133.6113655198,1300.0,0.0033406182,11.11,0.15,4
305.0,311.0,101.3269237615,2800.0,0.0016884444,16.67,0.15,4
305.0,888.0,42.0088884914,1300.0,0.0010503272,11.11,0.15,4
306.0,307.0,62.7705396547,1300.0,0.0015694204,11.11,0.15,4
306.0,308.0,96.2439498668,2800.0,0.0016037451,16.67,0.15,4
306.0,521.0,31.5809711597,2800.0,0.0005262443,16.67,0.15,4
307.0,850.0,38.1052535007,1300.0,0.0009527266,11.11,0.15,4
307.0,851.0,140.2442787206,1300.0,0.0035064576,11.11,0.15,4
307.0,319.0,103.3469786568,1300.0,0.0025839329,11.11,0.15,4
308.0,317.0,67.044626667,2800.0,0.001117187,16.67,0.15,4
308.0,318.0,65.1497934556,2800.0,0.0010856128,16.67,0.15,4
308.0,319.0,96.6580499182,2800.0,0.0016106454,16.67,0.15,4
309.0,310.0,135.0407409993,1300.0,0.0033763562,11.11,0.15,4
309.0,311.0,94.5123388901,2800.0,0.0015748907,16.67,0.15,4
309.0,850.0,50.1007080741,1300.0,0.001252643,11.11,0.15,4
311.0,319.0,47.9200988819,2800.0,0.0007985086,16.67,0.15,4
312.0,313.0,138.4924584897,5250.0,0.0017313289,22.22,0.15,4
312.0,315.0,68.797707676,2800.0,0.0011463992,16.67,0.15,4
312.0,571.0,129.6315202724,5250.0,0.0016205561,22.22,0.15,4
313.0,336.0,68.1793100908,2800.0,0.0011360946,16.67,0.15,4
313.0,337.0,62.3737191982,5250.0,0.0007797495,22.22,0.15,4
314.0,315.0,62.5131327791,2800.0,0.0010416772,16.67,0.15,4
314.0,316.0,126.7956706463,5250.0,0.0015851044,22.22,0.15,4
314.0,318.0,69.9246650269,2800.0,0.001165178,16.67,0.15,4
314.0,338.0,138.55271618,5250.0,0.0017320822,22.22,0.15,4
315.0,336.0,137.1746432889,1300.0,0.0034297091,11.11,0.15,4
316.0,604.0,42.7733225738,5250.0,0.00053472,22.22,0.15,4
316.0,521.0,136.1349329879,2800.0,0.0022684619,16.67,0.15,4
316.0,571.0,126.1326382052,2800.0,0.0021017903,16.67,0.15,4
317.0,522.0,73.6604289942,2800.0,0.0012274283,16.67,0.15,4
317.0,888.0,119.9973812075,2800.0,0.0019995564,16.67,0.15,4
318.0,339.0,139.9125268089,2800.0,0.0023314092,16.67,0.15,4
319.0,888.0,69.4720955894,2800.0,0.0011576367,16.67,0.15,4
320.0,321.0,137.2320800663,7000.0,0.0017155726,22.22,0.15,4
320.0,322.0,64.9087219873,2800.0,0.0010815957,16.67,0.15,4
320.0,323.0,135.0892148572,5250.0,0.0016887841,22.22,0.15,4
320.0,632.0,64.8161046161,5250.0,0.0008102823,22.22,0.15,4
321.0,332.0,134.4876020434,2800.0,0.0022410118,16.67,0.15,4
321.0,331.0,133.9932806585,8750.0,0.0016750835,22.22,0.15,4
322.0,631.0,244.640680818,2800.0,0.0040765294,16.67,0.15,4
323.0,324.0,62.2031880751,2800.0,0.0010365125,16.67,0.15,4
323.0,332.0,135.6870485735,2800.0,0.0022609986,16.67,0.15,4
323.0,872.0,124.7211712176,5250.0,0.0015591706,22.22,0.15,4
324.0,632.0,133.110989701,2800.0,0.0022180729,16.67,0.15,4
324.0,871.0,62.196477926,2800.0,0.0010364007,16.67,0.15,4
325.0,326.0,66.9674526307,5250.0,0.0008371769,22.22,0.15,4
325.0,327.0,73.0413834425,2800.0,0.001217113,16.67,0.15,4
325.0,791.0,66.3122039708,5250.0,0.0008289854,22.22,0.15,4
326.0,855.0,137.1729176013,2800.0,0.0022857581,16.67,0.15,4
326.0,359.0,69.9070047496,5250.0,0.000873925,22.22,0.15,4
326.0,366.0,128.6517996244,2800.0,0.0021437679,16.67,0.15,4
327.0,889.0,97.5146986853,1300.0,0.0024381113,11.11,0.15,4
327.0,328.0,55.5137648038,2800.0,0.0009250444,16.67,0.15,4
328.0,329.0,131.1397362098,2800.0,0.0021852252,16.67,0.15,4
328.0,330.0,162.6142806556,2800.0,0.0027096961,16.67,0.15,4
328.0,855.0,96.9299782762,2800.0,0.0016151766,16.67,0.15,4
329.0,331.0,136.710279662,2800.0,0.0022780491,16.67,0.15,4
329.0,332.0,135.2368669755,2800.0,0.0022534971,16.67,0.15,4
330.0,696.0,151.2900863148,2800.0,0.0025209972,16.67,0.15,4
331.0,921.0,42.8684039318,8750.0,0.0005359086,22.22,0.15,4
333.0,334.0,130.7070800804,1300.0,0.0032680038,11.11,0.15,4
333.0,335.0,197.5290971866,1300.0,0.0049387213,11.11,0.15,4
333.0,744.0,158.2419797675,1300.0,0.0039564451,11.11,0.15,4
333.0,745.0,91.2203825721,1300.0,0.0022807376,11.11,0.15,4
333.0,813.0,140.5127743741,1300.0,0.0035131707,11.11,0.15,4
334.0,813.0,56.1899029349,1300.0,0.0014048881,11.11,0.15,4
334.0,844.0,183.9815872254,1300.0,0.0045999997,11.11,0.15,4
335.0,517.0,120.3166922921,1300.0,0.0030082181,11.11,0.15,4
335.0,844.0,101.4732924629,1300.0,0.002537086,11.11,0.15,4
336.0,338.0,67.8388591895,2800.0,0.0011304216,16.67,0.15,4
337.0,340.0,68.5064962928,5250.0,0.0008564168,22.22,0.15,4
337.0,940.0,52.1112845474,1300.0,0.0013029124,11.11,0.15,4
338.0,339.0,65.4385758265,2800.0,0.0010904248,16.67,0.15,4
338.0,351.0,135.1923884678,5250.0,0.0016900739,22.22,0.15,4
339.0,522.0,66.8164199562,2800.0,0.0011133843,16.67,0.15,4
340.0,341.0,130.2914220313,5250.0,0.0016288057,22.22,0.15,4
340.0,342.0,60.1396139201,2800.0,0.0010021265,16.67,0.15,4
340.0,351.0,135.3550814138,2800.0,0.0022554669,16.67,0.15,4
341.0,350.0,134.2761691198,2800.0,0.0022374887,16.67,0.15,4
341.0,354.0,130.8234064325,5250.0,0.0016354561,22.22,0.15,4
341.0,349.0,63.8154282114,2800.0,0.0010633778,16.67,0.15,4
342.0,892.0,95.2796415073,2800.0,0.0015876765,16.67,0.15,4
342.0,349.0,125.2969054702,2800.0,0.0020878642,16.67,0.15,4
343.0,523.0,128.7427072434,2800.0,0.0021452827,16.67,0.15,4
343.0,524.0,57.3507434959,2800.0,0.0009556546,16.67,0.15,4
343.0,350.0,131.1832079853,2800.0,0.0021859496,16.67,0.15,4
344.0,351.0,65.930222805,2800.0,0.0010986173,16.67,0.15,4
345.0,346.0,82.5990352362,2800.0,0.0013763753,16.67,0.15,4
346.0,905.0,31.6837978041,2800.0,0.0005279577,16.67,0.15,4
347.0,348.0,130.2947872049,2800.0,0.0021711456,16.67,0.15,4
347.0,349.0,92.1177588916,2800.0,0.001534989,16.67,0.15,4
347.0,892.0,125.7857351436,2800.0,0.0020960097,16.67,0.15,4
348.0,352.0,66.3795565703,2800.0,0.0011061047,16.67,0.15,4
348.0,353.0,86.0375570373,5250.0,0.001075577,22.22,0.15,4
349.0,353.0,130.8263203086,2800.0,0.0021800027,16.67,0.15,4
350.0,351.0,127.4008201144,5250.0,0.0015926695,22.22,0.15,4
350.0,356.0,130.556644991,2800.0,0.002175509,16.67,0.15,4
352.0,362.0,83.0032393333,2800.0,0.0013831107,16.67,0.15,4
353.0,354.0,68.7649895991,5250.0,0.0008596483,22.22,0.15,4
353.0,362.0,70.0638578859,2800.0,0.0011674975,16.67,0.15,4
354.0,355.0,129.5647431616,5250.0,0.0016197213,22.22,0.15,4
354.0,356.0,135.7101307413,5250.0,0.0016965463,22.22,0.15,4
355.0,363.0,137.4116174454,5250.0,0.001717817,22.22,0.15,4
355.0,364.0,127.2616814679,5250.0,0.0015909301,22.22,0.15,4
355.0,361.0,76.3852787803,5250.0,0.0009549115,22.22,0.15,4
356.0,363.0,131.163944818,2800.0,0.0021856286,16.67,0.15,4
356.0,523.0,128.4874170317,5250.0,0.0016062533,22.22,0.15,4
358.0,585.0,188.2377987378,2800.0,0.0031366693,16.67,0.15,4
359.0,360.0,126.4108713012,8750.0,0.0015802939,22.22,0.15,4
360.0,366.0,96.228559427,5250.0,0.0012029773,22.22,0.15,4
360.0,367.0,129.9667318559,8750.0,0.0016247466,22.22,0.15,4
361.0,362.0,59.3515121508,2800.0,0.0009889941,16.67,0.15,4
363.0,365.0,126.8891209857,5250.0,0.0015862726,22.22,0.15,4
365.0,523.0,129.2198245126,2800.0,0.0021532331,16.67,0.15,4
367.0,597.0,81.9782128221,2800.0,0.0013660303,16.67,0.15,4
368.0,713.0,184.8109277972,1300.0,0.0046207353,11.11,0.15,4
368.0,713.0,172.5786351713,5250.0,0.0021574487,22.22,0.15,4
368.0,710.0,127.0227207075,5250.0,0.0015879428,22.22,0.15,4
368.0,710.0,164.8185150183,2800.0,0.002746426,16.67,0.15,4
368.0,751.0,150.2822592181,2800.0,0.0025042035,16.67,0.15,4
369.0,713.0,147.2982315879,10500.0,0.001841412,22.22,0.15,4
371.0,372.0,48.2679156316,2800.0,0.0008043044,16.67,0.15,4
371.0,790.0,66.9863757146,10500.0,0.0008374134,22.22,0.15,4
372.0,790.0,88.7241544697,2800.0,0.0014784402,16.67,0.15,4
372.0,780.0,166.1316213972,2800.0,0.0027683067,16.67,0.15,4
372.0,781.0,164.5270774753,2800.0,0.0027415696,16.67,0.15,4
373.0,374.0,46.9835837196,2800.0,0.0007829031,16.67,0.15,4
373.0,391.0,114.285355564,2800.0,0.0019043751,16.67,0.15,4
373.0,562.0,46.0338731586,7000.0,0.000575481,22.22,0.15,4
374.0,525.0,117.7608784275,2800.0,0.0019622888,16.67,0.15,4
374.0,526.0,143.6499370704,2800.0,0.0023936869,16.67,0.15,4
375.0,376.0,115.7151515649,5250.0,0.0014465841,22.22,0.15,4
376.0,948.0,35.4367116008,5250.0,0.0004430032,22.22,0.15,4
376.0,935.0,82.1836024744,2800.0,0.0013694528,16.67,0.15,4
379.0,630.0,208.1623206307,2800.0,0.0034686783,16.67,0.15,4
379.0,939.0,192.2337630817,2800.0,0.0032032554,16.67,0.15,4
381.0,382.0,153.8872376703,2800.0,0.0025642744,16.67,0.15,4
381.0,383.0,107.7175275495,2800.0,0.0017949331,16.67,0.15,4
382.0,383.0,32.630725568,2800.0,0.0005437367,16.67,0.15,4
382.0,677.0,139.5027865583,2800.0,0.0023245815,16.67,0.15,4
383.0,678.0,82.5031598414,2800.0,0.0013747777,16.67,0.15,4
384.0,562.0,60.5249121834,7000.0,0.0007566371,22.22,0.15,4
384.0,537.0,121.8763223678,2800.0,0.0020308659,16.67,0.15,4
386.0,387.0,79.2157486543,2800.0,0.0013199985,16.67,0.15,4
386.0,388.0,45.0917646108,2800.0,0.0007513791,16.67,0.15,4
386.0,389.0,131.3572582285,2800.0,0.0021888499,16.67,0.15,4
386.0,525.0,98.0148650993,2800.0,0.0016332544,16.67,0.15,4
387.0,544.0,69.9526400254,2800.0,0.0011656442,16.67,0.15,4
387.0,389.0,54.9868083625,2800.0,0.0009162636,16.67,0.15,4
388.0,390.0,150.167843674,2800.0,0.0025022969,16.67,0.15,4
388.0,391.0,98.1225136855,2800.0,0.0016350482,16.67,0.15,4
389.0,541.0,84.5564482244,2800.0,0.0014089923,16.67,0.15,4
389.0,542.0,124.2405430082,2800.0,0.0020702617,16.67,0.15,4
390.0,399.0,105.3433205296,1300.0,0.0026338464,11.11,0.15,4
390.0,561.0,47.5079187476,2800.0,0.0007916403,16.67,0.15,4
391.0,400.0,46.3073443459,2800.0,0.0007716347,16.67,0.15,4
391.0,525.0,47.0286165975,2800.0,0.0007836535,16.67,0.15,4
392.0,393.0,72.4149310847,2800.0,0.0012066742,16.67,0.15,4
392.0,394.0,60.9101547306,2800.0,0.0010149663,16.67,0.15,4
392.0,395.0,191.058555878,2800.0,0.0031836725,16.67,0.15,4
392.0,396.0,72.1335815645,2800.0,0.001201986,16.67,0.15,4
393.0,528.0,85.1351315044,2800.0,0.0014186351,16.67,0.15,4
393.0,644.0,178.9604844534,2800.0,0.0029820783,16.67,0.15,4
394.0,397.0,52.3101201229,2800.0,0.000871661,16.67,0.15,4
394.0,529.0,59.9214916647,2800.0,0.0009984918,16.67,0.15,4
394.0,558.0,69.8260606903,2800.0,0.001163535,16.67,0.15,4
395.0,644.0,77.9282100375,2800.0,0.0012985438,16.67,0.15,4
395.0,558.0,117.9220076575,2800.0,0.0019649738,16.67,0.15,4
395.0,598.0,82.0569306637,2800.0,0.001367342,16.67,0.15,4
396.0,397.0,79.7338930267,2800.0,0.0013286325,16.67,0.15,4
396.0,398.0,74.1394379187,2800.0,0.0012354102,16.67,0.15,4
396.0,561.0,76.0571882521,2800.0,0.0012673663,16.67,0.15,4
396.0,528.0,74.5930431372,2800.0,0.0012429688,16.67,0.15,4
397.0,531.0,130.7388957141,2800.0,0.0021785459,16.67,0.15,4
397.0,398.0,33.905281873,2800.0,0.000564975,16.67,0.15,4
398.0,555.0,131.3485078054,2800.0,0.0021887041,16.67,0.15,4
399.0,528.0,58.4521067647,2800.0,0.000974007,16.67,0.15,4
399.0,540.0,58.0448609884,2800.0,0.0009672209,16.67,0.15,4
399.0,561.0,58.247661512,2800.0,0.0009706002,16.67,0.15,4
400.0,562.0,110.0213691069,2800.0,0.0018333228,16.67,0.15,4
400.0,561.0,248.7155811482,2800.0,0.0041444308,16.67,0.15,4
400.0,537.0,48.4433124291,2800.0,0.0008072271,16.67,0.15,4
401.0,404.0,71.4322139148,2800.0,0.0011902988,16.67,0.15,4
402.0,403.0,36.4270431989,2800.0,0.000606996,16.67,0.15,4
402.0,404.0,96.3482144592,2800.0,0.0016054825,16.67,0.15,4
403.0,643.0,29.9993911309,2800.0,0.0004998899,16.67,0.15,4
403.0,404.0,95.9945813059,1300.0,0.0024001045,11.11,0.15,4
404.0,640.0,49.9025751775,2800.0,0.0008315433,16.67,0.15,4
405.0,406.0,61.4304907938,1300.0,0.0015359159,11.11,0.15,4
405.0,412.0,110.5525267022,1300.0,0.0027640896,11.11,0.15,4
405.0,854.0,60.1179099704,1300.0,0.0015030981,11.11,0.15,4
406.0,407.0,40.8784857827,1300.0,0.0010220644,11.11,0.15,4
406.0,408.0,49.6975198672,1300.0,0.0012425623,11.11,0.15,4
407.0,934.0,31.0589154159,1300.0,0.0007765505,11.11,0.15,4
408.0,411.0,50.7954230154,1300.0,0.0012700126,11.11,0.15,4
408.0,410.0,78.2008748614,1300.0,0.0019552174,11.11,0.15,4
408.0,934.0,68.6146778482,1300.0,0.0017155385,11.11,0.15,4
409.0,410.0,44.2846409752,1300.0,0.0011072267,11.11,0.15,4
409.0,411.0,79.6586579415,5250.0,0.0009958328,22.22,0.15,4
409.0,415.0,35.9330151777,5250.0,0.0004492076,22.22,0.15,4
410.0,934.0,32.7910975664,1300.0,0.0008198594,11.11,0.15,4
411.0,412.0,72.0587688943,5250.0,0.0009008247,22.22,0.15,4
412.0,728.0,48.7571813641,5250.0,0.0006095257,22.22,0.15,4
412.0,605.0,130.6971824082,2800.0,0.0021778508,16.67,0.15,4
413.0,414.0,89.0384171265,7000.0,0.0011130915,22.22,0.15,4
414.0,415.0,55.8023216268,7000.0,0.0006975988,22.22,0.15,4
415.0,609.0,54.6897937116,7000.0,0.0006836908,22.22,0.15,4
415.0,573.0,80.9291170476,5250.0,0.0010117151,22.22,0.15,4
416.0,417.0,136.4932206173,1300.0,0.0034126718,11.11,0.15,4
416.0,418.0,132.7300429446,5250.0,0.0016592915,22.22,0.15,4
416.0,831.0,86.2160998481,5250.0,0.001077809,22.22,0.15,4
417.0,419.0,69.5633362579,1300.0,0.0017392573,11.11,0.15,4
417.0,420.0,49.0162722101,2800.0,0.0008167745,16.67,0.15,4
417.0,469.0,132.3906605858,2800.0,0.0022060698,16.67,0.15,4
418.0,470.0,78.1259107692,5250.0,0.0009766716,22.22,0.15,4
418.0,469.0,136.9580977236,5250.0,0.0017121474,22.22,0.15,4
419.0,421.0,59.7696621915,1300.0,0.001494391,11.11,0.15,4
419.0,468.0,138.2016895747,1300.0,0.0034553878,11.11,0.15,4
420.0,701.0,135.3104576863,2800.0,0.0022547234,16.67,0.15,4
420.0,831.0,141.3939323953,2800.0,0.0023560943,16.67,0.15,4
421.0,422.0,132.1805642026,2800.0,0.0022025689,16.67,0.15,4
421.0,423.0,88.0365016048,2800.0,0.0014669816,16.67,0.15,4
421.0,702.0,159.1166604083,2800.0,0.0026514141,16.67,0.15,4
422.0,467.0,70.7296064099,2800.0,0.0011785911,16.67,0.15,4
422.0,468.0,54.8281017747,2800.0,0.000913619,16.67,0.15,4
422.0,465.0,127.6364920856,2800.0,0.0021268495,16.67,0.15,4
423.0,466.0,37.6743108389,2800.0,0.0006277796,16.67,0.15,4
423.0,702.0,198.9350903439,1300.0,0.0049738746,11.11,0.15,4
424.0,425.0,80.918068143,2800.0,0.0013483648,16.67,0.15,4
424.0,785.0,57.2291524609,5250.0,0.0007154359,22.22,0.15,4
424.0,763.0,253.0722637115,5250.0,0.0031637197,22.22,0.15,4
425.0,430.0,152.3912392754,2800.0,0.0025393461,16.67,0.15,4
425.0,930.0,136.1503977987,2800.0,0.0022687196,16.67,0.15,4
426.0,845.0,57.9089006182,1300.0,0.0014478673,11.11,0.15,4
426.0,832.0,84.604716377,1300.0,0.0021153294,11.11,0.15,4
426.0,786.0,195.9930850135,1300.0,0.0049003172,11.11,0.15,4
427.0,428.0,74.2384300604,2800.0,0.0012370598,16.67,0.15,4
427.0,429.0,49.9593129828,1300.0,0.0012491077,11.11,0.15,4
427.0,881.0,66.1383366242,1300.0,0.0016536238,11.11,0.15,4
428.0,748.0,71.4019854375,2800.0,0.0011897951,16.67,0.15,4
428.0,863.0,52.6266925755,2800.0,0.0008769362,16.67,0.15,4
429.0,891.0,92.7552298366,1300.0,0.0023191127,11.11,0.15,4
429.0,863.0,71.9536690384,2800.0,0.001198988,16.67,0.15,4
430.0,726.0,131.018895297,2800.0,0.0021832116,16.67,0.15,4
430.0,766.0,136.0621727511,2800.0,0.0022672494,16.67,0.15,4
431.0,914.0,65.2410683499,2800.0,0.0010871337,16.67,0.15,4
431.0,901.0,136.5194605798,2800.0,0.0022748694,16.67,0.15,4
431.0,915.0,142.9201280578,2800.0,0.0023815258,16.67,0.15,4
431.0,463.0,133.982696801,2800.0,0.0022325984,16.67,0.15,4
432.0,433.0,160.9262609483,7000.0,0.0020117794,22.22,0.15,4
432.0,434.0,103.9603700333,2800.0,0.0017323264,16.67,0.15,4
432.0,708.0,64.0813180015,2800.0,0.0010678084,16.67,0.15,4
432.0,659.0,45.7255696734,7000.0,0.0005716268,22.22,0.15,4
433.0,659.0,101.3950886414,7000.0,0.0012675654,22.22,0.15,4
434.0,679.0,72.3587379793,2800.0,0.0012057378,16.67,0.15,4
435.0,436.0,214.1887870932,2800.0,0.0035690993,16.67,0.15,4
435.0,437.0,131.3481167548,2800.0,0.0021886975,16.67,0.15,4
435.0,452.0,135.8388588011,2800.0,0.0022635283,16.67,0.15,4
435.0,819.0,45.9821196515,2800.0,0.0007662154,16.67,0.15,4
436.0,634.0,144.7673120192,2800.0,0.0024123061,16.67,0.15,4
436.0,715.0,155.3439132952,2800.0,0.0025885475,16.67,0.15,4
437.0,438.0,151.5719466659,2800.0,0.002525694,16.67,0.15,4
437.0,439.0,134.2301830926,2800.0,0.0022367224,16.67,0.15,4
437.0,715.0,204.8021700335,2800.0,0.003412687,16.67,0.15,4
438.0,455.0,133.4913429638,2800.0,0.0022244108,16.67,0.15,4
439.0,452.0,134.251674481,2800.0,0.0022370805,16.67,0.15,4
439.0,451.0,144.5115533946,2800.0,0.0024080443,16.67,0.15,4
439.0,455.0,149.3194094552,2800.0,0.0024881592,16.67,0.15,4
440.0,441.0,133.1087507752,2800.0,0.0022180356,16.67,0.15,4
440.0,457.0,135.1862505855,2800.0,0.0022526536,16.67,0.15,4
441.0,442.0,61.2650746338,5250.0,0.00076589,22.22,0.15,4
441.0,443.0,132.9295180983,2800.0,0.002215049,16.67,0.15,4
441.0,491.0,166.5150592155,5250.0,0.0020816464,22.22,0.15,4
442.0,899.0,133.9935618531,2800.0,0.0022327795,16.67,0.15,4
442.0,898.0,71.5676499529,5250.0,0.0008946851,22.22,0.15,4
443.0,444.0,90.7878981841,2800.0,0.0015128291,16.67,0.15,4
443.0,445.0,135.7430779364,2800.0,0.0022619322,16.67,0.15,4
443.0,899.0,61.0242961512,1300.0,0.00152576,11.11,0.15,4
444.0,628.0,128.3158738746,2800.0,0.0021381703,16.67,0.15,4
444.0,759.0,136.2352330842,2800.0,0.0022701332,16.67,0.15,4
445.0,759.0,82.9371125638,1300.0,0.0020736352,11.11,0.15,4
445.0,916.0,64.6511618395,2800.0,0.0010773039,16.67,0.15,4
445.0,896.0,60.007795685,1300.0,0.0015003449,11.11,0.15,4
446.0,447.0,132.7396312079,2800.0,0.0022118848,16.67,0.15,4
446.0,448.0,134.7486249475,2800.0,0.0022453613,16.67,0.15,4
446.0,749.0,85.8854947242,2800.0,0.0014311387,16.67,0.15,4
446.0,916.0,67.5726141776,2800.0,0.001125985,16.67,0.15,4
447.0,881.0,76.5053398255,1300.0,0.0019128248,11.11,0.15,4
447.0,901.0,135.628195988,2800.0,0.0022600179,16.67,0.15,4
448.0,463.0,132.062526812,2800.0,0.002200602,16.67,0.15,4
448.0,900.0,66.8317908212,2800.0,0.0011136405,16.67,0.15,4
448.0,901.0,134.9190413143,2800.0,0.002248201,16.67,0.15,4
449.0,452.0,133.0455986325,2800.0,0.0022169832,16.67,0.15,4
450.0,451.0,130.0234979797,2800.0,0.002166625,16.67,0.15,4
450.0,452.0,143.8646464351,2800.0,0.0023972647,16.67,0.15,4
450.0,693.0,132.592105228,2800.0,0.0022094265,16.67,0.15,4
451.0,453.0,150.2448145487,2800.0,0.0025035795,16.67,0.15,4
451.0,618.0,139.591923477,2800.0,0.0023260668,16.67,0.15,4
453.0,454.0,69.2678419589,2800.0,0.0011542332,16.67,0.15,4
453.0,455.0,139.3445770872,2800.0,0.0023219452,16.67,0.15,4
453.0,616.0,128.5190591373,2800.0,0.002141556,16.67,0.15,4
454.0,684.0,130.0698005601,2800.0,0.0021673965,16.67,0.15,4
456.0,685.0,134.4227904726,5250.0,0.0016804529,22.22,0.15,4
456.0,458.0,133.7716607349,5250.0,0.001672313,22.22,0.15,4
456.0,898.0,135.3682118086,5250.0,0.0016922719,22.22,0.15,4
457.0,898.0,134.0194748273,2800.0,0.0022332113,16.67,0.15,4
458.0,459.0,132.8162599044,1300.0,0.0033207386,11.11,0.15,4
458.0,460.0,67.9169918253,5250.0,0.0008490473,22.22,0.15,4
458.0,692.0,136.7857135821,1300.0,0.0034199848,11.11,0.15,4
459.0,899.0,72.40251816,1300.0,0.001810244,11.11,0.15,4
459.0,898.0,133.5418477589,2800.0,0.0022252524,16.67,0.15,4
459.0,897.0,68.4314289948,2800.0,0.0011402958,16.67,0.15,4
460.0,764.0,139.0531393843,1300.0,0.0034766762,11.11,0.15,4
460.0,461.0,66.540576685,5250.0,0.0008318404,22.22,0.15,4
460.0,897.0,130.8735950499,1300.0,0.0032721671,11.11,0.15,4
461.0,462.0,131.0843589232,2800.0,0.0021843025,16.67,0.15,4
461.0,463.0,132.7392543484,2800.0,0.0022118785,16.67,0.15,4
461.0,919.0,64.9882916326,2800.0,0.0010829216,16.67,0.15,4
462.0,896.0,72.74149565,2800.0,0.0012121158,16.67,0.15,4
462.0,897.0,66.6618027108,2800.0,0.0011108079,16.67,0.15,4
462.0,900.0,66.4124242842,2800.0,0.0011066524,16.67,0.15,4
463.0,464.0,65.4815938964,2800.0,0.0010911417,16.67,0.15,4
464.0,920.0,75.198720067,2800.0,0.0012530614,16.67,0.15,4
464.0,919.0,132.3840550392,1300.0,0.0033099324,11.11,0.15,4
465.0,466.0,132.738119739,2800.0,0.0022118596,16.67,0.15,4
465.0,690.0,78.9035106384,2800.0,0.0013147956,16.67,0.15,4
465.0,914.0,210.2281560794,2800.0,0.003503102,16.67,0.15,4
466.0,869.0,133.3675818064,2800.0,0.0022223486,16.67,0.15,4
466.0,928.0,99.1705277541,1300.0,0.0024795111,11.11,0.15,4
467.0,483.0,68.6880422634,2800.0,0.0011445718,16.67,0.15,4
467.0,690.0,136.8768247349,1300.0,0.0034222628,11.11,0.15,4
468.0,469.0,75.4454588256,2800.0,0.0012571729,16.67,0.15,4
469.0,477.0,80.4015187831,2800.0,0.0013397574,16.67,0.15,4
470.0,477.0,136.6947076065,2800.0,0.0022777896,16.67,0.15,4
470.0,687.0,61.5786630039,5250.0,0.0007698103,22.22,0.15,4
471.0,472.0,35.6092011714,5250.0,0.0004451595,22.22,0.15,4
471.0,474.0,135.0826820477,2800.0,0.0022509278,16.67,0.15,4
472.0,701.0,135.6697319502,1300.0,0.0033920825,11.11,0.15,4
472.0,831.0,93.4441295772,5250.0,0.0011681684,22.22,0.15,4
473.0,474.0,143.7251952707,2800.0,0.0023949409,16.67,0.15,4
473.0,702.0,43.4887382093,2800.0,0.0007246674,16.67,0.15,4
473.0,703.0,147.2006646096,1300.0,0.0036803847,11.11,0.15,4
473.0,480.0,156.3599482551,1300.0,0.0039093896,11.11,0.15,4
473.0,701.0,143.2357447626,1300.0,0.0035812517,11.11,0.15,4
474.0,479.0,143.4035816921,2800.0,0.0023895818,16.67,0.15,4
474.0,701.0,32.3674502005,2800.0,0.0005393496,16.67,0.15,4
475.0,724.0,94.0554958282,2800.0,0.0015672781,16.67,0.15,4
476.0,477.0,60.7943346584,2800.0,0.0010130363,16.67,0.15,4
476.0,478.0,64.5035570338,2800.0,0.0010748443,16.67,0.15,4
476.0,689.0,67.9733385004,2800.0,0.0011326624,16.67,0.15,4
478.0,483.0,67.8932177536,2800.0,0.0011313274,16.67,0.15,4
479.0,480.0,127.8413011686,5250.0,0.0015981761,22.22,0.15,4
480.0,711.0,117.1235582125,5250.0,0.0014641909,22.22,0.15,4
481.0,747.0,118.8806842891,2800.0,0.0019809485,16.67,0.15,4
482.0,719.0,47.9809693598,2800.0,0.0007995229,16.67,0.15,4
482.0,724.0,146.3644131898,5250.0,0.0018297381,22.22,0.15,4
482.0,722.0,150.4778781363,5250.0,0.0018811616,22.22,0.15,4
482.0,747.0,139.830651933,2800.0,0.0023300449,16.67,0.15,4
483.0,484.0,75.4951434472,2800.0,0.0012580008,16.67,0.15,4
483.0,485.0,128.0163488759,2800.0,0.0021331792,16.67,0.15,4
485.0,690.0,59.483729492,2800.0,0.0009911973,16.67,0.15,4
485.0,691.0,99.1698645159,2800.0,0.0016525006,16.67,0.15,4
486.0,797.0,134.3371947786,2800.0,0.0022385055,16.67,0.15,4
487.0,619.0,181.1727028953,7000.0,0.0022648853,22.22,0.15,4
487.0,623.0,137.6425674636,2800.0,0.0022935841,16.67,0.15,4
487.0,797.0,133.6443368254,5250.0,0.0016707213,22.22,0.15,4
488.0,624.0,133.6247547539,2800.0,0.0022266339,16.67,0.15,4
489.0,686.0,56.28065153,2800.0,0.0009378233,16.67,0.15,4
491.0,628.0,63.9452516981,2800.0,0.0010655411,16.67,0.15,4
491.0,629.0,125.1032255893,5250.0,0.0015639467,22.22,0.15,4
492.0,493.0,251.6571193228,7000.0,0.0031460286,22.22,0.15,4
492.0,494.0,155.6163324306,2800.0,0.0025930869,16.67,0.15,4
492.0,848.0,139.0109140914,2800.0,0.0023163853,16.67,0.15,4
492.0,883.0,128.420428065,5250.0,0.0016054159,22.22,0.15,4
493.0,926.0,65.2102429056,7000.0,0.0008152096,22.22,0.15,4
493.0,846.0,145.8810288425,1300.0,0.0036473905,11.11,0.15,4
493.0,925.0,161.9205483995,5250.0,0.0020242093,22.22,0.15,4
494.0,495.0,53.7453823879,2800.0,0.0008955773,16.67,0.15,4
494.0,848.0,78.061502973,2800.0,0.0013007649,16.67,0.15,4
494.0,884.0,101.5683456094,1300.0,0.0025394626,11.11,0.15,4
495.0,884.0,110.8346497384,2800.0,0.0018468748,16.67,0.15,4
495.0,883.0,130.6067827371,2800.0,0.0021763444,16.67,0.15,4
495.0,754.0,136.1516337031,2800.0,0.0022687401,16.67,0.15,4
496.0,884.0,56.7593757316,2800.0,0.0009458004,16.67,0.15,4
496.0,885.0,105.3088584649,2800.0,0.0017547967,16.67,0.15,4
496.0,756.0,121.8967120632,2800.0,0.0020312056,16.67,0.15,4
497.0,498.0,106.8318716198,1300.0,0.0026710639,11.11,0.15,4
497.0,499.0,63.7591186158,5250.0,0.0007970687,22.22,0.15,4
498.0,500.0,32.4077440925,1300.0,0.0008102746,11.11,0.15,4
498.0,924.0,101.0543065407,2800.0,0.0016839017,16.67,0.15,4
499.0,924.0,118.1155295854,5250.0,0.0014765918,22.22,0.15,4
499.0,755.0,116.4260447529,2800.0,0.0019400461,16.67,0.15,4
499.0,885.0,72.3666235799,5250.0,0.0009046733,22.22,0.15,4
499.0,902.0,194.1814496541,5250.0,0.0024275109,22.22,0.15,4
499.0,923.0,168.1123787234,5250.0,0.0021016149,22.22,0.15,4
500.0,501.0,38.5183332709,1300.0,0.0009630546,11.11,0.15,4
500.0,502.0,91.177206885,2800.0,0.0015193163,16.67,0.15,4
500.0,581.0,55.7963050797,2800.0,0.0009297525,16.67,0.15,4
501.0,503.0,32.87727018,1300.0,0.000822014,11.11,0.15,4
501.0,515.0,86.7876725022,2800.0,0.001446172,16.67,0.15,4
502.0,515.0,41.6620285136,2800.0,0.0006942283,16.67,0.15,4
503.0,504.0,87.3403397125,1300.0,0.0021837269,11.11,0.15,4
503.0,505.0,80.4720861178,2800.0,0.0013409332,16.67,0.15,4
503.0,580.0,55.9599037852,2800.0,0.0009324786,16.67,0.15,4
504.0,506.0,121.207653235,1300.0,0.0030304944,11.11,0.15,4
504.0,507.0,64.907263676,2800.0,0.0010815714,16.67,0.15,4
505.0,515.0,58.8954640685,2800.0,0.0009813948,16.67,0.15,4
506.0,508.0,47.4266219419,1300.0,0.0011857841,11.11,0.15,4
506.0,509.0,60.3427203769,1300.0,0.0015087189,11.11,0.15,4
506.0,514.0,80.3856949451,1300.0,0.0020098434,11.11,0.15,4
507.0,511.0,77.2168811563,2800.0,0.0012866907,16.67,0.15,4
507.0,580.0,94.7592132409,2800.0,0.0015790044,16.67,0.15,4
507.0,514.0,120.0151940832,2800.0,0.0019998533,16.67,0.15,4
508.0,510.0,46.1162576304,1300.0,0.0011530217,11.11,0.15,4
508.0,516.0,54.4814681328,1300.0,0.0013621729,11.11,0.15,4
509.0,516.0,43.1320134265,2800.0,0.0007187231,16.67,0.15,4
511.0,512.0,115.1624628387,2800.0,0.0019189906,16.67,0.15,4
512.0,513.0,69.7688768065,2800.0,0.0011625821,16.67,0.15,4
512.0,514.0,64.124749931,1300.0,0.0016032791,11.11,0.15,4
517.0,645.0,62.778585932,2800.0,0.0010461005,16.67,0.15,4
517.0,798.0,107.3216050333,1300.0,0.0026833085,11.11,0.15,4
518.0,519.0,140.8824876745,2800.0,0.0023475719,16.67,0.15,4
518.0,520.0,135.4989152131,2800.0,0.0022578637,16.67,0.15,4
518.0,615.0,261.6603110262,1300.0,0.006542162,11.11,0.15,4
518.0,698.0,127.3310093062,2800.0,0.0021217591,16.67,0.15,4
519.0,615.0,130.5612751791,5250.0,0.0016321792,22.22,0.15,4
520.0,697.0,36.348885367,2800.0,0.0006056936,16.67,0.15,4
520.0,672.0,33.3767683886,2800.0,0.0005561682,16.67,0.15,4
520.0,695.0,191.071948834,2800.0,0.0031838957,16.67,0.15,4
520.0,698.0,188.2732841907,2800.0,0.0031372606,16.67,0.15,4
521.0,887.0,38.7203930951,2800.0,0.0006452108,16.67,0.15,4
525.0,538.0,57.0719556849,2800.0,0.0009510091,16.67,0.15,4
526.0,769.0,138.4730988096,2800.0,0.0023074235,16.67,0.15,4
526.0,894.0,84.8759855177,5250.0,0.0010610559,22.22,0.15,4
526.0,746.0,125.0980623643,10500.0,0.0015638822,22.22,0.15,4
526.0,746.0,154.5829870016,1300.0,0.0038649612,11.11,0.15,4
527.0,589.0,78.4753102375,2800.0,0.0013076603,16.67,0.15,4
527.0,651.0,108.6271990621,5250.0,0.0013579758,22.22,0.15,4
528.0,560.0,55.9177893194,2800.0,0.0009317768,16.67,0.15,4
529.0,530.0,71.6495039649,2800.0,0.0011939196,16.67,0.15,4
529.0,559.0,71.3751833289,2800.0,0.0011893485,16.67,0.15,4
530.0,531.0,53.8618749303,2800.0,0.0008975184,16.67,0.15,4
530.0,556.0,30.1254849872,2800.0,0.000501991,16.67,0.15,4
531.0,555.0,50.0308071673,2800.0,0.0008336801,16.67,0.15,4
532.0,557.0,50.3740197071,2800.0,0.0008393991,16.67,0.15,4
532.0,587.0,181.0230052066,2800.0,0.0030164468,16.67,0.15,4
532.0,598.0,74.9488116078,2800.0,0.0012488971,16.67,0.15,4
533.0,534.0,47.1483295743,2800.0,0.0007856484,16.67,0.15,4
533.0,535.0,69.3012079891,2800.0,0.0011547892,16.67,0.15,4
533.0,557.0,37.9807457518,2800.0,0.0006328859,16.67,0.15,4
534.0,536.0,65.1367849109,2800.0,0.001085396,16.67,0.15,4
535.0,536.0,52.382556524,2800.0,0.000872868,16.67,0.15,4
535.0,537.0,139.4475267146,2800.0,0.0023236607,16.67,0.15,4
535.0,556.0,38.7740299987,2800.0,0.0006461046,16.67,0.15,4
537.0,555.0,33.6635035908,2800.0,0.0005609462,16.67,0.15,4
538.0,769.0,49.5865551689,2800.0,0.0008262773,16.67,0.15,4
539.0,540.0,126.735347319,1300.0,0.0031687006,11.11,0.15,4
539.0,637.0,64.4071096289,2800.0,0.0010732372,16.67,0.15,4
539.0,633.0,104.0423377564,1300.0,0.0026013186,11.11,0.15,4
540.0,560.0,45.3021402066,2800.0,0.0007548847,16.67,0.15,4
541.0,542.0,35.9580572127,2800.0,0.0005991811,16.67,0.15,4
541.0,770.0,112.3490219135,2800.0,0.0018721093,16.67,0.15,4
542.0,563.0,32.9357762183,2800.0,0.0005488198,16.67,0.15,4
543.0,544.0,59.5668343284,1300.0,0.0014893198,11.11,0.15,4
543.0,637.0,45.635299252,2800.0,0.0007604362,16.67,0.15,4
544.0,545.0,48.6121207935,2800.0,0.00081004,16.67,0.15,4
545.0,563.0,92.7526872708,2800.0,0.001545569,16.67,0.15,4
545.0,637.0,57.7234816238,2800.0,0.0009618657,16.67,0.15,4
546.0,547.0,50.9647505498,2800.0,0.0008492427,16.67,0.15,4
546.0,550.0,74.3810237813,2800.0,0.0012394358,16.67,0.15,4
547.0,548.0,138.8255284776,2800.0,0.0023132961,16.67,0.15,4
547.0,549.0,60.7892131271,2800.0,0.001012951,16.67,0.15,4
549.0,649.0,46.861097642,2800.0,0.0007808621,16.67,0.15,4
550.0,551.0,66.9091969691,2800.0,0.0011149303,16.67,0.15,4
551.0,564.0,41.5273487897,2800.0,0.0006919841,16.67,0.15,4
551.0,552.0,86.043130549,2800.0,0.0014337654,16.67,0.15,4
552.0,583.0,159.4702534018,2800.0,0.0026573061,16.67,0.15,4
552.0,564.0,86.9141052018,1300.0,0.0021730699,11.11,0.15,4
552.0,644.0,72.5431123261,2800.0,0.0012088101,16.67,0.15,4
553.0,644.0,100.5151874279,2800.0,0.0016749181,16.67,0.15,4
554.0,598.0,105.6379117394,2800.0,0.0017602798,16.67,0.15,4
556.0,557.0,71.9198881302,2800.0,0.0011984251,16.67,0.15,4
558.0,559.0,61.1337907246,2800.0,0.0010186928,16.67,0.15,4
559.0,598.0,96.8790048261,2800.0,0.0016143272,16.67,0.15,4
560.0,583.0,97.2813203345,1300.0,0.0024322762,11.11,0.15,4
563.0,599.0,60.4788399507,2800.0,0.0010077791,16.67,0.15,4
564.0,582.0,137.6369307292,2800.0,0.0022934901,16.67,0.15,4
565.0,566.0,150.9949228483,2800.0,0.0025160788,16.67,0.15,4
565.0,567.0,39.2052447202,5250.0,0.0004901146,22.22,0.15,4
565.0,568.0,49.391540205,5250.0,0.000617456,22.22,0.15,4
565.0,602.0,135.7759040237,2800.0,0.0022624792,16.67,0.15,4
566.0,649.0,37.2591674738,2800.0,0.000620862,16.67,0.15,4
567.0,588.0,135.9665790714,2800.0,0.0022656565,16.67,0.15,4
567.0,649.0,153.1921996516,2800.0,0.0025526928,16.67,0.15,4
568.0,603.0,134.2317586742,2800.0,0.0022367486,16.67,0.15,4
569.0,639.0,59.0429373974,2800.0,0.0009838522,16.67,0.15,4
571.0,728.0,92.3487917161,5250.0,0.0011544753,22.22,0.15,4
571.0,893.0,100.6033819805,2800.0,0.0016763878,16.67,0.15,4
572.0,573.0,121.0830879268,5250.0,0.00151369,22.22,0.15,4
572.0,578.0,92.1925367853,2800.0,0.001536235,16.67,0.15,4
572.0,779.0,146.9295290298,5250.0,0.0018368028,22.22,0.15,4
573.0,610.0,142.980374026,2800.0,0.0023825297,16.67,0.15,4
573.0,937.0,113.8209618989,1300.0,0.0028458086,11.11,0.15,4
574.0,575.0,92.280315068,5250.0,0.0011536193,22.22,0.15,4
574.0,576.0,71.8206021092,2800.0,0.0011967707,16.67,0.15,4
574.0,611.0,105.6621307569,1300.0,0.0026418175,11.11,0.15,4
574.0,846.0,134.8406448547,5250.0,0.0016856766,22.22,0.15,4
575.0,779.0,56.8439340812,5250.0,0.0007106202,22.22,0.15,4
575.0,779.0,63.9046598706,2800.0,0.0010648647,16.67,0.15,4
575.0,576.0,116.3501014642,2800.0,0.0019387806,16.67,0.15,4
577.0,578.0,34.3142605382,2800.0,0.00057179,16.67,0.15,4
577.0,579.0,133.7546208699,2800.0,0.0022287979,16.67,0.15,4
577.0,591.0,70.9410798604,2800.0,0.0011821149,16.67,0.15,4
578.0,779.0,162.2905372805,2800.0,0.0027043014,16.67,0.15,4
579.0,611.0,142.8937979159,1300.0,0.0035727022,11.11,0.15,4
579.0,779.0,114.2558343891,5250.0,0.0014283408,22.22,0.15,4
580.0,581.0,54.1089302813,2800.0,0.0009016352,16.67,0.15,4
581.0,923.0,85.0004298941,2800.0,0.0014163906,16.67,0.15,4
582.0,583.0,63.5174593868,2800.0,0.0010584126,16.67,0.15,4
587.0,588.0,125.5302288035,1300.0,0.0031385696,11.11,0.15,4
587.0,589.0,61.128559261,2800.0,0.0010186056,16.67,0.15,4
587.0,768.0,44.7754037219,2800.0,0.0007461075,16.67,0.15,4
588.0,602.0,38.8852955196,5250.0,0.0004861148,22.22,0.15,4
588.0,651.0,131.5012670448,2800.0,0.0021912495,16.67,0.15,4
590.0,591.0,53.7900533901,2800.0,0.0008963216,16.67,0.15,4
590.0,593.0,82.19347625,2800.0,0.0013696173,16.67,0.15,4
591.0,610.0,66.8058458895,2800.0,0.0011132081,16.67,0.15,4
592.0,594.0,35.5176620251,2800.0,0.0005918427,16.67,0.15,4
592.0,593.0,71.1410883316,1300.0,0.0017787051,11.11,0.15,4
593.0,594.0,71.4144671626,2800.0,0.0011900031,16.67,0.15,4
593.0,608.0,162.5355086778,2800.0,0.0027083835,16.67,0.15,4
595.0,600.0,62.0084597816,1300.0,0.0015503665,11.11,0.15,4
596.0,646.0,144.6375066237,1300.0,0.0036162993,11.11,0.15,4
598.0,768.0,164.7226128118,2800.0,0.0027448279,16.67,0.15,4
599.0,637.0,94.6493210696,2800.0,0.0015771732,16.67,0.15,4
599.0,633.0,55.402210766,2800.0,0.0009231855,16.67,0.15,4
600.0,601.0,180.0598309501,2800.0,0.0030003971,16.67,0.15,4
600.0,646.0,70.9559490753,2800.0,0.0011823627,16.67,0.15,4
601.0,875.0,47.0004979988,2800.0,0.000783185,16.67,0.15,4
601.0,645.0,202.2640491181,2800.0,0.0033703934,16.67,0.15,4
601.0,874.0,68.2137872776,2800.0,0.0011366691,16.67,0.15,4
602.0,603.0,50.3758615925,2800.0,0.0008394298,16.67,0.15,4
602.0,650.0,130.3447278571,2800.0,0.0021719777,16.67,0.15,4
604.0,886.0,35.7507504698,5250.0,0.0004469291,22.22,0.15,4
605.0,606.0,133.3581889431,1300.0,0.0033342882,11.11,0.15,4
605.0,607.0,114.1437059572,7000.0,0.001426939,22.22,0.15,4
605.0,886.0,58.3189174191,5250.0,0.0007290594,22.22,0.15,4
606.0,851.0,67.4562570717,2800.0,0.0011240461,16.67,0.15,4
606.0,608.0,64.6353818801,2800.0,0.001077041,16.67,0.15,4
607.0,608.0,128.4398085663,5250.0,0.0016056582,22.22,0.15,4
607.0,609.0,91.581376751,7000.0,0.0011448817,22.22,0.15,4
607.0,610.0,143.4164191631,2800.0,0.0023897957,16.67,0.15,4
608.0,851.0,122.6768254619,1300.0,0.0030672274,11.11,0.15,4
609.0,944.0,82.1804822854,2800.0,0.0013694008,16.67,0.15,4
610.0,944.0,47.4764086258,2800.0,0.0007911153,16.67,0.15,4
612.0,613.0,60.8133626419,5250.0,0.0007602431,22.22,0.15,4
612.0,614.0,47.4389456318,1300.0,0.0011860923,11.11,0.15,4
613.0,614.0,106.8720761607,1300.0,0.0026720691,11.11,0.15,4
614.0,674.0,102.7939180858,2800.0,0.0017128894,16.67,0.15,4
616.0,618.0,164.6973771059,2800.0,0.0027444074,16.67,0.15,4
616.0,684.0,69.1831203596,2800.0,0.0011528214,16.67,0.15,4
618.0,693.0,139.7955766232,2800.0,0.0023294604,16.67,0.15,4
618.0,765.0,371.0843955544,1300.0,0.0092780377,11.11,0.15,4
619.0,620.0,282.2008705002,2800.0,0.0047024074,16.67,0.15,4
619.0,621.0,41.0199051928,8750.0,0.0005128001,22.22,0.15,4
619.0,622.0,153.0889753184,2800.0,0.0025509727,16.67,0.15,4
620.0,952.0,107.0718455963,1300.0,0.0026770638,11.11,0.15,4
620.0,932.0,125.8895668163,2800.0,0.0020977399,16.67,0.15,4
621.0,882.0,80.4737445694,8750.0,0.0010060224,22.22,0.15,4
621.0,757.0,445.2821049959,5250.0,0.005566583,22.22,0.15,4
622.0,729.0,147.479481687,5250.0,0.0018436779,22.22,0.15,4
622.0,623.0,119.130416281,1300.0,0.0029785583,11.11,0.15,4
623.0,761.0,133.7894638082,2800.0,0.0022293785,16.67,0.15,4
624.0,625.0,131.6895968644,5250.0,0.0016462846,22.22,0.15,4
624.0,626.0,122.9317112921,5250.0,0.0015368001,22.22,0.15,4
625.0,797.0,134.7633735013,5250.0,0.0016847106,22.22,0.15,4
626.0,627.0,150.772571649,2800.0,0.0025123737,16.67,0.15,4
626.0,927.0,145.9779972614,2800.0,0.0024324801,16.67,0.15,4
626.0,685.0,143.8886312083,5250.0,0.0017987878,22.22,0.15,4
627.0,767.0,194.7297109335,1300.0,0.0048687296,11.11,0.15,4
627.0,917.0,138.4827302728,2800.0,0.002307584,16.67,0.15,4
627.0,927.0,56.7765353771,1300.0,0.0014195553,11.11,0.15,4
628.0,704.0,126.6228941491,7000.0,0.0015829445,22.22,0.15,4
629.0,704.0,54.5587925857,2800.0,0.0009091314,16.67,0.15,4
631.0,632.0,77.2953176525,5250.0,0.0009662881,22.22,0.15,4
631.0,873.0,117.8386855216,5250.0,0.0014731309,22.22,0.15,4
634.0,635.0,162.3023899583,2800.0,0.0027044989,16.67,0.15,4
634.0,819.0,239.0289049644,2800.0,0.0039830185,16.67,0.15,4
639.0,640.0,93.373418524,2800.0,0.0015559125,16.67,0.15,4
639.0,642.0,85.8699593031,2800.0,0.0014308798,16.67,0.15,4
640.0,643.0,78.2434764649,2800.0,0.0013037972,16.67,0.15,4
641.0,642.0,76.1674607852,2800.0,0.0012692038,16.67,0.15,4
642.0,643.0,100.8347204298,2800.0,0.0016802426,16.67,0.15,4
645.0,646.0,68.5722636756,2800.0,0.0011426425,16.67,0.15,4
645.0,647.0,187.144086825,2800.0,0.0031184444,16.67,0.15,4
645.0,815.0,113.762013695,1300.0,0.0028443348,11.11,0.15,4
646.0,803.0,230.8878871277,2800.0,0.003847362,16.67,0.15,4
647.0,803.0,94.3694701992,2800.0,0.00157251,16.67,0.15,4
647.0,815.0,199.3169139451,1300.0,0.0049834212,11.11,0.15,4
648.0,650.0,135.8885825023,2800.0,0.0022643568,16.67,0.15,4
650.0,651.0,57.3774266971,2800.0,0.0009560992,16.67,0.15,4
650.0,651.0,57.0979539601,2800.0,0.0009514423,16.67,0.15,4
652.0,653.0,59.6510455663,7000.0,0.0007457126,22.22,0.15,4
652.0,789.0,62.2530667129,5250.0,0.0007782412,22.22,0.15,4
653.0,789.0,92.1965352994,2800.0,0.0015363017,16.67,0.15,4
654.0,852.0,60.5732737032,2800.0,0.0010093527,16.67,0.15,4
655.0,656.0,104.4576218282,1300.0,0.0026117017,11.11,0.15,4
655.0,657.0,69.6149524669,7000.0,0.0008702739,22.22,0.15,4
656.0,658.0,67.0472853398,7000.0,0.0008381749,22.22,0.15,4
657.0,658.0,91.4406373863,8750.0,0.0011431223,22.22,0.15,4
659.0,706.0,63.3918353207,2800.0,0.0010563193,16.67,0.15,4
660.0,664.0,76.7484845576,8750.0,0.000959452,22.22,0.15,4
661.0,662.0,86.1830108948,5250.0,0.0010773954,22.22,0.15,4
661.0,663.0,58.1996364565,5250.0,0.0007275682,22.22,0.15,4
661.0,665.0,101.7411338553,5250.0,0.0012718914,22.22,0.15,4
662.0,895.0,40.2742244277,2800.0,0.0006711029,16.67,0.15,4
663.0,895.0,120.5920531642,5250.0,0.0015075514,22.22,0.15,4
664.0,665.0,125.1025619203,5250.0,0.0015639384,22.22,0.15,4
666.0,667.0,51.0657435735,2800.0,0.0008509255,16.67,0.15,4
666.0,668.0,120.5281243941,2800.0,0.0020084004,16.67,0.15,4
666.0,669.0,213.0885533489,2800.0,0.0035507657,16.67,0.15,4
667.0,680.0,197.0143008303,2800.0,0.0032829151,16.67,0.15,4
667.0,675.0,183.5482217196,2800.0,0.0030585253,16.67,0.15,4
668.0,682.0,110.1002205562,2800.0,0.0018346367,16.67,0.15,4
668.0,683.0,128.6010527921,2800.0,0.0021429223,16.67,0.15,4
669.0,682.0,84.1487981619,2800.0,0.0014021995,16.67,0.15,4
671.0,698.0,31.054584427,2800.0,0.0005174729,16.67,0.15,4
671.0,672.0,141.0075048539,2800.0,0.0023496551,16.67,0.15,4
672.0,697.0,53.9203870324,2800.0,0.0008984934,16.67,0.15,4
674.0,680.0,33.3653988798,2800.0,0.0005559788,16.67,0.15,4
675.0,676.0,47.0048023825,2800.0,0.0007832567,16.67,0.15,4
676.0,680.0,108.6130655831,2800.0,0.0018098558,16.67,0.15,4
676.0,681.0,36.9414479476,2800.0,0.0006155677,16.67,0.15,4
679.0,941.0,118.1299124355,2800.0,0.0019684382,16.67,0.15,4
681.0,709.0,174.4167992659,2800.0,0.0029063654,16.67,0.15,4
682.0,683.0,77.9637226804,1300.0,0.001949288,11.11,0.15,4
685.0,686.0,76.8837253066,2800.0,0.0012811392,16.67,0.15,4
685.0,692.0,135.9398627888,2800.0,0.0022652113,16.67,0.15,4
687.0,688.0,77.6681591406,5250.0,0.0009709491,22.22,0.15,4
687.0,689.0,68.557212096,2800.0,0.0011423917,16.67,0.15,4
688.0,910.0,67.5990027914,1300.0,0.0016901441,11.11,0.15,4
689.0,910.0,79.9964061718,1300.0,0.0020001102,11.11,0.15,4
691.0,908.0,52.5517518334,1300.0,0.0013139252,11.11,0.15,4
691.0,909.0,107.3204132902,2800.0,0.0017883159,16.67,0.15,4
692.0,764.0,67.6166331175,2800.0,0.0011267185,16.67,0.15,4
692.0,927.0,131.3619605985,2800.0,0.0021889282,16.67,0.15,4
693.0,694.0,135.270254709,2800.0,0.0022540534,16.67,0.15,4
694.0,765.0,128.8414877068,2800.0,0.0021469287,16.67,0.15,4
695.0,697.0,204.9997405733,2800.0,0.0034159791,16.67,0.15,4
695.0,932.0,185.9010464054,5250.0,0.0023239955,22.22,0.15,4
696.0,932.0,60.4061224798,2800.0,0.0010065674,16.67,0.15,4
696.0,710.0,153.7245550114,2800.0,0.0025615636,16.67,0.15,4
696.0,752.0,149.870820085,1300.0,0.0037471452,11.11,0.15,4
697.0,752.0,282.1776075304,2800.0,0.0047020197,16.67,0.15,4
698.0,765.0,130.6932638466,2800.0,0.0021777855,16.67,0.15,4
699.0,700.0,64.8166137688,1300.0,0.0016205774,11.11,0.15,4
699.0,868.0,68.369065815,1300.0,0.0017093976,11.11,0.15,4
699.0,878.0,106.7577905133,1300.0,0.0026692117,11.11,0.15,4
700.0,879.0,36.7438417863,2800.0,0.0006122749,16.67,0.15,4
700.0,864.0,116.3661649707,2800.0,0.0019390483,16.67,0.15,4
703.0,868.0,72.7661048604,2800.0,0.0012125259,16.67,0.15,4
703.0,877.0,97.7637218835,2800.0,0.0016290696,16.67,0.15,4
703.0,869.0,70.377461694,2800.0,0.0011727232,16.67,0.15,4
704.0,705.0,367.0537777266,2800.0,0.0061163397,16.67,0.15,4
705.0,918.0,117.0796049694,2800.0,0.0019509366,16.67,0.15,4
705.0,748.0,143.3632622341,1300.0,0.00358444,11.11,0.15,4
705.0,867.0,328.1778175533,1300.0,0.008205266,11.11,0.15,4
705.0,862.0,65.0333984055,2800.0,0.0010836732,16.67,0.15,4
706.0,707.0,61.9011518398,2800.0,0.0010314796,16.67,0.15,4
706.0,708.0,44.82023396,2800.0,0.0007468545,16.67,0.15,4
707.0,708.0,84.8726830487,2800.0,0.0014142619,16.67,0.15,4
709.0,939.0,73.7677833315,2800.0,0.0012292172,16.67,0.15,4
710.0,820.0,1103.8827997346,5250.0,0.013799915,22.22,0.15,4
710.0,752.0,93.8635600158,5250.0,0.0011734118,22.22,0.15,4
710.0,946.0,1240.9456121551,5250.0,0.0155133715,22.22,0.15,4
711.0,866.0,51.4598358743,7000.0,0.0006433123,22.22,0.15,4
711.0,877.0,75.0306028069,5250.0,0.0009379763,22.22,0.15,4
716.0,717.0,109.1308637788,5250.0,0.0013642722,22.22,0.15,4
716.0,718.0,148.4959433953,5250.0,0.0018563849,22.22,0.15,4
716.0,727.0,35.2367942142,5250.0,0.000440504,22.22,0.15,4
717.0,738.0,73.4601352609,5250.0,0.0009183435,22.22,0.15,4
717.0,720.0,133.0463440644,2800.0,0.0022169957,16.67,0.15,4
718.0,724.0,33.1791954746,2800.0,0.000552876,16.67,0.15,4
718.0,719.0,95.70087074,5250.0,0.0011963805,22.22,0.15,4
718.0,720.0,42.5718241589,2800.0,0.0007093885,16.67,0.15,4
719.0,720.0,85.333314181,2800.0,0.0014219375,16.67,0.15,4
719.0,721.0,203.961654472,5250.0,0.0025497757,22.22,0.15,4
720.0,741.0,135.2724871859,2800.0,0.0022540906,16.67,0.15,4
721.0,722.0,34.8294514081,5250.0,0.0004354117,22.22,0.15,4
721.0,723.0,100.9848043086,5250.0,0.0012624363,22.22,0.15,4
721.0,778.0,41.0967194348,5250.0,0.0005137604,22.22,0.15,4
722.0,747.0,107.9749661654,2800.0,0.0017992229,16.67,0.15,4
722.0,785.0,157.4719611436,5250.0,0.0019685964,22.22,0.15,4
723.0,792.0,43.9864831537,5250.0,0.000549886,22.22,0.15,4
723.0,785.0,68.1595982221,2800.0,0.0011357662,16.67,0.15,4
723.0,778.0,91.4987931251,5250.0,0.0011438493,22.22,0.15,4
724.0,727.0,150.3816166569,5250.0,0.0018799582,22.22,0.15,4
725.0,726.0,149.8419900995,2800.0,0.0024968671,16.67,0.15,4
725.0,766.0,137.0247304374,2800.0,0.0022832888,16.67,0.15,4
725.0,767.0,145.6340349326,2800.0,0.0024267486,16.67,0.15,4
725.0,913.0,128.25249736,2800.0,0.0021371142,16.67,0.15,4
725.0,917.0,144.3144368018,1300.0,0.0036082217,11.11,0.15,4
726.0,929.0,158.590188213,2800.0,0.0026426413,16.67,0.15,4
726.0,942.0,74.7029585089,2800.0,0.0012448003,16.67,0.15,4
726.0,833.0,63.684932044,2800.0,0.0010612033,16.67,0.15,4
728.0,854.0,100.2085851194,1300.0,0.0025054652,11.11,0.15,4
729.0,763.0,143.4516139345,5250.0,0.0017933245,22.22,0.15,4
729.0,760.0,188.614722188,2800.0,0.0031429501,16.67,0.15,4
730.0,731.0,63.2127242052,1300.0,0.0015804762,11.11,0.15,4
730.0,732.0,101.3227463712,2800.0,0.0016883748,16.67,0.15,4
732.0,732.0,490.5803547234,2800.0,0.0081747043,16.67,0.15,4
732.0,732.0,490.5803547234,2800.0,0.0081747043,16.67,0.15,4
733.0,734.0,133.5766029211,2800.0,0.0022258315,16.67,0.15,4
733.0,735.0,263.8212277072,7000.0,0.0032980952,22.22,0.15,4
733.0,736.0,137.059305961,7000.0,0.0017134127,22.22,0.15,4
733.0,840.0,53.2813767418,2800.0,0.0008878454,16.67,0.15,4
734.0,741.0,134.0978633557,2800.0,0.0022345175,16.67,0.15,4
734.0,743.0,135.0998942909,2800.0,0.0022512147,16.67,0.15,4
735.0,771.0,137.6721656125,5250.0,0.0017210742,22.22,0.15,4
735.0,772.0,128.2784486238,7000.0,0.001603641,22.22,0.15,4
735.0,853.0,71.5157766641,2800.0,0.0011916913,16.67,0.15,4
736.0,740.0,50.9183998817,5250.0,0.0006365437,22.22,0.15,4
736.0,743.0,137.4097029224,7000.0,0.0017177931,22.22,0.15,4
737.0,811.0,118.6451409013,5250.0,0.0014832126,22.22,0.15,4
738.0,739.0,61.9966743121,5250.0,0.0007750359,22.22,0.15,4
739.0,741.0,133.491427883,2800.0,0.0022244122,16.67,0.15,4
739.0,742.0,40.3429479546,7000.0,0.0005043373,22.22,0.15,4
740.0,841.0,38.1567660255,5250.0,0.0004770073,22.22,0.15,4
740.0,840.0,136.2114787714,1300.0,0.0034056275,11.11,0.15,4
741.0,778.0,266.4028809214,2800.0,0.0044391602,16.67,0.15,4
742.0,743.0,91.689984276,7000.0,0.0011462394,22.22,0.15,4
744.0,745.0,169.2677029077,2800.0,0.0028205643,16.67,0.15,4
744.0,931.0,69.9981070081,2800.0,0.0011664018,16.67,0.15,4
745.0,870.0,70.461526443,2800.0,0.0011741239,16.67,0.15,4
745.0,871.0,48.071071514,2800.0,0.0008010243,16.67,0.15,4
747.0,786.0,128.8345999013,2800.0,0.002146814,16.67,0.15,4
748.0,749.0,55.15673143,1300.0,0.0013790562,11.11,0.15,4
749.0,759.0,121.9083989374,2800.0,0.0020314004,16.67,0.15,4
750.0,751.0,150.9150367878,1300.0,0.0037732532,11.11,0.15,4
751.0,752.0,139.6664814069,1300.0,0.0034920112,11.11,0.15,4
753.0,883.0,147.1884705356,5250.0,0.0018400399,22.22,0.15,4
753.0,754.0,156.937581964,2800.0,0.0026151033,16.67,0.15,4
754.0,756.0,133.1699811657,2800.0,0.0022190559,16.67,0.15,4
755.0,756.0,134.4870266407,2800.0,0.0022410022,16.67,0.15,4
755.0,923.0,112.9267386102,2800.0,0.001881736,16.67,0.15,4
757.0,758.0,111.7918487806,5250.0,0.0013975379,22.22,0.15,4
757.0,763.0,34.0268561147,2800.0,0.0005670009,16.67,0.15,4
757.0,829.0,72.1930862407,5250.0,0.0009025038,22.22,0.15,4
758.0,773.0,137.2486666098,2800.0,0.0022870204,16.67,0.15,4
758.0,943.0,124.8822328712,1300.0,0.0031223681,11.11,0.15,4
760.0,761.0,129.8633164081,2800.0,0.0021639558,16.67,0.15,4
760.0,762.0,112.3396984355,1300.0,0.0028087733,11.11,0.15,4
760.0,930.0,133.2710072287,2800.0,0.0022207393,16.67,0.15,4
761.0,797.0,136.9622889842,2800.0,0.0022822484,16.67,0.15,4
761.0,762.0,257.3020371212,1300.0,0.0064331942,11.11,0.15,4
762.0,767.0,157.1602569088,1300.0,0.0039293994,11.11,0.15,4
763.0,930.0,123.5677734579,2800.0,0.0020590511,16.67,0.15,4
764.0,912.0,66.1932196506,2800.0,0.0011029997,16.67,0.15,4
766.0,930.0,134.9477203208,2800.0,0.0022486789,16.67,0.15,4
767.0,917.0,41.1778496029,1300.0,0.0010295492,11.11,0.15,4
769.0,770.0,84.5830490079,2800.0,0.0014094356,16.67,0.15,4
771.0,778.0,130.742063999,5250.0,0.0016344392,22.22,0.15,4
771.0,777.0,129.4652577701,2800.0,0.0021573228,16.67,0.15,4
772.0,774.0,56.2782029272,7000.0,0.0007035479,22.22,0.15,4
772.0,777.0,138.6551147284,2800.0,0.0023104565,16.67,0.15,4
773.0,774.0,79.745718879,7000.0,0.0009969212,22.22,0.15,4
773.0,830.0,155.65048737,1300.0,0.0038916513,11.11,0.15,4
774.0,775.0,137.4726334952,2800.0,0.0022907524,16.67,0.15,4
774.0,776.0,68.5723707709,1300.0,0.0017144807,11.11,0.15,4
775.0,777.0,56.7257425324,2800.0,0.00094524,16.67,0.15,4
775.0,793.0,84.3929140995,2800.0,0.0014062673,16.67,0.15,4
775.0,830.0,74.5347615783,2800.0,0.0012419976,16.67,0.15,4
776.0,853.0,182.8524448847,1300.0,0.0045717683,11.11,0.15,4
776.0,822.0,231.4987216392,1300.0,0.0057880468,11.11,0.15,4
777.0,792.0,111.9073634744,2800.0,0.0018647498,16.67,0.15,4
780.0,781.0,30.2472268919,1300.0,0.0007562563,11.11,0.15,4
782.0,783.0,57.213385154,2800.0,0.0009533657,16.67,0.15,4
785.0,786.0,226.7467506935,2800.0,0.0037783568,16.67,0.15,4
786.0,942.0,72.522609084,2800.0,0.0012084685,16.67,0.15,4
787.0,788.0,80.0253541953,7000.0,0.001000417,22.22,0.15,4
790.0,938.0,71.8730374743,2800.0,0.0011976444,16.67,0.15,4
791.0,889.0,88.0032888805,1300.0,0.0022003023,11.11,0.15,4
792.0,793.0,62.1842207431,5250.0,0.0007773805,22.22,0.15,4
793.0,829.0,167.250772422,5250.0,0.0020908437,22.22,0.15,4
794.0,795.0,134.6173618794,2800.0,0.0022431741,16.67,0.15,4
794.0,796.0,118.267707834,2800.0,0.0019707343,16.67,0.15,4
794.0,809.0,133.981281406,2800.0,0.0022325748,16.67,0.15,4
795.0,810.0,135.9457919173,1300.0,0.0033989847,11.11,0.15,4
795.0,808.0,101.9642429302,1300.0,0.002549361,11.11,0.15,4
796.0,839.0,99.9307039603,1300.0,0.0024985175,11.11,0.15,4
796.0,825.0,57.998130432,2800.0,0.0009664422,16.67,0.15,4
796.0,822.0,60.7352183937,2800.0,0.0010120512,16.67,0.15,4
796.0,807.0,170.7708574987,2800.0,0.0028456118,16.67,0.15,4
796.0,808.0,151.2514668218,1300.0,0.0037816648,11.11,0.15,4
798.0,799.0,144.694355198,2800.0,0.0024110904,16.67,0.15,4
798.0,844.0,123.2525255206,1300.0,0.0030816213,11.11,0.15,4
798.0,815.0,50.3327701347,1300.0,0.0012584451,11.11,0.15,4
799.0,806.0,221.1945647746,1300.0,0.0055304172,11.11,0.15,4
799.0,859.0,71.2293467055,1300.0,0.0017809118,11.11,0.15,4
799.0,856.0,67.342257126,2800.0,0.0011221465,16.67,0.15,4
800.0,801.0,56.361443636,1300.0,0.001409177,11.11,0.15,4
800.0,809.0,84.5230021739,2800.0,0.001408435,16.67,0.15,4
800.0,858.0,78.5015210056,1300.0,0.0019627343,11.11,0.15,4
801.0,802.0,80.0080611518,1300.0,0.0020004016,11.11,0.15,4
801.0,805.0,102.9539420663,1300.0,0.002574106,11.11,0.15,4
802.0,815.0,74.6276396292,1300.0,0.0018658776,11.11,0.15,4
802.0,856.0,85.1740814414,2800.0,0.0014192842,16.67,0.15,4
803.0,804.0,158.8955074124,2800.0,0.0026477289,16.67,0.15,4
803.0,805.0,56.6269061682,2800.0,0.0009435931,16.67,0.15,4
804.0,810.0,135.052655145,2800.0,0.0022504275,16.67,0.15,4
805.0,809.0,77.5590466546,2800.0,0.0012923923,16.67,0.15,4
806.0,814.0,429.205991705,1300.0,0.0107312229,11.11,0.15,4
806.0,838.0,120.9982821407,1300.0,0.0030252596,11.11,0.15,4
807.0,808.0,39.5111790725,1300.0,0.0009878783,11.11,0.15,4
807.0,823.0,146.8829011193,2800.0,0.0024475588,16.67,0.15,4
809.0,810.0,134.8357683131,2800.0,0.0022468134,16.67,0.15,4
810.0,816.0,132.5695580836,2800.0,0.0022090508,16.67,0.15,4
811.0,835.0,81.3452828403,5250.0,0.0010169177,22.22,0.15,4
811.0,843.0,93.3362284978,2800.0,0.0015552927,16.67,0.15,4
813.0,814.0,151.9178794968,1300.0,0.0037983268,11.11,0.15,4
814.0,882.0,84.1861670021,1300.0,0.0021048647,11.11,0.15,4
816.0,843.0,56.2750173525,2800.0,0.0009377294,16.67,0.15,4
816.0,834.0,66.7498790006,2800.0,0.0011122755,16.67,0.15,4
820.0,821.0,127.787029243,1300.0,0.0031949952,11.11,0.15,4
821.0,822.0,118.8840942559,2800.0,0.0019810054,16.67,0.15,4
821.0,943.0,296.3867523157,1300.0,0.0074104098,11.11,0.15,4
822.0,823.0,289.5339700231,2800.0,0.0048246012,16.67,0.15,4
822.0,823.0,300.5494609387,1300.0,0.007514488,11.11,0.15,4
822.0,853.0,48.1215076319,2800.0,0.0008018648,16.67,0.15,4
823.0,824.0,160.2582268191,2800.0,0.0026704364,16.67,0.15,4
823.0,840.0,73.3074008723,2800.0,0.0012215457,16.67,0.15,4
823.0,841.0,171.4100937058,1300.0,0.0042856809,11.11,0.15,4
823.0,836.0,169.1891021506,2800.0,0.0028192545,16.67,0.15,4
824.0,826.0,57.7014442271,5250.0,0.0007213402,22.22,0.15,4
824.0,841.0,57.5468897012,5250.0,0.0007194081,22.22,0.15,4
825.0,838.0,118.7423131485,1300.0,0.0029688547,11.11,0.15,4
825.0,839.0,53.2868312712,1300.0,0.001332304,11.11,0.15,4
826.0,842.0,88.0917835553,5250.0,0.0011012574,22.22,0.15,4
827.0,828.0,133.9001348974,2800.0,0.0022312227,16.67,0.15,4
829.0,830.0,78.5546800044,2800.0,0.0013089829,16.67,0.15,4
832.0,833.0,47.347366716,2800.0,0.000788965,16.67,0.15,4
832.0,929.0,50.4741638542,2800.0,0.0008410679,16.67,0.15,4
833.0,845.0,73.5046409055,2800.0,0.0012248324,16.67,0.15,4
834.0,835.0,136.3558189152,2800.0,0.0022721426,16.67,0.15,4
834.0,836.0,70.1782915153,2800.0,0.0011694043,16.67,0.15,4
835.0,842.0,71.253717691,5250.0,0.0008907605,22.22,0.15,4
836.0,842.0,136.6952548999,2800.0,0.0022777987,16.67,0.15,4
838.0,946.0,63.4828638829,1300.0,0.0015872303,11.11,0.15,4
839.0,860.0,104.7494013132,1300.0,0.0026189969,11.11,0.15,4
839.0,861.0,52.2264639634,2800.0,0.000870267,16.67,0.15,4
845.0,942.0,57.6814801254,1300.0,0.0014421812,11.11,0.15,4
846.0,847.0,150.5874221755,2800.0,0.0025092885,16.67,0.15,4
847.0,902.0,208.8624722019,5250.0,0.002611042,22.22,0.15,4
847.0,848.0,113.0706349819,2800.0,0.0018841338,16.67,0.15,4
847.0,925.0,91.1960913711,5250.0,0.0011400651,22.22,0.15,4
847.0,849.0,131.6337976412,5250.0,0.001645587,22.22,0.15,4
848.0,849.0,86.7071596191,2800.0,0.0014448304,16.67,0.15,4
849.0,885.0,196.7276528922,5250.0,0.0024593416,22.22,0.15,4
851.0,887.0,49.4493245128,2800.0,0.0008239906,16.67,0.15,4
851.0,886.0,149.0046221522,1300.0,0.0037254881,11.11,0.15,4
854.0,893.0,90.3550647116,1300.0,0.0022591025,11.11,0.15,4
855.0,921.0,108.0000792401,2800.0,0.0017996414,16.67,0.15,4
856.0,857.0,58.5062904222,1300.0,0.0014628035,11.11,0.15,4
857.0,858.0,40.6673576576,1300.0,0.0010167856,11.11,0.15,4
857.0,859.0,54.3627285751,1300.0,0.0013592041,11.11,0.15,4
858.0,860.0,54.5114420626,1300.0,0.0013629223,11.11,0.15,4
859.0,860.0,38.4306781211,1300.0,0.000960863,11.11,0.15,4
859.0,861.0,98.0524240896,1300.0,0.0024515558,11.11,0.15,4
862.0,863.0,82.0210635873,2800.0,0.0013667444,16.67,0.15,4
862.0,891.0,78.1588076864,2800.0,0.0013023863,16.67,0.15,4
864.0,865.0,92.5301168745,1300.0,0.0023134843,11.11,0.15,4
865.0,869.0,41.8885238829,1300.0,0.0010473178,11.11,0.15,4
865.0,868.0,83.649755318,2800.0,0.0013938838,16.67,0.15,4
866.0,867.0,74.4946725558,7000.0,0.0009312765,22.22,0.15,4
866.0,876.0,85.0317264023,1300.0,0.0021260058,11.11,0.15,4
867.0,878.0,69.9877389791,1300.0,0.0017498685,11.11,0.15,4
867.0,891.0,166.8281334093,2800.0,0.0027799129,16.67,0.15,4
868.0,876.0,110.8256895152,1300.0,0.0027709193,11.11,0.15,4
870.0,874.0,90.0520392902,2800.0,0.0015005672,16.67,0.15,4
871.0,872.0,176.6837364301,2800.0,0.0029441401,16.67,0.15,4
871.0,873.0,191.8499589332,2800.0,0.0031968599,16.67,0.15,4
872.0,931.0,36.5675217947,7000.0,0.0004571397,22.22,0.15,4
873.0,875.0,44.1669107496,2800.0,0.000735968,16.67,0.15,4
874.0,875.0,30.7075999742,2800.0,0.000511691,16.67,0.15,4
876.0,877.0,58.6314960049,2800.0,0.0009769962,16.67,0.15,4
876.0,878.0,62.7584263299,2800.0,0.0010457646,16.67,0.15,4
878.0,880.0,62.8209057159,1300.0,0.0015706797,11.11,0.15,4
879.0,880.0,113.0553571683,1300.0,0.0028266666,11.11,0.15,4
879.0,881.0,55.8559040317,2800.0,0.0009307456,16.67,0.15,4
880.0,890.0,91.8242421035,1300.0,0.0022958356,11.11,0.15,4
881.0,890.0,113.6658285996,1300.0,0.0028419299,11.11,0.15,4
882.0,931.0,101.4417379624,8750.0,0.0012681485,22.22,0.15,4
890.0,891.0,83.2551176982,1300.0,0.0020815861,11.11,0.15,4
896.0,899.0,135.7628769975,2800.0,0.0022622622,16.67,0.15,4
900.0,916.0,133.8992020822,1300.0,0.0033478148,11.11,0.15,4
901.0,928.0,194.3683301417,1300.0,0.0048596942,11.11,0.15,4
903.0,904.0,32.2240624495,2800.0,0.0005369603,16.67,0.15,4
903.0,905.0,51.5874149984,2800.0,0.0008596183,16.67,0.15,4
904.0,905.0,36.7094585289,2800.0,0.000611702,16.67,0.15,4
906.0,907.0,102.8766072124,1300.0,0.0025721724,11.11,0.15,4
906.0,908.0,58.8354009455,1300.0,0.0014710321,11.11,0.15,4
907.0,929.0,87.825574815,2800.0,0.0014634669,16.67,0.15,4
907.0,915.0,48.3491010562,2800.0,0.0008056572,16.67,0.15,4
909.0,914.0,139.6266880656,2800.0,0.0023266461,16.67,0.15,4
909.0,915.0,64.6104558662,2800.0,0.0010766256,16.67,0.15,4
911.0,912.0,130.6218805674,2800.0,0.002176596,16.67,0.15,4
911.0,913.0,135.1814333723,2800.0,0.0022525734,16.67,0.15,4
911.0,917.0,88.1753360404,1300.0,0.0022046039,11.11,0.15,4
911.0,927.0,131.8743852104,2800.0,0.0021974669,16.67,0.15,4
912.0,919.0,75.7793189431,2800.0,0.0012627361,16.67,0.15,4
912.0,920.0,131.7017790835,2800.0,0.0021945907,16.67,0.15,4
913.0,929.0,136.069102446,2800.0,0.0022673649,16.67,0.15,4
913.0,920.0,129.8376662069,2800.0,0.0021635284,16.67,0.15,4
915.0,920.0,136.2567100016,2800.0,0.0022704911,16.67,0.15,4
915.0,929.0,137.871672151,2800.0,0.0022974017,16.67,0.15,4
922.0,923.0,66.2912729997,5250.0,0.0008287238,22.22,0.15,4
923.0,924.0,63.8396236196,5250.0,0.0007980751,22.22,0.15,4
935.0,936.0,68.1973333833,1300.0,0.0017051038,11.11,0.15,4
936.0,945.0,35.0112825462,5250.0,0.0004376848,22.22,0.15,4
945.0,947.0,146.6663952229,1300.0,0.0036670266,11.11,0.15,4
