0.0,1.0,146.3387471534,2800.0,0.0024384914,16.67,0.15,4
0.0,947.0,89.8473261315,2800.0,0.001497156,16.67,0.15,4
1.0,680.0,189.8496299174,2800.0,0.0031635278,16.67,0.15,4
2.0,3.0,168.8007645052,2800.0,0.0028127835,16.67,0.15,4
2.0,3.0,158.6237078511,2800.0,0.0026431998,16.67,0.15,4
2.0,4.0,298.9386483902,7000.0,0.0037371068,22.22,0.15,4
2.0,5.0,367.3804860737,2800.0,0.0061217837,16.67,0.15,4
2.0,5.0,381.4800100712,2800.0,0.0063567288,16.67,0.15,4
2.0,364.0,475.1435594715,2800.0,0.0079174758,16.67,0.15,4
2.0,451.0,256.4352807216,2800.0,0.0042730667,16.67,0.15,4
2.0,366.0,182.9354137869,2800.0,0.0030483139,16.67,0.15,4
2.0,366.0,173.5022824006,2800.0,0.0028911265,16.67,0.15,4
3.0,352.0,152.0407653582,2800.0,0.0025335061,16.67,0.15,4
3.0,293.0,200.906605358,2800.0,0.0033477739,16.67,0.15,4
3.0,294.0,176.2957648284,2800.0,0.0029376752,16.67,0.15,4
4.0,352.0,131.3733413848,7000.0,0.001642331,22.22,0.15,4
4.0,315.0,156.6247913352,5250.0,0.0019580057,22.22,0.15,4
4.0,365.0,367.0098475835,2800.0,0.0061156077,16.67,0.15,4
5.0,291.0,242.0290603033,2800.0,0.0040330111,16.67,0.15,4
5.0,292.0,194.6639230007,2800.0,0.00324375,16.67,0.15,4
5.0,369.0,272.1404562758,2800.0,0.0045347673,16.67,0.15,4
5.0,9.0,295.4334334557,2800.0,0.004922906,16.67,0.15,4
5.0,293.0,490.0193186408,2800.0,0.0081653556,16.67,0.15,4
5.0,444.0,433.3975740857,2800.0,0.0072218485,16.67,0.15,4
5.0,368.0,337.3579310663,2800.0,0.0056215079,16.67,0.15,4
6.0,7.0,65.2792103577,2800.0,0.0010877693,16.67,0.15,4
6.0,8.0,129.0735025397,2800.0,0.0021507949,16.67,0.15,4
6.0,9.0,243.2511733353,2800.0,0.0040533755,16.67,0.15,4
6.0,10.0,108.2053226723,2800.0,0.0018030614,16.67,0.15,4
7.0,8.0,145.7080078474,2800.0,0.0024279812,16.67,0.15,4
7.0,11.0,177.8512025891,2800.0,0.002963594,16.67,0.15,4
8.0,11.0,241.0748588626,5250.0,0.0030137371,22.22,0.15,4
8.0,460.0,311.056365935,2800.0,0.0051832361,16.67,0.15,4
8.0,105.0,324.3730703138,2800.0,0.0054051368,16.67,0.15,4
8.0,474.0,142.0316316778,2800.0,0.0023667205,16.67,0.15,4
9.0,459.0,87.681388487,2800.0,0.0014610643,16.67,0.15,4
10.0,437.0,110.5006154484,2800.0,0.0018413087,16.67,0.15,4
10.0,444.0,151.2328015105,2800.0,0.0025200427,16.67,0.15,4
11.0,175.0,112.4939063994,5250.0,0.0014063145,22.22,0.15,4
11.0,432.0,139.7391792025,2800.0,0.0023285206,16.67,0.15,4
11.0,174.0,245.4775384307,2800.0,0.0040904742,16.67,0.15,4
12.0,13.0,162.8703865234,5250.0,0.0020360834,22.22,0.15,4
12.0,470.0,87.5777895118,2800.0,0.001459338,16.67,0.15,4
13.0,54.0,247.4605587401,5250.0,0.0030935663,22.22,0.15,4
13.0,471.0,88.3118290786,2800.0,0.0014715695,16.67,0.15,4
13.0,472.0,92.4292019199,2800.0,0.0015401787,16.67,0.15,4
13.0,962.0,80.7507480063,2800.0,0.0013455767,16.67,0.15,4
14.0,15.0,249.9032404499,7000.0,0.0031241029,22.22,0.15,4
14.0,100.0,174.0655968732,7000.0,0.0021760376,22.22,0.15,4
14.0,84.0,107.7126034309,2800.0,0.0017948511,16.67,0.15,4
14.0,224.0,194.9836296191,7000.0,0.0024375391,22.22,0.15,4
15.0,17.0,141.695483292,2800.0,0.0023611192,16.67,0.15,4
15.0,17.0,116.8925365297,1300.0,0.0029226057,11.11,0.15,4
15.0,224.0,150.3502896843,2800.0,0.0025053371,16.67,0.15,4
15.0,224.0,116.5796957482,2800.0,0.0019426064,16.67,0.15,4
15.0,597.0,186.7367005796,7000.0,0.0023344422,22.22,0.15,4
15.0,16.0,158.91435357,5250.0,0.0019866281,22.22,0.15,4
16.0,17.0,119.6859132066,2800.0,0.0019943663,16.67,0.15,4
16.0,525.0,124.0012019919,1300.0,0.0031003401,11.11,0.15,4
16.0,601.0,74.8085624953,2800.0,0.0012465601,16.67,0.15,4
17.0,597.0,186.5622599356,2800.0,0.0031087492,16.67,0.15,4
18.0,19.0,186.9480205805,1300.0,0.0046741679,11.11,0.15,4
18.0,644.0,89.9316572612,2800.0,0.0014985612,16.67,0.15,4
18.0,20.0,231.6196147617,2800.0,0.003859555,16.67,0.15,4
19.0,623.0,136.4102082576,1300.0,0.0034105963,11.11,0.15,4
19.0,624.0,104.4529928013,2800.0,0.0017405351,16.67,0.15,4
19.0,650.0,116.2248563847,2800.0,0.0019366936,16.67,0.15,4
20.0,675.0,175.0916863621,2800.0,0.0029176113,16.67,0.15,4
20.0,675.0,251.0510677363,2800.0,0.0041833478,16.67,0.15,4
20.0,671.0,265.4264905708,2800.0,0.0044228903,16.67,0.15,4
20.0,648.0,239.4776786893,2800.0,0.0039904965,16.67,0.15,4
20.0,673.0,98.7459147147,1300.0,0.0024688948,11.11,0.15,4
21.0,804.0,319.8327757268,7000.0,0.0039983095,22.22,0.15,4
21.0,804.0,341.7728958907,2800.0,0.0056950759,16.67,0.15,4
21.0,25.0,128.2214099639,7000.0,0.0016029279,22.22,0.15,4
21.0,810.0,214.187152109,2800.0,0.0035690721,16.67,0.15,4
22.0,23.0,188.3353494331,7000.0,0.0023544273,22.22,0.15,4
22.0,813.0,119.9230219233,2800.0,0.0019983174,16.67,0.15,4
22.0,813.0,148.3883272067,2800.0,0.0024726443,16.67,0.15,4
22.0,927.0,123.0859858864,2800.0,0.0020510229,16.67,0.15,4
22.0,807.0,181.3329578392,2800.0,0.0030216116,16.67,0.15,4
22.0,808.0,136.9909637714,7000.0,0.0017125583,22.22,0.15,4
22.0,873.0,153.4247587938,2800.0,0.002556568,16.67,0.15,4
23.0,919.0,166.1780273677,2800.0,0.00276908,16.67,0.15,4
23.0,930.0,115.0643020698,7000.0,0.0014384476,22.22,0.15,4
23.0,927.0,96.3609077711,5250.0,0.0012046318,22.22,0.15,4
23.0,957.0,79.9646249688,2800.0,0.0013324773,16.67,0.15,4
24.0,25.0,521.0994005752,2800.0,0.0086832534,16.67,0.15,4
24.0,222.0,365.0805014342,2800.0,0.0060834583,16.67,0.15,4
24.0,520.0,137.257688282,5250.0,0.0017158927,22.22,0.15,4
24.0,917.0,341.3389585746,2800.0,0.0056878451,16.67,0.15,4
25.0,949.0,109.3196326686,12250.0,0.0013666321,22.22,0.15,4
26.0,836.0,128.2902320601,5250.0,0.0016037883,22.22,0.15,4
26.0,520.0,193.8249028245,5250.0,0.0024230536,22.22,0.15,4
26.0,617.0,222.9660600029,2800.0,0.0037153579,16.67,0.15,4
26.0,940.0,265.4329096222,2800.0,0.0044229972,16.67,0.15,4
26.0,523.0,166.3619830568,2800.0,0.0027721453,16.67,0.15,4
27.0,28.0,165.5966734754,5250.0,0.0020701654,22.22,0.15,4
27.0,29.0,93.679167081,5250.0,0.0011711067,22.22,0.15,4
27.0,825.0,172.8864333638,2800.0,0.0028808644,16.67,0.15,4
28.0,505.0,159.9642831483,2800.0,0.0026655383,16.67,0.15,4
28.0,506.0,199.7333238741,5250.0,0.0024969162,22.22,0.15,4
29.0,836.0,123.1044723364,5250.0,0.0015389598,22.22,0.15,4
29.0,826.0,206.0476472532,2800.0,0.0034334408,16.67,0.15,4
29.0,940.0,109.5522342754,2800.0,0.0018255055,16.67,0.15,4
30.0,873.0,132.7291536821,1300.0,0.0033185607,11.11,0.15,4
30.0,843.0,102.6237508058,7000.0,0.0012829252,22.22,0.15,4
30.0,463.0,390.650509186,2800.0,0.0065095399,16.67,0.15,4
30.0,813.0,133.204833042,1300.0,0.0033304539,11.11,0.15,4
31.0,32.0,132.9616919152,7000.0,0.0016621874,22.22,0.15,4
31.0,872.0,111.6073838003,1300.0,0.0027904636,11.11,0.15,4
31.0,843.0,135.397486169,7000.0,0.0016926378,22.22,0.15,4
31.0,463.0,243.9974098087,5250.0,0.0030502726,22.22,0.15,4
32.0,33.0,203.1517657297,1300.0,0.0050793021,11.11,0.15,4
32.0,33.0,147.9072722353,7000.0,0.0018490258,22.22,0.15,4
33.0,34.0,214.4099737609,1300.0,0.0053607854,11.11,0.15,4
33.0,35.0,115.0148990967,1300.0,0.00287566,11.11,0.15,4
33.0,842.0,116.9839220189,7000.0,0.0014624453,22.22,0.15,4
33.0,841.0,85.6374533762,2800.0,0.0014270055,16.67,0.15,4
34.0,35.0,69.305440127,2800.0,0.0011548597,16.67,0.15,4
34.0,213.0,135.7236129745,2800.0,0.0022616079,16.67,0.15,4
34.0,464.0,107.1120828053,2800.0,0.0017848444,16.67,0.15,4
35.0,213.0,155.3892601525,5250.0,0.00194256,22.22,0.15,4
35.0,841.0,78.8617148675,2800.0,0.0013140991,16.67,0.15,4
36.0,258.0,140.3948440421,2800.0,0.0023394462,16.67,0.15,4
36.0,39.0,156.5192630912,2800.0,0.0026081328,16.67,0.15,4
36.0,37.0,108.1912204876,5250.0,0.0013525255,22.22,0.15,4
36.0,834.0,175.283179431,2800.0,0.0029208022,16.67,0.15,4
36.0,507.0,142.598288789,5250.0,0.0017826569,22.22,0.15,4
36.0,832.0,155.4148679107,2800.0,0.0025897299,16.67,0.15,4
37.0,38.0,65.4574353945,5250.0,0.0008182998,22.22,0.15,4
37.0,39.0,101.3518975849,1300.0,0.0025340508,11.11,0.15,4
37.0,834.0,143.0336898031,2800.0,0.0023834181,16.67,0.15,4
38.0,850.0,97.0441246313,2800.0,0.0016170787,16.67,0.15,4
38.0,586.0,141.5495592136,5250.0,0.0017695464,22.22,0.15,4
38.0,39.0,145.0591678523,2800.0,0.0024171694,16.67,0.15,4
39.0,258.0,150.5550720797,2800.0,0.0025087495,16.67,0.15,4
39.0,259.0,207.034390172,2800.0,0.0034498832,16.67,0.15,4
39.0,586.0,230.9998516033,2800.0,0.0038492277,16.67,0.15,4
39.0,144.0,133.4781335263,2800.0,0.0022241907,16.67,0.15,4
40.0,41.0,165.6141533151,2800.0,0.002759684,16.67,0.15,4
40.0,42.0,165.8178963614,5250.0,0.002072931,22.22,0.15,4
40.0,899.0,168.803384583,1300.0,0.0042205067,11.11,0.15,4
40.0,44.0,168.4280582345,2800.0,0.002806573,16.67,0.15,4
40.0,149.0,95.7039168285,2800.0,0.0015947463,16.67,0.15,4
40.0,586.0,176.4372590095,5250.0,0.0022056863,22.22,0.15,4
41.0,149.0,106.4832039511,2800.0,0.0017743652,16.67,0.15,4
41.0,143.0,90.6347235742,2800.0,0.0015102767,16.67,0.15,4
42.0,725.0,149.0727835649,5250.0,0.0018635962,22.22,0.15,4
42.0,975.0,128.5325539254,2800.0,0.0021417809,16.67,0.15,4
42.0,149.0,149.1266174885,2800.0,0.0024849466,16.67,0.15,4
42.0,728.0,254.1370102262,2800.0,0.0042347699,16.67,0.15,4
43.0,44.0,161.2777042879,2800.0,0.0026874243,16.67,0.15,4
43.0,929.0,129.0504116115,2800.0,0.0021504101,16.67,0.15,4
43.0,46.0,235.1665977471,2800.0,0.0039186596,16.67,0.15,4
43.0,852.0,112.4511392711,2800.0,0.0018738109,16.67,0.15,4
43.0,928.0,154.4219676797,2800.0,0.0025731848,16.67,0.15,4
44.0,45.0,207.3352000558,2800.0,0.0034548957,16.67,0.15,4
44.0,852.0,93.9705133868,2800.0,0.0015658621,16.67,0.15,4
45.0,853.0,107.9005958835,2800.0,0.0017979837,16.67,0.15,4
45.0,833.0,176.7420039092,2800.0,0.002945111,16.67,0.15,4
45.0,899.0,71.4821366548,2800.0,0.0011911307,16.67,0.15,4
46.0,852.0,157.723396613,2800.0,0.0026281976,16.67,0.15,4
46.0,73.0,381.1202037388,2800.0,0.0063507332,16.67,0.15,4
46.0,861.0,206.9371251555,1300.0,0.0051739455,11.11,0.15,4
46.0,861.0,148.4484463842,2800.0,0.002473646,16.67,0.15,4
46.0,854.0,278.1631778171,5250.0,0.0034773875,22.22,0.15,4
46.0,76.0,404.2459497413,7000.0,0.0050535797,22.22,0.15,4
46.0,855.0,190.7939467544,1300.0,0.0047703257,11.11,0.15,4
47.0,78.0,176.4045553729,1300.0,0.0044105549,11.11,0.15,4
47.0,842.0,328.6776283129,7000.0,0.0041088812,22.22,0.15,4
47.0,299.0,202.3627792121,2800.0,0.0033720386,16.67,0.15,4
47.0,952.0,126.9965462206,1300.0,0.0031752312,11.11,0.15,4
48.0,982.0,151.6533265939,2800.0,0.00252705,16.67,0.15,4
48.0,879.0,118.4792298825,5250.0,0.0014811385,22.22,0.15,4
48.0,694.0,350.650810047,2800.0,0.0058430116,16.67,0.15,4
48.0,718.0,120.948795695,2800.0,0.0020154102,16.67,0.15,4
48.0,696.0,290.9113842228,1300.0,0.007273512,11.11,0.15,4
48.0,49.0,216.0120018015,5250.0,0.0027004201,22.22,0.15,4
48.0,465.0,242.558448798,2800.0,0.0040418324,16.67,0.15,4
48.0,714.0,275.4228454282,2800.0,0.0045894629,16.67,0.15,4
48.0,881.0,125.2087687951,2800.0,0.0020863955,16.67,0.15,4
49.0,302.0,125.2448228965,1300.0,0.0031314337,11.11,0.15,4
49.0,879.0,106.7269311489,5250.0,0.0013342201,22.22,0.15,4
49.0,951.0,84.2395758116,1300.0,0.0021062,11.11,0.15,4
49.0,982.0,285.7383068223,2800.0,0.0047613528,16.67,0.15,4
50.0,51.0,217.2486783778,2800.0,0.0036200873,16.67,0.15,4
50.0,378.0,326.6796607384,1300.0,0.0081678083,11.11,0.15,4
50.0,376.0,280.7161702528,2800.0,0.0046776673,16.67,0.15,4
50.0,374.0,228.4201441984,5250.0,0.0028555374,22.22,0.15,4
50.0,374.0,222.3192547963,2800.0,0.00370458,16.67,0.15,4
50.0,59.0,245.7572057112,5250.0,0.0030722723,22.22,0.15,4
50.0,379.0,254.4916421304,2800.0,0.0042406792,16.67,0.15,4
50.0,380.0,149.8718794616,2800.0,0.0024973652,16.67,0.15,4
50.0,380.0,164.0098657428,2800.0,0.0027329512,16.67,0.15,4
50.0,112.0,311.3634775209,2800.0,0.0051883536,16.67,0.15,4
50.0,112.0,284.6613785363,2800.0,0.0047434076,16.67,0.15,4
50.0,188.0,262.5904376448,5250.0,0.0032827087,22.22,0.15,4
50.0,409.0,252.3689477839,2800.0,0.0042053081,16.67,0.15,4
50.0,476.0,409.1689354624,2800.0,0.0068181186,16.67,0.15,4
51.0,376.0,229.4947302184,2800.0,0.0038241473,16.67,0.15,4
51.0,476.0,137.3440292705,2800.0,0.0022886094,16.67,0.15,4
52.0,375.0,250.3603117468,2800.0,0.0041718375,16.67,0.15,4
52.0,375.0,259.1213109036,2800.0,0.004317825,16.67,0.15,4
52.0,415.0,195.1160653802,2800.0,0.0032512842,16.67,0.15,4
52.0,53.0,217.3945392906,2800.0,0.0036225178,16.67,0.15,4
52.0,467.0,231.9034786482,2800.0,0.0038642851,16.67,0.15,4
52.0,416.0,263.0143765658,2800.0,0.0043826964,16.67,0.15,4
52.0,336.0,241.0445005573,2800.0,0.004016605,16.67,0.15,4
52.0,336.0,280.3349943579,2800.0,0.0046713156,16.67,0.15,4
52.0,54.0,293.1985005788,2800.0,0.0048856645,16.67,0.15,4
53.0,467.0,115.0051500225,2800.0,0.0019163692,16.67,0.15,4
53.0,468.0,140.4080160384,2800.0,0.0023396657,16.67,0.15,4
53.0,164.0,200.3607370777,2800.0,0.0033386779,16.67,0.15,4
53.0,163.0,130.1455132991,2800.0,0.0021686582,16.67,0.15,4
53.0,469.0,199.4805655769,2800.0,0.0033240113,16.67,0.15,4
54.0,961.0,108.5402432854,2800.0,0.0018086423,16.67,0.15,4
54.0,336.0,176.4649162224,2800.0,0.0029404938,16.67,0.15,4
54.0,472.0,114.9671504052,2800.0,0.001915736,16.67,0.15,4
54.0,469.0,128.9006473853,2800.0,0.0021479145,16.67,0.15,4
54.0,468.0,93.2850918237,2800.0,0.0015544406,16.67,0.15,4
55.0,282.0,388.4045763666,2800.0,0.0064721152,16.67,0.15,4
55.0,278.0,231.0389210714,8750.0,0.0028882753,22.22,0.15,4
55.0,562.0,198.9617362716,2800.0,0.0033153659,16.67,0.15,4
55.0,60.0,251.7831594474,1300.0,0.0062952085,11.11,0.15,4
55.0,279.0,283.7742049857,2800.0,0.0047286244,16.67,0.15,4
55.0,558.0,220.4172168655,2800.0,0.0036728857,16.67,0.15,4
55.0,61.0,297.9800800309,1300.0,0.007450247,11.11,0.15,4
56.0,57.0,165.4714894673,2800.0,0.0027573067,16.67,0.15,4
56.0,58.0,113.6262702492,5250.0,0.0014204704,22.22,0.15,4
56.0,59.0,168.5455955021,2800.0,0.0028085316,16.67,0.15,4
56.0,381.0,137.8452888509,2800.0,0.0022969621,16.67,0.15,4
56.0,377.0,153.9214871933,1300.0,0.003848422,11.11,0.15,4
56.0,384.0,105.1857,2800.0,0.0017527445,16.67,0.15,4
57.0,324.0,280.5009122007,1300.0,0.0070132241,11.11,0.15,4
57.0,189.0,106.9370498728,2800.0,0.0017819278,16.67,0.15,4
57.0,59.0,158.1698080158,1300.0,0.0039546407,11.11,0.15,4
57.0,187.0,80.7996112439,2800.0,0.0013463909,16.67,0.15,4
57.0,379.0,153.9329405314,2800.0,0.002565036,16.67,0.15,4
58.0,377.0,102.8254485018,1300.0,0.0025708933,11.11,0.15,4
58.0,378.0,99.0051970842,2800.0,0.0016497567,16.67,0.15,4
58.0,59.0,135.4741331717,2800.0,0.0022574507,16.67,0.15,4
59.0,379.0,111.7730189115,2800.0,0.0018625111,16.67,0.15,4
60.0,284.0,106.9255280136,1300.0,0.0026734055,11.11,0.15,4
60.0,345.0,267.1163784471,1300.0,0.0066785773,11.11,0.15,4
60.0,61.0,186.2031239652,1300.0,0.0046555437,11.11,0.15,4
61.0,782.0,177.0114159483,2800.0,0.0029496003,16.67,0.15,4
61.0,783.0,223.2637966995,1300.0,0.0055821531,11.11,0.15,4
62.0,63.0,160.752950691,7000.0,0.0020096128,22.22,0.15,4
62.0,775.0,161.3263806818,7000.0,0.0020167814,22.22,0.15,4
62.0,783.0,257.299585434,1300.0,0.0064331329,11.11,0.15,4
62.0,283.0,474.7213940222,1300.0,0.0118692218,11.11,0.15,4
62.0,780.0,356.3951740159,1300.0,0.0089107704,11.11,0.15,4
63.0,779.0,123.5410631244,2800.0,0.002058606,16.67,0.15,4
63.0,393.0,207.4748453033,7000.0,0.0025936949,22.22,0.15,4
64.0,65.0,152.4111425495,5250.0,0.0019053298,22.22,0.15,4
64.0,65.0,181.2962689345,2800.0,0.0030210003,16.67,0.15,4
64.0,65.0,141.8027838609,7000.0,0.0017727121,22.22,0.15,4
64.0,310.0,357.1637828471,2800.0,0.0059515394,16.67,0.15,4
64.0,227.0,256.1421221102,2800.0,0.0042681817,16.67,0.15,4
64.0,156.0,193.6755204168,2800.0,0.0032272799,16.67,0.15,4
64.0,948.0,193.605960702,7000.0,0.0024203165,22.22,0.15,4
65.0,313.0,84.4309907839,8750.0,0.0010554929,22.22,0.15,4
65.0,755.0,434.2893032126,2800.0,0.0072367077,16.67,0.15,4
65.0,156.0,123.0049003429,5250.0,0.001537715,22.22,0.15,4
66.0,67.0,229.1411699149,2800.0,0.0038182558,16.67,0.15,4
66.0,67.0,228.5201309727,2800.0,0.0038079073,16.67,0.15,4
66.0,70.0,187.2399411097,2800.0,0.0031200417,16.67,0.15,4
66.0,234.0,361.6214731839,2800.0,0.0060258194,16.67,0.15,4
66.0,234.0,328.8730552383,2800.0,0.0054801216,16.67,0.15,4
66.0,689.0,228.6582268363,2800.0,0.0038102084,16.67,0.15,4
66.0,466.0,238.4850615837,2800.0,0.0039739562,16.67,0.15,4
66.0,694.0,372.2599339419,1300.0,0.0093074291,11.11,0.15,4
66.0,695.0,399.5953362405,2800.0,0.0066585906,16.67,0.15,4
66.0,709.0,293.1514376925,2800.0,0.0048848803,16.67,0.15,4
66.0,707.0,197.4080402468,2800.0,0.0032894761,16.67,0.15,4
67.0,707.0,151.6126464647,2800.0,0.0025263722,16.67,0.15,4
67.0,708.0,191.5723911792,2800.0,0.0031922347,16.67,0.15,4
67.0,687.0,183.4192050517,2800.0,0.0030563755,16.67,0.15,4
67.0,234.0,344.5204890959,2800.0,0.00574086,16.67,0.15,4
68.0,69.0,94.99737938,2800.0,0.0015829731,16.67,0.15,4
68.0,70.0,113.9708434936,2800.0,0.0018991342,16.67,0.15,4
68.0,71.0,85.5222778423,2800.0,0.0014250863,16.67,0.15,4
68.0,72.0,124.5246270548,1300.0,0.003113427,11.11,0.15,4
68.0,235.0,262.4528826519,2800.0,0.00437334,16.67,0.15,4
69.0,690.0,61.7032510749,2800.0,0.0010281819,16.67,0.15,4
69.0,235.0,198.9424851538,2800.0,0.0033150451,16.67,0.15,4
69.0,70.0,119.4061216802,2800.0,0.0019897041,16.67,0.15,4
70.0,690.0,109.3073903046,2800.0,0.0018214256,16.67,0.15,4
70.0,689.0,198.4979618341,2800.0,0.0033076378,16.67,0.15,4
71.0,231.0,83.9015828542,2800.0,0.0013980801,16.67,0.15,4
71.0,702.0,182.9670748398,2800.0,0.0030488415,16.67,0.15,4
72.0,231.0,119.0945276192,2800.0,0.0019845119,16.67,0.15,4
72.0,700.0,162.8301376635,2800.0,0.002713293,16.67,0.15,4
72.0,73.0,291.6766492523,2800.0,0.0048603054,16.67,0.15,4
72.0,695.0,116.0397279249,2800.0,0.0019336087,16.67,0.15,4
73.0,74.0,233.8823964602,2800.0,0.0038972605,16.67,0.15,4
73.0,75.0,96.1109360504,1300.0,0.0024030137,11.11,0.15,4
73.0,76.0,260.3053379032,2800.0,0.0043375548,16.67,0.15,4
74.0,898.0,100.9344419277,1300.0,0.0025236134,11.11,0.15,4
74.0,861.0,132.193081972,1300.0,0.0033051576,11.11,0.15,4
75.0,898.0,192.7664167535,1300.0,0.0048196424,11.11,0.15,4
75.0,698.0,108.7190604041,1300.0,0.0027182483,11.11,0.15,4
76.0,230.0,180.6287727844,7000.0,0.0022580855,22.22,0.15,4
76.0,721.0,83.7025123486,2800.0,0.0013947629,16.67,0.15,4
77.0,951.0,163.0001994957,1300.0,0.0040754125,11.11,0.15,4
77.0,953.0,201.4499834772,1300.0,0.0050367533,11.11,0.15,4
77.0,875.0,116.5684561476,1300.0,0.0029145029,11.11,0.15,4
77.0,302.0,130.8722908945,1300.0,0.0032721345,11.11,0.15,4
77.0,867.0,231.5024453111,1300.0,0.0057881399,11.11,0.15,4
77.0,876.0,174.2686302181,2800.0,0.0029038964,16.67,0.15,4
77.0,906.0,143.4760873849,1300.0,0.0035872609,11.11,0.15,4
77.0,911.0,111.5260717944,2800.0,0.0018583962,16.67,0.15,4
78.0,303.0,122.2457747787,1300.0,0.00305645,11.11,0.15,4
78.0,910.0,129.2229278413,2800.0,0.0021532848,16.67,0.15,4
78.0,909.0,127.0344554869,2800.0,0.0021168176,16.67,0.15,4
78.0,890.0,154.0755151825,2800.0,0.0025674118,16.67,0.15,4
78.0,296.0,139.3864787974,2800.0,0.0023226435,16.67,0.15,4
78.0,889.0,199.1368977804,1300.0,0.0049789203,11.11,0.15,4
79.0,80.0,177.9867951643,2800.0,0.0029658534,16.67,0.15,4
79.0,819.0,247.4679059167,1300.0,0.0061873164,11.11,0.15,4
79.0,845.0,110.5684036237,1300.0,0.0027644865,11.11,0.15,4
79.0,519.0,89.7855145909,5250.0,0.0011224312,22.22,0.15,4
79.0,844.0,171.9938177051,2800.0,0.0028659904,16.67,0.15,4
79.0,849.0,136.900699669,1300.0,0.0034228598,11.11,0.15,4
80.0,141.0,103.0762277671,2800.0,0.0017175936,16.67,0.15,4
80.0,849.0,132.3804913034,2800.0,0.0022059003,16.67,0.15,4
80.0,833.0,147.7185689147,1300.0,0.0036933336,11.11,0.15,4
81.0,82.0,133.5908075551,5250.0,0.0016700521,22.22,0.15,4
81.0,949.0,165.1545768479,10500.0,0.0020646387,22.22,0.15,4
81.0,798.0,266.5297601881,2800.0,0.0044412744,16.67,0.15,4
82.0,811.0,139.4810065838,2800.0,0.0023242186,16.67,0.15,4
82.0,798.0,168.5289594597,2800.0,0.0028082543,16.67,0.15,4
83.0,84.0,319.1269229639,2800.0,0.0053177185,16.67,0.15,4
83.0,85.0,183.6786010366,2800.0,0.0030606979,16.67,0.15,4
83.0,969.0,170.4775767592,1300.0,0.0042623657,11.11,0.15,4
84.0,225.0,155.9358630715,2800.0,0.0025984114,16.67,0.15,4
84.0,373.0,84.3675827116,2800.0,0.0014058452,16.67,0.15,4
85.0,86.0,88.0443219204,2800.0,0.0014671119,16.67,0.15,4
85.0,432.0,177.0994928799,2800.0,0.002951068,16.67,0.15,4
85.0,473.0,131.9131381885,2800.0,0.0021981127,16.67,0.15,4
86.0,470.0,153.7398405617,2800.0,0.0025618183,16.67,0.15,4
86.0,174.0,193.9439476319,2800.0,0.0032317528,16.67,0.15,4
87.0,646.0,178.6096237789,2800.0,0.0029762318,16.67,0.15,4
87.0,652.0,136.8952921277,2800.0,0.002281132,16.67,0.15,4
87.0,99.0,205.87735154,2800.0,0.0034306031,16.67,0.15,4
87.0,100.0,323.2625451385,2800.0,0.0053866318,16.67,0.15,4
87.0,625.0,319.4118527898,1300.0,0.0079860949,11.11,0.15,4
87.0,632.0,136.1040148901,2800.0,0.0022679467,16.67,0.15,4
88.0,89.0,132.436561646,2800.0,0.0022068347,16.67,0.15,4
88.0,90.0,169.6596243889,2800.0,0.002827095,16.67,0.15,4
88.0,655.0,104.4402360597,2800.0,0.0017403225,16.67,0.15,4
89.0,629.0,181.0000038326,2800.0,0.0030160635,16.67,0.15,4
89.0,630.0,182.5834199831,2800.0,0.0030424485,16.67,0.15,4
89.0,631.0,219.6399416083,2800.0,0.0036599337,16.67,0.15,4
89.0,640.0,345.9902971185,2800.0,0.0057653519,16.67,0.15,4
90.0,614.0,278.1715896879,2800.0,0.0046352661,16.67,0.15,4
90.0,93.0,67.397124327,2800.0,0.0011230608,16.67,0.15,4
90.0,657.0,130.1458319925,2800.0,0.0021686635,16.67,0.15,4
91.0,92.0,257.4339182858,2800.0,0.0042897074,16.67,0.15,4
91.0,92.0,203.6641531244,2800.0,0.0033937238,16.67,0.15,4
91.0,93.0,113.8823522881,2800.0,0.0018976597,16.67,0.15,4
91.0,658.0,295.7022227501,2800.0,0.0049273849,16.67,0.15,4
91.0,252.0,157.6004705801,2800.0,0.0026261493,16.67,0.15,4
91.0,682.0,228.34109456,2800.0,0.0038049239,16.67,0.15,4
92.0,656.0,204.1550436772,2800.0,0.0034019037,16.67,0.15,4
92.0,252.0,239.9264743413,2800.0,0.003997975,16.67,0.15,4
92.0,659.0,355.602869106,2800.0,0.0059255294,16.67,0.15,4
92.0,177.0,232.6645597219,2800.0,0.0038769673,16.67,0.15,4
92.0,678.0,187.2656242316,2800.0,0.0031204696,16.67,0.15,4
93.0,656.0,165.4468163635,2800.0,0.0027568956,16.67,0.15,4
94.0,226.0,134.1475423421,2800.0,0.0022353453,16.67,0.15,4
94.0,95.0,154.9480928471,7000.0,0.0019370449,22.22,0.15,4
94.0,95.0,153.1062663999,2800.0,0.0025512609,16.67,0.15,4
94.0,614.0,226.1644928166,2800.0,0.0037686545,16.67,0.15,4
94.0,655.0,179.2160753482,2800.0,0.0029863373,16.67,0.15,4
94.0,654.0,189.8231318773,2800.0,0.0031630862,16.67,0.15,4
95.0,96.0,143.2818576646,7000.0,0.0017912023,22.22,0.15,4
95.0,653.0,176.9320435833,2800.0,0.0029482777,16.67,0.15,4
96.0,97.0,128.1045524424,5250.0,0.0016014671,22.22,0.15,4
96.0,98.0,203.206817725,7000.0,0.0025403393,22.22,0.15,4
96.0,653.0,137.2685915872,2800.0,0.0022873524,16.67,0.15,4
97.0,127.0,106.4571947378,1300.0,0.002661696,11.11,0.15,4
97.0,128.0,143.7116418177,1300.0,0.0035931504,11.11,0.15,4
98.0,99.0,97.1752145928,7000.0,0.0012148117,22.22,0.15,4
99.0,100.0,190.424677126,7000.0,0.0023805465,22.22,0.15,4
99.0,100.0,193.0888347148,2800.0,0.0032175037,16.67,0.15,4
99.0,129.0,141.6730604424,2800.0,0.0023607455,16.67,0.15,4
100.0,977.0,197.5629611978,5250.0,0.002469784,22.22,0.15,4
101.0,102.0,177.0185673175,7000.0,0.0022129534,22.22,0.15,4
101.0,103.0,84.9924993784,2800.0,0.0014162584,16.67,0.15,4
101.0,104.0,165.1122155316,2800.0,0.00275132,16.67,0.15,4
101.0,105.0,136.3620815254,2800.0,0.0022722469,16.67,0.15,4
102.0,133.0,158.8570966866,1300.0,0.0039718246,11.11,0.15,4
102.0,127.0,145.7951546072,2800.0,0.0024294334,16.67,0.15,4
102.0,127.0,148.8941345745,1300.0,0.0037227256,11.11,0.15,4
102.0,131.0,113.3213989843,1300.0,0.0028333183,11.11,0.15,4
103.0,105.0,153.4382016337,5250.0,0.0019181693,22.22,0.15,4
103.0,105.0,191.5585720326,2800.0,0.0031920045,16.67,0.15,4
103.0,474.0,99.7855718829,2800.0,0.0016627603,16.67,0.15,4
103.0,104.0,185.9743750288,2800.0,0.0030989531,16.67,0.15,4
104.0,473.0,159.1865187789,2800.0,0.0026525781,16.67,0.15,4
104.0,473.0,105.232556011,2800.0,0.0017535252,16.67,0.15,4
104.0,462.0,136.8853391765,2800.0,0.0022809661,16.67,0.15,4
105.0,106.0,244.7363290623,5250.0,0.0030595101,22.22,0.15,4
105.0,125.0,457.8230506182,7000.0,0.0057233605,22.22,0.15,4
106.0,134.0,118.1930433072,5250.0,0.0014775608,22.22,0.15,4
106.0,133.0,102.1412503063,1300.0,0.0025537866,11.11,0.15,4
107.0,108.0,133.6768339947,7000.0,0.0016711275,22.22,0.15,4
107.0,109.0,74.7508148577,7000.0,0.0009344786,22.22,0.15,4
107.0,110.0,726.5220876957,7000.0,0.0090824343,22.22,0.15,4
108.0,109.0,173.1557656442,2800.0,0.0028853524,16.67,0.15,4
108.0,980.0,65.9179666238,7000.0,0.000824057,22.22,0.15,4
109.0,592.0,117.994345888,7000.0,0.0014750768,22.22,0.15,4
110.0,111.0,403.1112973607,5250.0,0.0050393952,22.22,0.15,4
110.0,116.0,694.9660401719,5250.0,0.0086879443,22.22,0.15,4
110.0,184.0,157.119741042,2800.0,0.0026181387,16.67,0.15,4
111.0,578.0,98.1280658141,5250.0,0.0012267235,22.22,0.15,4
111.0,970.0,140.6248804648,2800.0,0.0023432794,16.67,0.15,4
111.0,571.0,163.2849484846,2800.0,0.0027208716,16.67,0.15,4
111.0,974.0,159.9078358599,2800.0,0.0026645977,16.67,0.15,4
112.0,113.0,337.158700121,2800.0,0.005618188,16.67,0.15,4
112.0,374.0,129.7654560134,2800.0,0.0021623251,16.67,0.15,4
112.0,375.0,160.4595401412,2800.0,0.0026737909,16.67,0.15,4
112.0,375.0,120.9703258328,2800.0,0.0020157689,16.67,0.15,4
113.0,316.0,171.4203535428,2800.0,0.0028564346,16.67,0.15,4
113.0,413.0,162.5739775904,2800.0,0.0027090245,16.67,0.15,4
113.0,411.0,172.3101601102,2800.0,0.0028712617,16.67,0.15,4
113.0,160.0,265.309882526,5250.0,0.0033167052,22.22,0.15,4
114.0,115.0,208.882382628,7000.0,0.0026112909,22.22,0.15,4
114.0,116.0,167.10539786,2800.0,0.0027845331,16.67,0.15,4
114.0,120.0,190.2110830543,2800.0,0.0031695508,16.67,0.15,4
114.0,118.0,245.0908867164,2800.0,0.0040840313,16.67,0.15,4
114.0,122.0,105.4712655222,8750.0,0.0013185227,22.22,0.15,4
115.0,238.0,92.7808779324,2800.0,0.0015460388,16.67,0.15,4
115.0,328.0,90.6761874781,2800.0,0.0015109676,16.67,0.15,4
116.0,613.0,136.4998480732,2800.0,0.0022745426,16.67,0.15,4
117.0,118.0,320.5196544822,2800.0,0.0053409261,16.67,0.15,4
117.0,119.0,223.0943678658,10500.0,0.0027889585,22.22,0.15,4
117.0,610.0,256.7855013647,7000.0,0.0032101398,22.22,0.15,4
118.0,122.0,156.361787536,2800.0,0.0026055087,16.67,0.15,4
118.0,613.0,211.6543164263,1300.0,0.0052918871,11.11,0.15,4
119.0,236.0,125.2910610929,5250.0,0.0015662949,22.22,0.15,4
119.0,237.0,131.3614312632,2800.0,0.0021889194,16.67,0.15,4
119.0,211.0,198.7849933022,7000.0,0.0024850609,22.22,0.15,4
120.0,121.0,109.0840806068,10500.0,0.0013636874,22.22,0.15,4
120.0,122.0,159.303365184,8750.0,0.0019914912,22.22,0.15,4
120.0,123.0,160.2834384784,7000.0,0.0020037434,22.22,0.15,4
120.0,124.0,174.8217524401,8750.0,0.0021854905,22.22,0.15,4
121.0,613.0,263.9154912395,1300.0,0.0065985471,11.11,0.15,4
121.0,611.0,392.3001962556,10500.0,0.0049042429,22.22,0.15,4
123.0,124.0,107.5868904689,12250.0,0.0013449706,22.22,0.15,4
123.0,124.0,180.2800507182,2800.0,0.0030040667,16.67,0.15,4
123.0,152.0,227.7442638168,7000.0,0.002847088,22.22,0.15,4
123.0,973.0,144.859926784,7000.0,0.0018109302,22.22,0.15,4
123.0,973.0,153.4866940344,5250.0,0.0019187756,22.22,0.15,4
124.0,612.0,538.7589154795,2800.0,0.0089775198,16.67,0.15,4
125.0,126.0,417.4780061038,7000.0,0.005218997,22.22,0.15,4
125.0,475.0,367.7458870702,2800.0,0.0061278725,16.67,0.15,4
126.0,289.0,761.570962432,1300.0,0.0190411782,11.11,0.15,4
126.0,945.0,258.7312034512,7000.0,0.0032344635,22.22,0.15,4
127.0,132.0,113.7683382337,1300.0,0.0028444929,11.11,0.15,4
128.0,129.0,105.0756320558,1300.0,0.0026271535,11.11,0.15,4
128.0,132.0,71.0777880832,1300.0,0.0017771224,11.11,0.15,4
129.0,130.0,147.7893064209,1300.0,0.0036951022,11.11,0.15,4
129.0,130.0,74.0514536134,2800.0,0.0012339441,16.67,0.15,4
130.0,131.0,163.5887312795,1300.0,0.0040901273,11.11,0.15,4
130.0,132.0,118.4719239927,1300.0,0.0029620943,11.11,0.15,4
131.0,132.0,103.6790953181,1300.0,0.0025922366,11.11,0.15,4
133.0,134.0,259.2210573014,1300.0,0.0064811745,11.11,0.15,4
134.0,944.0,116.9452953273,5250.0,0.0014619624,22.22,0.15,4
135.0,136.0,204.3263952972,2800.0,0.003404759,16.67,0.15,4
135.0,222.0,109.0939325702,2800.0,0.0018178686,16.67,0.15,4
135.0,521.0,146.9725619368,2800.0,0.0024490529,16.67,0.15,4
135.0,676.0,183.6527106061,2800.0,0.0030602665,16.67,0.15,4
135.0,677.0,96.578768624,2800.0,0.0016093243,16.67,0.15,4
135.0,677.0,121.499118966,2800.0,0.0020245804,16.67,0.15,4
136.0,521.0,142.7100805371,5250.0,0.0017840544,22.22,0.15,4
136.0,137.0,169.7319018766,2800.0,0.0028282994,16.67,0.15,4
136.0,138.0,147.8868037063,5250.0,0.0018487699,22.22,0.15,4
137.0,138.0,150.4466719992,7000.0,0.0018807715,22.22,0.15,4
137.0,139.0,64.2310887987,1300.0,0.0016059378,11.11,0.15,4
137.0,140.0,305.5526013261,5250.0,0.0038197895,22.22,0.15,4
137.0,941.0,216.401535812,2800.0,0.0036059711,16.67,0.15,4
138.0,675.0,112.39296042,2800.0,0.0018728414,16.67,0.15,4
138.0,598.0,167.7717092658,5250.0,0.0020973561,22.22,0.15,4
139.0,370.0,118.8053324996,2800.0,0.0019796929,16.67,0.15,4
139.0,140.0,351.9614825839,2800.0,0.0058648517,16.67,0.15,4
140.0,511.0,157.5717941744,5250.0,0.0019698444,22.22,0.15,4
140.0,510.0,261.7693659877,1300.0,0.0065448886,11.11,0.15,4
141.0,833.0,127.1838393371,2800.0,0.0021193068,16.67,0.15,4
141.0,834.0,158.4883617742,2800.0,0.0026409445,16.67,0.15,4
141.0,831.0,94.8358153684,2800.0,0.0015802809,16.67,0.15,4
142.0,143.0,161.7496361624,2800.0,0.0026952882,16.67,0.15,4
142.0,148.0,194.5918340769,8750.0,0.0024326412,22.22,0.15,4
142.0,149.0,179.6244859681,2800.0,0.0029931428,16.67,0.15,4
142.0,145.0,172.4956127432,5250.0,0.0021564108,22.22,0.15,4
142.0,146.0,186.2007918855,7000.0,0.0023277427,22.22,0.15,4
142.0,147.0,135.8665659485,7000.0,0.0016985019,22.22,0.15,4
142.0,725.0,180.7238994072,5250.0,0.0022592747,22.22,0.15,4
143.0,144.0,116.9319517758,2800.0,0.0019484762,16.67,0.15,4
143.0,145.0,167.1999076522,2800.0,0.0027861079,16.67,0.15,4
144.0,218.0,151.9771551772,2800.0,0.0025324461,16.67,0.15,4
145.0,217.0,161.2406290641,2800.0,0.0026868065,16.67,0.15,4
145.0,218.0,138.7453482556,5250.0,0.0017344903,22.22,0.15,4
145.0,573.0,93.1436997083,2800.0,0.0015520846,16.67,0.15,4
145.0,146.0,192.2782780175,2800.0,0.0032039972,16.67,0.15,4
146.0,154.0,183.9492050287,7000.0,0.002299595,22.22,0.15,4
146.0,155.0,186.0309614414,2800.0,0.003099896,16.67,0.15,4
146.0,155.0,195.7427902133,2800.0,0.0032617275,16.67,0.15,4
146.0,217.0,104.0759201068,2800.0,0.0017342518,16.67,0.15,4
146.0,147.0,125.9669482581,2800.0,0.0020990293,16.67,0.15,4
146.0,573.0,116.7009162686,2800.0,0.0019446263,16.67,0.15,4
147.0,563.0,196.4683178017,7000.0,0.0024560996,22.22,0.15,4
147.0,148.0,110.0398868061,2800.0,0.0018336314,16.67,0.15,4
148.0,150.0,188.1799894283,7000.0,0.0023524851,22.22,0.15,4
148.0,570.0,169.779390334,2800.0,0.0028290907,16.67,0.15,4
148.0,725.0,198.1258060899,2800.0,0.0033014365,16.67,0.15,4
150.0,329.0,159.7221151911,2800.0,0.002661503,16.67,0.15,4
150.0,730.0,274.4635438904,2800.0,0.0045734777,16.67,0.15,4
150.0,579.0,148.0262106284,8750.0,0.0018505127,22.22,0.15,4
150.0,581.0,323.590902145,1300.0,0.0080905816,11.11,0.15,4
150.0,570.0,145.3772931364,1300.0,0.0036347958,11.11,0.15,4
151.0,152.0,107.3878750994,2800.0,0.00178944,16.67,0.15,4
151.0,153.0,82.0115421283,2800.0,0.0013665857,16.67,0.15,4
151.0,332.0,92.9038063446,5250.0,0.0011614137,22.22,0.15,4
152.0,580.0,108.17746951,2800.0,0.0018025973,16.67,0.15,4
152.0,622.0,113.4149712445,2800.0,0.0018898715,16.67,0.15,4
153.0,579.0,93.005270722,2800.0,0.0015497779,16.67,0.15,4
153.0,329.0,196.6030034906,1300.0,0.0049155666,11.11,0.15,4
154.0,155.0,154.6097569231,2800.0,0.002576314,16.67,0.15,4
154.0,512.0,171.5068597041,7000.0,0.0021440502,22.22,0.15,4
154.0,574.0,197.022046082,2800.0,0.0032830442,16.67,0.15,4
154.0,569.0,201.3094920698,2800.0,0.0033544873,16.67,0.15,4
154.0,217.0,176.273915604,2800.0,0.0029373111,16.67,0.15,4
155.0,563.0,178.7902139638,2800.0,0.0029792411,16.67,0.15,4
155.0,564.0,202.5815738235,2800.0,0.0033756844,16.67,0.15,4
156.0,157.0,169.5437459715,1300.0,0.0042390176,11.11,0.15,4
156.0,313.0,103.1491440887,2800.0,0.0017188086,16.67,0.15,4
157.0,772.0,203.8796899123,2800.0,0.0033973154,16.67,0.15,4
157.0,314.0,239.8124476886,1300.0,0.0059959108,11.11,0.15,4
157.0,774.0,139.5886933504,2800.0,0.002326013,16.67,0.15,4
158.0,159.0,171.9374221299,8750.0,0.0021494327,22.22,0.15,4
158.0,757.0,716.2175018623,2800.0,0.0119345715,16.67,0.15,4
158.0,766.0,199.8940527778,2800.0,0.0033309014,16.67,0.15,4
158.0,344.0,291.4147910372,1300.0,0.0072860984,11.11,0.15,4
158.0,776.0,168.0748082802,1300.0,0.0042022904,11.11,0.15,4
158.0,777.0,193.3347012204,2800.0,0.0032216007,16.67,0.15,4
158.0,280.0,604.6326780307,2800.0,0.0100751963,16.67,0.15,4
158.0,345.0,253.7717937557,1300.0,0.0063449293,11.11,0.15,4
159.0,767.0,104.7708038969,7000.0,0.001309766,22.22,0.15,4
159.0,773.0,204.6418809389,2800.0,0.003410016,16.67,0.15,4
159.0,773.0,217.3383003033,2800.0,0.0036215807,16.67,0.15,4
159.0,770.0,163.7046940688,2800.0,0.002727866,16.67,0.15,4
160.0,161.0,132.2811268854,5250.0,0.0016536795,22.22,0.15,4
160.0,162.0,180.9712741099,2800.0,0.0030155848,16.67,0.15,4
160.0,172.0,162.8643186283,5250.0,0.0020360076,22.22,0.15,4
160.0,417.0,132.0162196411,2800.0,0.0021998304,16.67,0.15,4
160.0,413.0,189.240568511,2800.0,0.0031533788,16.67,0.15,4
161.0,168.0,135.2571744995,5250.0,0.0016908838,22.22,0.15,4
161.0,172.0,105.4734056994,2800.0,0.0017575386,16.67,0.15,4
162.0,163.0,194.786439516,2800.0,0.0032457915,16.67,0.15,4
162.0,413.0,95.6394147726,2800.0,0.0015936715,16.67,0.15,4
163.0,414.0,218.1677323221,1300.0,0.0054547388,11.11,0.15,4
163.0,165.0,160.2601944857,5250.0,0.0020034528,22.22,0.15,4
163.0,415.0,152.953572621,2800.0,0.0025487165,16.67,0.15,4
164.0,165.0,154.2866147799,2800.0,0.0025709294,16.67,0.15,4
164.0,174.0,209.3398406227,2800.0,0.0034882997,16.67,0.15,4
164.0,174.0,265.1056492898,2800.0,0.004417544,16.67,0.15,4
164.0,166.0,163.5516181209,2800.0,0.0027253152,16.67,0.15,4
164.0,470.0,239.504582543,2800.0,0.0039909449,16.67,0.15,4
164.0,471.0,178.8180368021,2800.0,0.0029797047,16.67,0.15,4
165.0,166.0,164.5704646474,5250.0,0.0020573365,22.22,0.15,4
165.0,167.0,337.0117528845,2800.0,0.0056157394,16.67,0.15,4
166.0,429.0,141.7097094002,5250.0,0.0017715485,22.22,0.15,4
166.0,428.0,143.9908678205,2800.0,0.0023993679,16.67,0.15,4
167.0,168.0,126.2713230999,2800.0,0.0021041012,16.67,0.15,4
167.0,435.0,153.2773275718,1300.0,0.0038323164,11.11,0.15,4
168.0,169.0,130.3465534526,5250.0,0.0016294949,22.22,0.15,4
168.0,419.0,109.4911867839,1300.0,0.0027375534,11.11,0.15,4
168.0,438.0,214.7689760263,2800.0,0.0035787672,16.67,0.15,4
169.0,438.0,100.1845232317,1300.0,0.0025048636,11.11,0.15,4
169.0,435.0,78.7482505835,1300.0,0.0019689032,11.11,0.15,4
170.0,171.0,136.2639658381,2800.0,0.002270612,16.67,0.15,4
170.0,172.0,199.8962293068,5250.0,0.0024989528,22.22,0.15,4
170.0,173.0,69.3383138823,1300.0,0.0017336312,11.11,0.15,4
170.0,445.0,110.8814698098,2800.0,0.001847655,16.67,0.15,4
171.0,445.0,84.0826531502,2800.0,0.0014010973,16.67,0.15,4
171.0,256.0,68.3653561329,2800.0,0.0011391948,16.67,0.15,4
172.0,419.0,122.6294272173,2800.0,0.0020434151,16.67,0.15,4
172.0,417.0,78.6767112276,2800.0,0.0013110163,16.67,0.15,4
173.0,419.0,80.3227584,1300.0,0.0020082698,11.11,0.15,4
173.0,442.0,239.1263161918,2800.0,0.0039846417,16.67,0.15,4
174.0,175.0,217.7844873066,1300.0,0.0054451567,11.11,0.15,4
174.0,432.0,159.8978198738,2800.0,0.0026644308,16.67,0.15,4
174.0,470.0,199.7270349831,2800.0,0.0033281183,16.67,0.15,4
174.0,470.0,212.1653621892,2800.0,0.0035353823,16.67,0.15,4
174.0,470.0,191.494680984,2800.0,0.0031909398,16.67,0.15,4
174.0,428.0,158.8562744238,2800.0,0.0026470752,16.67,0.15,4
174.0,428.0,116.3768980541,2800.0,0.0019392271,16.67,0.15,4
175.0,430.0,83.9982821156,5250.0,0.0010500835,22.22,0.15,4
175.0,431.0,150.2475901506,1300.0,0.0037565654,11.11,0.15,4
176.0,177.0,101.6035023595,2800.0,0.0016930531,16.67,0.15,4
176.0,178.0,254.6250712574,2800.0,0.0042429026,16.67,0.15,4
176.0,226.0,95.441840966,2800.0,0.0015903793,16.67,0.15,4
176.0,614.0,124.2445524994,2800.0,0.0020703285,16.67,0.15,4
176.0,944.0,84.7307049328,2800.0,0.001411896,16.67,0.15,4
176.0,984.0,106.5128346622,2800.0,0.0017748589,16.67,0.15,4
177.0,614.0,80.6780400837,2800.0,0.0013443651,16.67,0.15,4
178.0,984.0,178.8067277979,2800.0,0.0029795162,16.67,0.15,4
178.0,678.0,191.9881867888,2800.0,0.0031991633,16.67,0.15,4
178.0,659.0,135.5605730128,2800.0,0.0022588911,16.67,0.15,4
178.0,615.0,194.9891153222,2800.0,0.0032491688,16.67,0.15,4
178.0,679.0,144.1928087634,2800.0,0.0024027329,16.67,0.15,4
178.0,985.0,148.4416624512,2800.0,0.002473533,16.67,0.15,4
179.0,180.0,180.8514255674,2800.0,0.0030135877,16.67,0.15,4
179.0,479.0,228.1459693179,2800.0,0.0038016725,16.67,0.15,4
179.0,181.0,379.5705138561,2800.0,0.0063249102,16.67,0.15,4
179.0,337.0,151.9758831129,5250.0,0.0018998885,22.22,0.15,4
179.0,478.0,141.0169030298,2800.0,0.0023498118,16.67,0.15,4
179.0,960.0,146.1698084812,7000.0,0.0018273053,22.22,0.15,4
180.0,478.0,99.8026655833,2800.0,0.0016630452,16.67,0.15,4
181.0,182.0,194.7403413279,7000.0,0.0024344977,22.22,0.15,4
181.0,482.0,94.1584901017,2800.0,0.0015689944,16.67,0.15,4
181.0,483.0,182.35469525,2800.0,0.0030386372,16.67,0.15,4
182.0,183.0,81.1745182331,2800.0,0.0013526381,16.67,0.15,4
182.0,184.0,291.1775452756,2800.0,0.0048519887,16.67,0.15,4
183.0,185.0,72.320572792,2800.0,0.0012051019,16.67,0.15,4
183.0,199.0,244.8978715295,2800.0,0.004080815,16.67,0.15,4
184.0,338.0,446.6827395068,5250.0,0.0055840927,22.22,0.15,4
184.0,197.0,126.8445342036,1300.0,0.0031714305,11.11,0.15,4
184.0,199.0,130.8108328133,2800.0,0.0021797446,16.67,0.15,4
185.0,484.0,239.5569986481,2800.0,0.0039918183,16.67,0.15,4
185.0,485.0,92.8209452425,2800.0,0.0015467064,16.67,0.15,4
186.0,187.0,209.9342714643,1300.0,0.0052488817,11.11,0.15,4
186.0,188.0,91.1723642287,5250.0,0.0011397685,22.22,0.15,4
186.0,487.0,73.658020922,2800.0,0.0012273882,16.67,0.15,4
186.0,533.0,99.8083684483,5250.0,0.0012477294,22.22,0.15,4
187.0,346.0,179.0834416292,2800.0,0.0029841272,16.67,0.15,4
187.0,189.0,113.8941882528,1300.0,0.0028476395,11.11,0.15,4
188.0,379.0,135.5169193579,2800.0,0.0022581637,16.67,0.15,4
189.0,190.0,146.1817809905,2800.0,0.0024358758,16.67,0.15,4
190.0,191.0,242.099546056,5250.0,0.003026547,22.22,0.15,4
190.0,324.0,191.3469861306,2800.0,0.0031884787,16.67,0.15,4
190.0,531.0,245.5205974702,2800.0,0.0040911917,16.67,0.15,4
190.0,531.0,208.428600293,1300.0,0.0052112361,11.11,0.15,4
190.0,348.0,187.3852345572,2800.0,0.0031224628,16.67,0.15,4
190.0,348.0,225.9947340319,2800.0,0.0037658257,16.67,0.15,4
191.0,192.0,125.8704235373,5250.0,0.0015735376,22.22,0.15,4
191.0,193.0,236.6519336102,2800.0,0.0039434102,16.67,0.15,4
191.0,531.0,264.2098174941,1300.0,0.006605906,11.11,0.15,4
191.0,531.0,212.9465402064,1300.0,0.0053241959,11.11,0.15,4
192.0,194.0,320.7845434935,5250.0,0.0040102078,22.22,0.15,4
192.0,326.0,218.8408224719,2800.0,0.0036466177,16.67,0.15,4
193.0,276.0,299.6498017696,2800.0,0.0049931647,16.67,0.15,4
193.0,326.0,144.6543257917,2800.0,0.0024104233,16.67,0.15,4
193.0,325.0,84.3469802904,2800.0,0.0014055019,16.67,0.15,4
194.0,195.0,209.624458255,2800.0,0.0034930424,16.67,0.15,4
194.0,546.0,214.568644129,1300.0,0.0053647526,11.11,0.15,4
194.0,545.0,353.1863262116,1300.0,0.0088305412,11.11,0.15,4
194.0,544.0,140.965047236,2800.0,0.0023489477,16.67,0.15,4
194.0,327.0,217.8483850904,2800.0,0.0036300804,16.67,0.15,4
194.0,550.0,177.992630252,2800.0,0.0029659506,16.67,0.15,4
195.0,327.0,69.3613250856,2800.0,0.0011557909,16.67,0.15,4
195.0,547.0,123.03779211,2800.0,0.0020502198,16.67,0.15,4
196.0,197.0,71.1798798778,1300.0,0.001779675,11.11,0.15,4
196.0,198.0,207.783103516,2800.0,0.0034623593,16.67,0.15,4
196.0,484.0,76.8006092051,2800.0,0.0012797542,16.67,0.15,4
196.0,490.0,62.8104481293,1300.0,0.0015704182,11.11,0.15,4
197.0,199.0,76.0588210034,2800.0,0.0012673935,16.67,0.15,4
197.0,491.0,187.5476069324,2800.0,0.0031251684,16.67,0.15,4
198.0,491.0,96.9467959414,2800.0,0.0016154568,16.67,0.15,4
198.0,492.0,107.6872693429,1300.0,0.002692451,11.11,0.15,4
198.0,490.0,204.5338929473,1300.0,0.0051138587,11.11,0.15,4
199.0,484.0,70.6920288089,2800.0,0.0011779649,16.67,0.15,4
200.0,201.0,101.3396549034,5250.0,0.0012668724,22.22,0.15,4
200.0,488.0,255.2658577536,2800.0,0.0042535802,16.67,0.15,4
200.0,490.0,224.5506762587,2800.0,0.0037417629,16.67,0.15,4
200.0,528.0,170.5065455853,2800.0,0.0028412075,16.67,0.15,4
200.0,349.0,173.8132267237,2800.0,0.0028963079,16.67,0.15,4
200.0,347.0,210.1309588892,2800.0,0.0035014824,16.67,0.15,4
200.0,203.0,135.1888105455,5250.0,0.0016900291,22.22,0.15,4
201.0,533.0,196.8586401481,5250.0,0.0024609791,22.22,0.15,4
201.0,347.0,123.6790271142,2800.0,0.0020609049,16.67,0.15,4
202.0,203.0,162.2116361432,5250.0,0.0020278482,22.22,0.15,4
202.0,205.0,273.0937423517,2800.0,0.0045506522,16.67,0.15,4
202.0,492.0,152.6949866289,2800.0,0.0025444076,16.67,0.15,4
202.0,493.0,143.9716198822,2800.0,0.0023990472,16.67,0.15,4
202.0,204.0,275.5207997439,2800.0,0.0045910951,16.67,0.15,4
202.0,350.0,235.854759232,1300.0,0.0058969587,11.11,0.15,4
202.0,496.0,148.706338163,2800.0,0.0024779434,16.67,0.15,4
203.0,528.0,72.5997102496,2800.0,0.0012097532,16.67,0.15,4
204.0,205.0,88.5230924671,2800.0,0.0014750899,16.67,0.15,4
204.0,206.0,140.5336786309,2800.0,0.0023417596,16.67,0.15,4
204.0,207.0,273.381093856,2800.0,0.0045554405,16.67,0.15,4
205.0,207.0,228.9623336493,2800.0,0.0038152758,16.67,0.15,4
206.0,207.0,302.878057155,1300.0,0.0075727087,11.11,0.15,4
206.0,208.0,244.7505118765,2800.0,0.0040783595,16.67,0.15,4
206.0,498.0,106.4285592771,1300.0,0.0026609801,11.11,0.15,4
207.0,536.0,261.0829245846,1300.0,0.0065277259,11.11,0.15,4
207.0,239.0,256.1099070004,2800.0,0.0042676449,16.67,0.15,4
207.0,350.0,240.9308285078,2800.0,0.0040147109,16.67,0.15,4
208.0,209.0,112.3764797293,2800.0,0.0018725668,16.67,0.15,4
208.0,210.0,125.7314335572,2800.0,0.0020951049,16.67,0.15,4
208.0,602.0,120.9660759509,2800.0,0.0020156981,16.67,0.15,4
209.0,236.0,211.6774811876,2800.0,0.0035272526,16.67,0.15,4
209.0,498.0,261.53954296,5250.0,0.0032695712,22.22,0.15,4
209.0,211.0,125.3355891384,7000.0,0.0015668515,22.22,0.15,4
210.0,211.0,122.3517378744,7000.0,0.0015295497,22.22,0.15,4
210.0,212.0,156.7684085991,7000.0,0.0019598011,22.22,0.15,4
210.0,501.0,127.981403695,2800.0,0.0021325969,16.67,0.15,4
211.0,500.0,127.817052924,2800.0,0.0021298582,16.67,0.15,4
212.0,502.0,144.7876684739,2800.0,0.0024126453,16.67,0.15,4
212.0,239.0,151.3145330428,7000.0,0.0018916208,22.22,0.15,4
213.0,214.0,152.9294108648,1300.0,0.0038236176,11.11,0.15,4
213.0,215.0,145.3804209362,2800.0,0.0024225225,16.67,0.15,4
213.0,216.0,295.1436698233,2800.0,0.0049180775,16.67,0.15,4
213.0,840.0,128.762109942,2800.0,0.002145606,16.67,0.15,4
213.0,838.0,246.0014677999,2800.0,0.0040992046,16.67,0.15,4
213.0,464.0,144.3622487122,2800.0,0.0024055564,16.67,0.15,4
214.0,260.0,152.2806809684,2800.0,0.0025375038,16.67,0.15,4
214.0,874.0,106.9560382257,2800.0,0.0017822442,16.67,0.15,4
215.0,847.0,124.3703877024,2800.0,0.0020724253,16.67,0.15,4
215.0,848.0,130.1945636401,2800.0,0.0021694755,16.67,0.15,4
216.0,818.0,168.9121876268,2800.0,0.0028146402,16.67,0.15,4
217.0,516.0,88.6047210755,2800.0,0.0014764501,16.67,0.15,4
217.0,573.0,73.9341754285,2800.0,0.0012319899,16.67,0.15,4
218.0,516.0,119.3462552289,2800.0,0.0019887065,16.67,0.15,4
218.0,515.0,88.3006894707,5250.0,0.001103869,22.22,0.15,4
219.0,584.0,173.5399318268,2800.0,0.0028917538,16.67,0.15,4
219.0,503.0,179.7137144786,5250.0,0.0022466461,22.22,0.15,4
219.0,504.0,378.476034068,2800.0,0.0063066726,16.67,0.15,4
219.0,507.0,313.1135781132,2800.0,0.0052175161,16.67,0.15,4
219.0,258.0,191.884999117,2800.0,0.0031974438,16.67,0.15,4
219.0,514.0,294.2956009475,1300.0,0.0073581258,11.11,0.15,4
219.0,515.0,215.3284538548,5250.0,0.0026918749,22.22,0.15,4
219.0,621.0,259.8675025105,2800.0,0.004330259,16.67,0.15,4
220.0,221.0,128.308876875,5250.0,0.0016040214,22.22,0.15,4
220.0,222.0,112.7299202392,5250.0,0.0014092649,22.22,0.15,4
220.0,521.0,175.8289802337,2800.0,0.002929897,16.67,0.15,4
220.0,607.0,231.1222867871,5250.0,0.0028893175,22.22,0.15,4
221.0,520.0,232.7876775543,5250.0,0.002910137,22.22,0.15,4
222.0,223.0,231.4378799848,5250.0,0.0028932628,22.22,0.15,4
223.0,788.0,243.8233156825,5250.0,0.0030480963,22.22,0.15,4
223.0,677.0,198.1719333255,2800.0,0.0033022051,16.67,0.15,4
223.0,677.0,168.8505717243,2800.0,0.0028136135,16.67,0.15,4
223.0,676.0,180.5088659905,1300.0,0.004513173,11.11,0.15,4
223.0,931.0,228.5970079295,2800.0,0.0038091883,16.67,0.15,4
223.0,932.0,287.2970247792,1300.0,0.0071831439,11.11,0.15,4
224.0,225.0,154.252089133,2800.0,0.0025703541,16.67,0.15,4
224.0,599.0,104.0764031548,7000.0,0.0013010851,22.22,0.15,4
225.0,963.0,148.296416437,2800.0,0.0024711127,16.67,0.15,4
225.0,962.0,246.9332738583,2800.0,0.0041147316,16.67,0.15,4
226.0,944.0,102.3151380089,2800.0,0.0017049113,16.67,0.15,4
227.0,311.0,101.0442070562,2800.0,0.0016837334,16.67,0.15,4
227.0,948.0,90.627987248,2800.0,0.0015101644,16.67,0.15,4
228.0,229.0,126.3506682725,2800.0,0.0021054234,16.67,0.15,4
228.0,727.0,168.6776405826,1300.0,0.0042173628,11.11,0.15,4
228.0,230.0,174.351065521,2800.0,0.00290527,16.67,0.15,4
229.0,230.0,158.4413405065,2800.0,0.002640161,16.67,0.15,4
229.0,935.0,114.2697009979,2800.0,0.0019041142,16.67,0.15,4
229.0,936.0,156.5574194738,2800.0,0.0026087686,16.67,0.15,4
230.0,233.0,241.2424455215,7000.0,0.0030158322,22.22,0.15,4
230.0,721.0,201.1316606556,2800.0,0.003351524,16.67,0.15,4
230.0,933.0,119.1433083629,2800.0,0.0019853247,16.67,0.15,4
230.0,934.0,99.1082685903,5250.0,0.0012389773,22.22,0.15,4
231.0,232.0,137.21264059,2800.0,0.0022864201,16.67,0.15,4
231.0,233.0,100.7739448591,7000.0,0.0012598003,22.22,0.15,4
232.0,233.0,106.6832872039,2800.0,0.0017776992,16.67,0.15,4
232.0,701.0,123.5518506061,2800.0,0.0020587858,16.67,0.15,4
232.0,235.0,385.9340221673,2800.0,0.0064309475,16.67,0.15,4
234.0,235.0,267.6751510025,2800.0,0.0044603604,16.67,0.15,4
234.0,688.0,190.0759216476,2800.0,0.0031672986,16.67,0.15,4
234.0,689.0,258.9542688906,2800.0,0.0043150415,16.67,0.15,4
235.0,691.0,89.8652658306,2800.0,0.0014974549,16.67,0.15,4
236.0,238.0,203.8377772274,7000.0,0.002548227,22.22,0.15,4
237.0,500.0,186.3879813887,2800.0,0.0031058452,16.67,0.15,4
239.0,240.0,225.0345154925,7000.0,0.0028132128,22.22,0.15,4
239.0,602.0,109.2386136558,2800.0,0.0018202795,16.67,0.15,4
240.0,536.0,145.5616548702,2800.0,0.0024255425,16.67,0.15,4
240.0,241.0,276.0156122176,7000.0,0.0034505402,22.22,0.15,4
241.0,242.0,270.3132975597,7000.0,0.0033792541,22.22,0.15,4
241.0,243.0,177.1756555338,2800.0,0.0029523371,16.67,0.15,4
242.0,552.0,189.0339562723,2800.0,0.003149936,16.67,0.15,4
242.0,243.0,299.2551521353,2800.0,0.0049865886,16.67,0.15,4
242.0,557.0,298.0455913248,2800.0,0.0049664332,16.67,0.15,4
242.0,557.0,221.0610566228,2800.0,0.0036836142,16.67,0.15,4
242.0,245.0,215.0464467959,7000.0,0.0026883494,22.22,0.15,4
242.0,542.0,176.0209097584,2800.0,0.0029330952,16.67,0.15,4
243.0,785.0,256.4044534941,2800.0,0.004272553,16.67,0.15,4
243.0,552.0,262.7348853909,2800.0,0.0043780391,16.67,0.15,4
244.0,245.0,245.579239838,8750.0,0.0030700475,22.22,0.15,4
244.0,246.0,211.1221908781,2800.0,0.0035179996,16.67,0.15,4
244.0,277.0,337.6016792739,10500.0,0.004220443,22.22,0.15,4
244.0,544.0,177.4226148834,5250.0,0.0022180045,22.22,0.15,4
244.0,913.0,164.9619167553,2800.0,0.0027488155,16.67,0.15,4
245.0,549.0,121.7318429383,2800.0,0.0020284584,16.67,0.15,4
245.0,556.0,85.9555576072,2800.0,0.0014323062,16.67,0.15,4
246.0,556.0,149.877127042,2800.0,0.0024974526,16.67,0.15,4
246.0,553.0,87.5862583767,2800.0,0.0014594791,16.67,0.15,4
246.0,913.0,182.2563773721,2800.0,0.0030369989,16.67,0.15,4
247.0,248.0,167.6797593637,2800.0,0.0027941038,16.67,0.15,4
247.0,250.0,142.5126359599,2800.0,0.0023747357,16.67,0.15,4
247.0,252.0,233.0345110808,1300.0,0.0058264454,11.11,0.15,4
248.0,249.0,87.4887416463,2800.0,0.0014578541,16.67,0.15,4
248.0,250.0,131.2828032325,2800.0,0.0021876092,16.67,0.15,4
249.0,736.0,152.2179574954,2800.0,0.0025364587,16.67,0.15,4
249.0,925.0,87.1302422247,2800.0,0.0014518803,16.67,0.15,4
249.0,250.0,149.0142119959,2800.0,0.0024830736,16.67,0.15,4
250.0,251.0,199.9510225485,2800.0,0.0033318507,16.67,0.15,4
250.0,252.0,235.5634410606,2800.0,0.0039252723,16.67,0.15,4
251.0,253.0,186.4749719712,2800.0,0.0031072947,16.67,0.15,4
251.0,253.0,177.1465770743,7000.0,0.0022145537,22.22,0.15,4
251.0,682.0,162.7820363627,8750.0,0.002034979,22.22,0.15,4
251.0,658.0,144.4099413425,2800.0,0.0024063511,16.67,0.15,4
252.0,682.0,184.2175691794,8750.0,0.0023029499,22.22,0.15,4
252.0,926.0,171.0401644382,7000.0,0.0021382159,22.22,0.15,4
253.0,681.0,207.1684688006,7000.0,0.0025898648,22.22,0.15,4
253.0,286.0,105.7492111963,2800.0,0.0017621344,16.67,0.15,4
253.0,803.0,327.3100883896,2800.0,0.0054540773,16.67,0.15,4
254.0,255.0,141.1108207233,2800.0,0.0023513767,16.67,0.15,4
254.0,256.0,153.2213991945,2800.0,0.0025531794,16.67,0.15,4
254.0,257.0,138.2819159941,2800.0,0.0023042378,16.67,0.15,4
254.0,426.0,194.2540362996,2800.0,0.0032369199,16.67,0.15,4
255.0,256.0,100.1620848953,2800.0,0.0016690343,16.67,0.15,4
255.0,442.0,239.2767881351,2800.0,0.003987149,16.67,0.15,4
256.0,450.0,115.6281347445,2800.0,0.0019267502,16.67,0.15,4
257.0,454.0,70.5512248688,2800.0,0.0011756186,16.67,0.15,4
257.0,449.0,209.7293318965,1300.0,0.0052437577,11.11,0.15,4
259.0,515.0,110.2595333205,2800.0,0.0018372914,16.67,0.15,4
260.0,871.0,118.3601663864,2800.0,0.001972275,16.67,0.15,4
260.0,870.0,172.561836908,2800.0,0.0028754555,16.67,0.15,4
260.0,297.0,248.0842448186,2800.0,0.0041339106,16.67,0.15,4
260.0,847.0,168.9872635852,2800.0,0.0028158912,16.67,0.15,4
261.0,262.0,88.4703045915,1300.0,0.0022119788,11.11,0.15,4
261.0,504.0,113.7003316914,2800.0,0.0018946266,16.67,0.15,4
261.0,513.0,122.7313449088,2800.0,0.0020451134,16.67,0.15,4
262.0,512.0,178.6620457195,2800.0,0.0029771053,16.67,0.15,4
262.0,264.0,308.7236501117,1300.0,0.0077188631,11.11,0.15,4
263.0,264.0,108.8887083171,7000.0,0.001361245,22.22,0.15,4
263.0,265.0,109.3722150145,2800.0,0.0018225057,16.67,0.15,4
264.0,574.0,251.0643792294,2800.0,0.0041835696,16.67,0.15,4
264.0,512.0,330.0834663152,7000.0,0.004126456,22.22,0.15,4
264.0,512.0,323.0285774171,2800.0,0.0053827331,16.67,0.15,4
264.0,504.0,486.4637418384,2800.0,0.0081061078,16.67,0.15,4
264.0,578.0,206.7697542592,1300.0,0.0051697608,11.11,0.15,4
264.0,974.0,137.4719744117,2800.0,0.0022907414,16.67,0.15,4
265.0,587.0,116.6225091801,2800.0,0.0019433198,16.67,0.15,4
265.0,974.0,226.900895512,2800.0,0.0037809254,16.67,0.15,4
266.0,267.0,103.2250913148,2800.0,0.0017200742,16.67,0.15,4
266.0,590.0,216.1409464523,2800.0,0.0036016288,16.67,0.15,4
266.0,591.0,113.8139131334,2800.0,0.0018965192,16.67,0.15,4
266.0,589.0,109.75280238,2800.0,0.0018288476,16.67,0.15,4
266.0,587.0,149.6057306242,2800.0,0.0024929303,16.67,0.15,4
267.0,587.0,248.9015586666,2800.0,0.0041475298,16.67,0.15,4
267.0,591.0,134.4065049042,2800.0,0.0022396605,16.67,0.15,4
267.0,593.0,128.190757397,2800.0,0.0021360854,16.67,0.15,4
268.0,269.0,243.1661831807,1300.0,0.0060797626,11.11,0.15,4
268.0,595.0,186.2972930796,2800.0,0.003104334,16.67,0.15,4
268.0,979.0,143.3188937123,2800.0,0.0023881706,16.67,0.15,4
269.0,596.0,79.3693591346,1300.0,0.0019844324,11.11,0.15,4
269.0,595.0,92.252910041,1300.0,0.0023065534,11.11,0.15,4
270.0,271.0,205.3279967103,2800.0,0.003421449,16.67,0.15,4
270.0,274.0,122.8191205522,2800.0,0.002046576,16.67,0.15,4
270.0,722.0,108.8754959965,5250.0,0.0013610798,22.22,0.15,4
271.0,722.0,198.4419538928,2800.0,0.0033067046,16.67,0.15,4
271.0,703.0,316.9702792395,2800.0,0.0052817816,16.67,0.15,4
271.0,706.0,184.1387880921,2800.0,0.0030683661,16.67,0.15,4
271.0,740.0,225.8503663231,2800.0,0.0037634201,16.67,0.15,4
272.0,273.0,145.888617502,2800.0,0.0024309908,16.67,0.15,4
272.0,274.0,100.3083307217,2800.0,0.0016714712,16.67,0.15,4
272.0,734.0,111.8462222625,2800.0,0.001863731,16.67,0.15,4
273.0,743.0,155.8933500391,2800.0,0.002597703,16.67,0.15,4
273.0,612.0,293.92767918,2800.0,0.0048978151,16.67,0.15,4
273.0,723.0,195.4186453258,2800.0,0.0032563262,16.67,0.15,4
273.0,742.0,293.5244711832,2800.0,0.0048910963,16.67,0.15,4
274.0,734.0,150.5855947093,2800.0,0.0025092581,16.67,0.15,4
274.0,723.0,97.3141815519,2800.0,0.0016215787,16.67,0.15,4
275.0,276.0,138.4874788127,2800.0,0.0023076631,16.67,0.15,4
275.0,276.0,111.6252783457,5250.0,0.0013954555,22.22,0.15,4
275.0,324.0,265.2914471563,2800.0,0.00442064,16.67,0.15,4
275.0,323.0,126.9965086847,2800.0,0.0021161852,16.67,0.15,4
276.0,386.0,146.8937671437,2800.0,0.0024477399,16.67,0.15,4
276.0,325.0,289.0388324001,2800.0,0.0048163506,16.67,0.15,4
276.0,320.0,194.9727635258,2800.0,0.0032488963,16.67,0.15,4
276.0,326.0,256.5683891392,2800.0,0.0042752848,16.67,0.15,4
276.0,559.0,93.5985715254,1300.0,0.0023401983,11.11,0.15,4
276.0,558.0,198.6317426076,2800.0,0.0033098671,16.67,0.15,4
276.0,279.0,256.652768231,1300.0,0.0064169609,11.11,0.15,4
277.0,278.0,141.3195237892,10500.0,0.0017666707,22.22,0.15,4
277.0,279.0,351.1424825286,1300.0,0.00877944,11.11,0.15,4
277.0,757.0,147.1122087381,2800.0,0.0024513799,16.67,0.15,4
277.0,327.0,153.4632994385,2800.0,0.0025572102,16.67,0.15,4
277.0,544.0,256.077975311,2800.0,0.0042671128,16.67,0.15,4
277.0,758.0,170.4077634857,2800.0,0.0028395615,16.67,0.15,4
277.0,758.0,254.7450749455,1300.0,0.0063692638,11.11,0.15,4
278.0,757.0,100.2877343894,1300.0,0.0025074441,11.11,0.15,4
279.0,558.0,160.8277938146,1300.0,0.004021097,11.11,0.15,4
279.0,547.0,195.681428902,2800.0,0.003260705,16.67,0.15,4
280.0,281.0,285.1462206604,2800.0,0.0047514867,16.67,0.15,4
280.0,282.0,146.0547844044,1300.0,0.0036517348,11.11,0.15,4
280.0,757.0,109.0040795756,2800.0,0.0018163714,16.67,0.15,4
281.0,762.0,231.5587943427,2800.0,0.0038585415,16.67,0.15,4
281.0,758.0,214.2753662547,1300.0,0.0053574199,11.11,0.15,4
281.0,761.0,86.4244635338,1300.0,0.0021608277,11.11,0.15,4
282.0,762.0,123.8030286229,2800.0,0.0020629712,16.67,0.15,4
283.0,284.0,119.8917667351,1300.0,0.0029975939,11.11,0.15,4
283.0,778.0,65.5234926042,2800.0,0.0010918398,16.67,0.15,4
285.0,286.0,86.779313577,2800.0,0.0014460327,16.67,0.15,4
285.0,286.0,195.8950055498,2800.0,0.0032642639,16.67,0.15,4
285.0,735.0,74.5015729208,2800.0,0.0012414446,16.67,0.15,4
285.0,923.0,122.884149241,2800.0,0.0020476596,16.67,0.15,4
286.0,803.0,313.5544304999,2800.0,0.0052248622,16.67,0.15,4
287.0,288.0,254.3410342626,2800.0,0.0042381696,16.67,0.15,4
287.0,361.0,137.6271028533,2800.0,0.0022933264,16.67,0.15,4
287.0,289.0,175.3489816958,2800.0,0.0029218986,16.67,0.15,4
287.0,295.0,139.0254748266,2800.0,0.0023166279,16.67,0.15,4
287.0,354.0,173.7508142168,1300.0,0.0043442048,11.11,0.15,4
288.0,354.0,163.0456682698,2800.0,0.0027168844,16.67,0.15,4
288.0,353.0,93.8688489077,2800.0,0.001564168,16.67,0.15,4
288.0,351.0,222.3797004165,2800.0,0.0037055872,16.67,0.15,4
289.0,290.0,141.1192440192,2800.0,0.0023515171,16.67,0.15,4
289.0,290.0,137.1887369119,2800.0,0.0022860217,16.67,0.15,4
289.0,368.0,306.0765522732,2800.0,0.0051002558,16.67,0.15,4
290.0,291.0,97.5350783877,2800.0,0.0016252596,16.67,0.15,4
290.0,367.0,133.8975638195,2800.0,0.0022311798,16.67,0.15,4
290.0,292.0,90.5029332666,1300.0,0.0022627996,11.11,0.15,4
291.0,295.0,168.3980501818,2800.0,0.002806073,16.67,0.15,4
292.0,369.0,105.2286898329,2800.0,0.0017534608,16.67,0.15,4
293.0,294.0,97.6129934987,2800.0,0.0016265579,16.67,0.15,4
293.0,295.0,99.5222116042,2800.0,0.0016583719,16.67,0.15,4
294.0,353.0,97.6784224121,2800.0,0.0016276482,16.67,0.15,4
296.0,297.0,164.6791397085,2800.0,0.0027441035,16.67,0.15,4
296.0,298.0,282.6875968371,2800.0,0.0047105178,16.67,0.15,4
296.0,299.0,241.6358581615,2800.0,0.004026459,16.67,0.15,4
296.0,871.0,149.6704737367,2800.0,0.0024940091,16.67,0.15,4
296.0,890.0,103.1694428889,2800.0,0.0017191469,16.67,0.15,4
297.0,869.0,228.6349895409,2800.0,0.0038098212,16.67,0.15,4
297.0,870.0,188.7823463035,2800.0,0.0031457433,16.67,0.15,4
297.0,889.0,144.7673366084,2800.0,0.0024123065,16.67,0.15,4
297.0,890.0,103.134296474,2800.0,0.0017185612,16.67,0.15,4
298.0,299.0,145.4584271168,2800.0,0.0024238224,16.67,0.15,4
298.0,840.0,70.4369390276,2800.0,0.0011737142,16.67,0.15,4
298.0,841.0,102.8506812847,2800.0,0.0017138353,16.67,0.15,4
300.0,301.0,232.4553675552,1300.0,0.0058119654,11.11,0.15,4
300.0,867.0,254.937799956,2800.0,0.0042481137,16.67,0.15,4
300.0,884.0,165.2819330441,2800.0,0.0027541481,16.67,0.15,4
300.0,907.0,222.8577463606,2800.0,0.0037135531,16.67,0.15,4
300.0,905.0,113.9248269972,1300.0,0.0028484055,11.11,0.15,4
300.0,737.0,245.942153627,2800.0,0.0040982163,16.67,0.15,4
300.0,886.0,175.8633390895,2800.0,0.0029304696,16.67,0.15,4
300.0,953.0,201.2339320645,1300.0,0.0050313514,11.11,0.15,4
301.0,868.0,226.4244755772,2800.0,0.0037729867,16.67,0.15,4
301.0,869.0,196.2580321159,1300.0,0.0049069415,11.11,0.15,4
301.0,737.0,276.7149365947,2800.0,0.0046109934,16.67,0.15,4
301.0,904.0,234.1305668266,1300.0,0.0058538496,11.11,0.15,4
302.0,876.0,105.471911995,2800.0,0.0017575137,16.67,0.15,4
303.0,889.0,93.2580978253,1300.0,0.0023316856,11.11,0.15,4
303.0,902.0,94.6599728981,2800.0,0.0015773507,16.67,0.15,4
304.0,305.0,305.0834093645,2800.0,0.0050837067,16.67,0.15,4
304.0,306.0,167.8042432537,2800.0,0.0027961782,16.67,0.15,4
304.0,306.0,156.2048084332,7000.0,0.0019527554,22.22,0.15,4
304.0,307.0,249.6531842337,2800.0,0.0041600544,16.67,0.15,4
305.0,453.0,66.8936194631,2800.0,0.0011146707,16.67,0.15,4
305.0,452.0,264.8110209213,2800.0,0.0044126345,16.67,0.15,4
305.0,365.0,63.1095700218,2800.0,0.0010516158,16.67,0.15,4
306.0,362.0,259.40130656,2800.0,0.0043224906,16.67,0.15,4
306.0,362.0,224.4751393921,5250.0,0.0028062199,22.22,0.15,4
306.0,364.0,190.0699807536,2800.0,0.0031671996,16.67,0.15,4
307.0,308.0,63.7069944409,2800.0,0.0010615709,16.67,0.15,4
307.0,309.0,247.5983553993,2800.0,0.0041258141,16.67,0.15,4
308.0,452.0,336.2598604105,2800.0,0.0056032104,16.67,0.15,4
308.0,312.0,293.3859482944,2800.0,0.004888788,16.67,0.15,4
309.0,978.0,97.2672418346,2800.0,0.0016207965,16.67,0.15,4
309.0,310.0,91.4674507962,2800.0,0.0015241527,16.67,0.15,4
310.0,311.0,61.6482917952,2800.0,0.0010272661,16.67,0.15,4
310.0,312.0,152.0232939184,1300.0,0.0038009624,11.11,0.15,4
311.0,978.0,108.5691547713,2800.0,0.0018091241,16.67,0.15,4
312.0,753.0,100.9219348602,1300.0,0.0025233007,11.11,0.15,4
313.0,314.0,223.6038409389,7000.0,0.0027953275,22.22,0.15,4
314.0,775.0,92.5279587667,7000.0,0.0011567152,22.22,0.15,4
315.0,362.0,133.5438709706,5250.0,0.0016694653,22.22,0.15,4
315.0,363.0,168.8431695539,2800.0,0.0028134901,16.67,0.15,4
316.0,409.0,166.4911077127,2800.0,0.0027742969,16.67,0.15,4
316.0,319.0,113.677198029,2800.0,0.0018942411,16.67,0.15,4
317.0,318.0,94.69788092,2800.0,0.0015779824,16.67,0.15,4
317.0,319.0,138.7139558373,2800.0,0.002311437,16.67,0.15,4
317.0,385.0,188.7478902856,2800.0,0.0031451691,16.67,0.15,4
317.0,321.0,104.9450791426,2800.0,0.0017487349,16.67,0.15,4
318.0,382.0,99.2684010091,2800.0,0.0016541425,16.67,0.15,4
318.0,383.0,74.2155463135,1300.0,0.0018555742,11.11,0.15,4
319.0,407.0,183.3066765616,2800.0,0.0030545004,16.67,0.15,4
320.0,321.0,142.6206481683,2800.0,0.0023765355,16.67,0.15,4
320.0,322.0,136.8959686523,2800.0,0.0022811432,16.67,0.15,4
320.0,323.0,142.3578474493,2800.0,0.0023721564,16.67,0.15,4
321.0,384.0,251.5634536985,2800.0,0.0041918859,16.67,0.15,4
321.0,322.0,233.0595007363,2800.0,0.0038835483,16.67,0.15,4
321.0,383.0,128.5713989301,2800.0,0.0021424282,16.67,0.15,4
322.0,387.0,172.1420503504,2800.0,0.0028684605,16.67,0.15,4
322.0,387.0,208.4374547815,1300.0,0.0052114575,11.11,0.15,4
322.0,385.0,121.4867514868,1300.0,0.0030374725,11.11,0.15,4
322.0,388.0,144.171694233,2800.0,0.0024023811,16.67,0.15,4
322.0,386.0,196.9359482664,2800.0,0.0032816095,16.67,0.15,4
323.0,324.0,177.3428033817,2800.0,0.0029551224,16.67,0.15,4
323.0,381.0,157.5997073209,2800.0,0.0026261366,16.67,0.15,4
324.0,325.0,105.7003070459,2800.0,0.0017613195,16.67,0.15,4
324.0,381.0,196.093341314,2800.0,0.0032675688,16.67,0.15,4
326.0,548.0,146.0489084569,2800.0,0.0024336617,16.67,0.15,4
328.0,498.0,166.2228213412,2800.0,0.0027698264,16.67,0.15,4
328.0,494.0,103.6302151767,2800.0,0.0017268249,16.67,0.15,4
328.0,338.0,398.5322536103,2800.0,0.0066408761,16.67,0.15,4
329.0,330.0,113.9652842174,2800.0,0.0018990416,16.67,0.15,4
329.0,579.0,146.0502839626,2800.0,0.0024336847,16.67,0.15,4
329.0,727.0,344.2123535045,2800.0,0.0057357254,16.67,0.15,4
329.0,728.0,374.9140529208,2800.0,0.0062473181,16.67,0.15,4
330.0,331.0,122.4204563956,1300.0,0.0030608175,11.11,0.15,4
330.0,332.0,166.3812945146,1300.0,0.0041599484,11.11,0.15,4
330.0,938.0,166.9885373682,2800.0,0.0027825858,16.67,0.15,4
331.0,936.0,206.8870405537,2800.0,0.0034474279,16.67,0.15,4
331.0,733.0,123.226932363,1300.0,0.0030809814,11.11,0.15,4
331.0,747.0,123.3986496645,1300.0,0.0030852748,11.11,0.15,4
332.0,747.0,92.5636741966,7000.0,0.0011571616,22.22,0.15,4
333.0,334.0,87.8495480681,5250.0,0.0010982292,22.22,0.15,4
333.0,335.0,109.5905706003,5250.0,0.0013700191,22.22,0.15,4
333.0,335.0,109.8124095562,2800.0,0.0018298409,16.67,0.15,4
333.0,688.0,123.1841292257,2800.0,0.0020526583,16.67,0.15,4
334.0,688.0,104.4198130989,2800.0,0.0017399822,16.67,0.15,4
335.0,705.0,165.0337202158,5250.0,0.0020631278,22.22,0.15,4
335.0,705.0,107.411109793,2800.0,0.0017898272,16.67,0.15,4
336.0,337.0,129.5885618005,2800.0,0.0021593775,16.67,0.15,4
336.0,480.0,180.0458840705,2800.0,0.0030001647,16.67,0.15,4
337.0,480.0,85.6037130232,2800.0,0.0014264433,16.67,0.15,4
338.0,339.0,97.2831405618,2800.0,0.0016210615,16.67,0.15,4
339.0,495.0,78.1669634088,2800.0,0.0013025222,16.67,0.15,4
339.0,496.0,131.0450704115,5250.0,0.0016382272,22.22,0.15,4
339.0,494.0,253.5220976651,2800.0,0.0042245234,16.67,0.15,4
340.0,341.0,151.2620353946,2800.0,0.0025205298,16.67,0.15,4
340.0,342.0,329.7132471397,2800.0,0.005494122,16.67,0.15,4
340.0,981.0,135.8156737818,1300.0,0.0033957314,11.11,0.15,4
340.0,555.0,288.2349020184,1300.0,0.0072065932,11.11,0.15,4
340.0,554.0,216.5143026603,2800.0,0.0036078501,16.67,0.15,4
340.0,752.0,139.1297339771,1300.0,0.0034785912,11.11,0.15,4
340.0,752.0,82.0190182361,5250.0,0.0010253403,22.22,0.15,4
341.0,915.0,306.5636847086,2800.0,0.0051083731,16.67,0.15,4
342.0,750.0,177.2933115909,2800.0,0.0029542977,16.67,0.15,4
342.0,751.0,150.2417588767,2800.0,0.0025035286,16.67,0.15,4
342.0,752.0,214.2407666493,2800.0,0.0035699655,16.67,0.15,4
342.0,915.0,143.8641335589,2800.0,0.0023972561,16.67,0.15,4
343.0,760.0,128.5017156477,1300.0,0.0032128642,11.11,0.15,4
343.0,759.0,137.979920403,2800.0,0.0022992055,16.67,0.15,4
343.0,765.0,114.3320545106,2800.0,0.0019051532,16.67,0.15,4
343.0,762.0,365.6876400929,1300.0,0.0091431053,11.11,0.15,4
343.0,956.0,229.1457502086,2800.0,0.0038183322,16.67,0.15,4
343.0,763.0,94.8409455538,1300.0,0.0023712608,11.11,0.15,4
344.0,345.0,355.0215030239,2800.0,0.0059158419,16.67,0.15,4
344.0,956.0,285.270144305,1300.0,0.0071324669,11.11,0.15,4
344.0,766.0,190.8662897632,2800.0,0.0031804687,16.67,0.15,4
345.0,776.0,117.2593731968,1300.0,0.0029317775,11.11,0.15,4
346.0,347.0,159.4718061379,2800.0,0.002657332,16.67,0.15,4
346.0,348.0,166.51776366,2800.0,0.0027747411,16.67,0.15,4
346.0,533.0,179.7390453482,1300.0,0.0044939255,11.11,0.15,4
347.0,348.0,159.6796144183,2800.0,0.0026607947,16.67,0.15,4
347.0,349.0,144.2986382283,2800.0,0.0024044964,16.67,0.15,4
348.0,527.0,185.1941180576,1300.0,0.004630316,11.11,0.15,4
348.0,529.0,215.0953051135,2800.0,0.0035842049,16.67,0.15,4
349.0,526.0,110.1929538927,2800.0,0.001836182,16.67,0.15,4
349.0,527.0,126.0266804858,2800.0,0.0021000247,16.67,0.15,4
350.0,526.0,192.0808226886,2800.0,0.0032007069,16.67,0.15,4
350.0,534.0,218.5812634579,1300.0,0.0054650781,11.11,0.15,4
351.0,352.0,124.8446624031,2800.0,0.0020803283,16.67,0.15,4
352.0,353.0,124.6306222469,2800.0,0.0020767617,16.67,0.15,4
354.0,355.0,115.9113429108,2800.0,0.0019314694,16.67,0.15,4
354.0,358.0,116.7182682757,2800.0,0.0019449155,16.67,0.15,4
354.0,356.0,134.6103509291,2800.0,0.0022430572,16.67,0.15,4
355.0,356.0,62.3266303448,2800.0,0.0010385695,16.67,0.15,4
356.0,357.0,110.0680718536,1300.0,0.002751977,11.11,0.15,4
357.0,359.0,118.1913672812,1300.0,0.0029550797,11.11,0.15,4
358.0,360.0,277.5248750191,2800.0,0.0046244897,16.67,0.15,4
358.0,361.0,118.2831084187,2800.0,0.0019709909,16.67,0.15,4
359.0,360.0,151.2443331344,2800.0,0.0025202348,16.67,0.15,4
360.0,945.0,216.0850717894,7000.0,0.0027013335,22.22,0.15,4
360.0,361.0,311.9495110215,2800.0,0.0051981189,16.67,0.15,4
362.0,366.0,251.4686067517,2800.0,0.0041903054,16.67,0.15,4
362.0,364.0,189.5510068164,2800.0,0.0031585517,16.67,0.15,4
365.0,453.0,129.6282237804,2800.0,0.0021600384,16.67,0.15,4
367.0,369.0,87.4598108852,2800.0,0.001457372,16.67,0.15,4
367.0,368.0,164.2960589241,2800.0,0.0027377201,16.67,0.15,4
368.0,460.0,200.2048199411,2800.0,0.0033360798,16.67,0.15,4
368.0,459.0,130.3126936866,2800.0,0.0021714439,16.67,0.15,4
368.0,475.0,229.3772122384,2800.0,0.0038221891,16.67,0.15,4
370.0,942.0,168.5773501754,2800.0,0.0028090607,16.67,0.15,4
370.0,941.0,100.5433153049,2800.0,0.0016753868,16.67,0.15,4
371.0,372.0,113.7465022832,1300.0,0.002843947,11.11,0.15,4
371.0,373.0,95.1507866661,1300.0,0.0023790076,11.11,0.15,4
372.0,969.0,61.6368339607,1300.0,0.001541075,11.11,0.15,4
373.0,969.0,120.421159053,1300.0,0.0030108301,11.11,0.15,4
374.0,375.0,180.2203294109,5250.0,0.0022529794,22.22,0.15,4
374.0,376.0,217.8114857436,2800.0,0.0036294655,16.67,0.15,4
375.0,416.0,230.1845171503,2800.0,0.0038356415,16.67,0.15,4
375.0,410.0,148.9338274578,2800.0,0.0024817341,16.67,0.15,4
375.0,412.0,119.5534027222,2800.0,0.0019921583,16.67,0.15,4
375.0,411.0,228.1947938703,2800.0,0.0038024861,16.67,0.15,4
376.0,481.0,198.6225787744,2800.0,0.0033097144,16.67,0.15,4
376.0,476.0,237.4757832117,1300.0,0.0059374883,11.11,0.15,4
376.0,479.0,162.23709266,2800.0,0.0027034109,16.67,0.15,4
377.0,382.0,108.049536916,2800.0,0.0018004655,16.67,0.15,4
377.0,383.0,128.149552122,1300.0,0.0032040592,11.11,0.15,4
377.0,384.0,98.7737566178,1300.0,0.0024695909,11.11,0.15,4
378.0,382.0,118.2235802751,2800.0,0.001969999,16.67,0.15,4
378.0,380.0,99.5521734048,2800.0,0.0016588711,16.67,0.15,4
381.0,384.0,75.9879560978,1300.0,0.0018998889,11.11,0.15,4
382.0,407.0,140.4729284299,2800.0,0.0023407473,16.67,0.15,4
385.0,390.0,237.2183531722,2800.0,0.0039528486,16.67,0.15,4
386.0,389.0,165.0346370599,2800.0,0.0027500273,16.67,0.15,4
386.0,559.0,72.8123629422,1300.0,0.0018204911,11.11,0.15,4
387.0,390.0,157.6917046068,2800.0,0.0026276695,16.67,0.15,4
387.0,388.0,98.3232220886,2800.0,0.0016383927,16.67,0.15,4
388.0,389.0,159.031328658,2800.0,0.0026499921,16.67,0.15,4
389.0,391.0,182.2716152369,2800.0,0.0030372528,16.67,0.15,4
389.0,560.0,192.2762655117,2800.0,0.0032039636,16.67,0.15,4
389.0,395.0,139.8712033899,2800.0,0.0023307206,16.67,0.15,4
389.0,559.0,167.1193775235,1300.0,0.0041784023,11.11,0.15,4
390.0,394.0,69.5068301734,2800.0,0.0011582155,16.67,0.15,4
390.0,391.0,200.0021375445,2800.0,0.0033327024,16.67,0.15,4
391.0,392.0,120.5591673929,2800.0,0.0020089177,16.67,0.15,4
391.0,393.0,245.8191019826,2800.0,0.0040961658,16.67,0.15,4
391.0,395.0,155.4710100027,2800.0,0.0025906654,16.67,0.15,4
392.0,396.0,75.6092464867,2800.0,0.0012599021,16.67,0.15,4
392.0,393.0,180.3672022434,2800.0,0.0030055189,16.67,0.15,4
393.0,395.0,195.4449443409,2800.0,0.0032567644,16.67,0.15,4
393.0,561.0,229.9013643911,2800.0,0.0038309232,16.67,0.15,4
393.0,561.0,188.7698267255,2800.0,0.0031455347,16.67,0.15,4
393.0,782.0,219.6788048866,2800.0,0.0036605813,16.67,0.15,4
393.0,779.0,185.1526293147,2800.0,0.0030852601,16.67,0.15,4
393.0,396.0,212.8259953335,2800.0,0.0035463906,16.67,0.15,4
393.0,398.0,182.5380036872,2800.0,0.0030416917,16.67,0.15,4
393.0,562.0,316.5573057754,2800.0,0.0052749001,16.67,0.15,4
394.0,404.0,264.2626350469,2800.0,0.0044034966,16.67,0.15,4
394.0,399.0,276.759743295,2800.0,0.00461174,16.67,0.15,4
395.0,561.0,195.9510122157,1300.0,0.0048992652,11.11,0.15,4
396.0,397.0,129.6373182173,2800.0,0.0021601899,16.67,0.15,4
397.0,398.0,129.1596257047,2800.0,0.00215223,16.67,0.15,4
397.0,399.0,237.5567564105,2800.0,0.0039584876,16.67,0.15,4
397.0,400.0,381.6005867627,2800.0,0.006358738,16.67,0.15,4
398.0,400.0,499.4362561957,2800.0,0.0083222731,16.67,0.15,4
399.0,401.0,168.2906900673,2800.0,0.002804284,16.67,0.15,4
399.0,402.0,123.2540911597,2800.0,0.0020538241,16.67,0.15,4
399.0,406.0,171.2372742241,2800.0,0.0028533839,16.67,0.15,4
400.0,406.0,161.6946049431,2800.0,0.0026943712,16.67,0.15,4
400.0,406.0,112.6347599465,2800.0,0.0018768706,16.67,0.15,4
400.0,406.0,140.8058475318,1300.0,0.0035204982,11.11,0.15,4
400.0,422.0,250.6848356889,2800.0,0.0041772451,16.67,0.15,4
400.0,422.0,352.7612230012,2800.0,0.0058781781,16.67,0.15,4
400.0,403.0,274.0384048388,2800.0,0.0045663935,16.67,0.15,4
400.0,403.0,263.8431337654,2800.0,0.0043965063,16.67,0.15,4
400.0,424.0,196.8638087046,2800.0,0.0032804074,16.67,0.15,4
400.0,756.0,196.3876359815,7000.0,0.002455091,22.22,0.15,4
400.0,781.0,239.752917078,2800.0,0.0039950829,16.67,0.15,4
401.0,402.0,65.2973994599,2800.0,0.0010880724,16.67,0.15,4
401.0,403.0,106.7713656297,2800.0,0.0017791669,16.67,0.15,4
401.0,404.0,194.4247606562,2800.0,0.0032397647,16.67,0.15,4
402.0,406.0,102.4612784514,2800.0,0.0017073465,16.67,0.15,4
403.0,420.0,124.8846058776,2800.0,0.0020809939,16.67,0.15,4
403.0,421.0,129.5920456528,2800.0,0.0021594355,16.67,0.15,4
404.0,405.0,78.5094425461,2800.0,0.0013082291,16.67,0.15,4
405.0,418.0,120.6049855076,2800.0,0.0020096812,16.67,0.15,4
405.0,420.0,96.4923118651,2800.0,0.0016078836,16.67,0.15,4
407.0,408.0,102.5480391538,2800.0,0.0017087922,16.67,0.15,4
408.0,409.0,70.5655975597,2800.0,0.0011758581,16.67,0.15,4
410.0,411.0,95.553876839,2800.0,0.0015922462,16.67,0.15,4
410.0,411.0,134.0010755803,2800.0,0.0022329047,16.67,0.15,4
411.0,412.0,157.4564918458,2800.0,0.0026237501,16.67,0.15,4
411.0,414.0,110.0050575242,1300.0,0.0027504015,11.11,0.15,4
412.0,414.0,118.9575368119,2800.0,0.0019822292,16.67,0.15,4
413.0,414.0,121.5546544112,2800.0,0.0020255058,16.67,0.15,4
416.0,477.0,99.100559445,2800.0,0.0016513457,16.67,0.15,4
416.0,477.0,104.9449009274,2800.0,0.0017487319,16.67,0.15,4
416.0,479.0,213.5036385811,2800.0,0.0035576824,16.67,0.15,4
417.0,418.0,284.6725449111,2800.0,0.0047435937,16.67,0.15,4
418.0,421.0,78.3171063484,2800.0,0.0013050241,16.67,0.15,4
418.0,422.0,287.7530873214,2800.0,0.0047949258,16.67,0.15,4
418.0,445.0,190.0479036934,2800.0,0.0031668317,16.67,0.15,4
420.0,421.0,85.3823715098,2800.0,0.001422755,16.67,0.15,4
422.0,423.0,67.6330944831,2800.0,0.0011269928,16.67,0.15,4
423.0,425.0,93.3646639518,2800.0,0.0015557666,16.67,0.15,4
423.0,426.0,188.9693944316,2800.0,0.0031488601,16.67,0.15,4
423.0,424.0,215.3373536446,2800.0,0.0035882382,16.67,0.15,4
424.0,427.0,157.0855036359,2800.0,0.0026175682,16.67,0.15,4
424.0,427.0,154.2701325006,2800.0,0.0025706547,16.67,0.15,4
425.0,427.0,212.7407267204,2800.0,0.0035449698,16.67,0.15,4
425.0,426.0,144.4101332203,2800.0,0.0024063543,16.67,0.15,4
426.0,450.0,69.2778508942,2800.0,0.0011544,16.67,0.15,4
427.0,452.0,206.6145507446,2800.0,0.0034428873,16.67,0.15,4
427.0,753.0,288.5019796948,1300.0,0.0072132708,11.11,0.15,4
428.0,430.0,115.7058970126,2800.0,0.001928046,16.67,0.15,4
429.0,430.0,92.9970761331,5250.0,0.0011625797,22.22,0.15,4
430.0,436.0,91.8736290904,2800.0,0.001530921,16.67,0.15,4
431.0,437.0,174.7023485426,1300.0,0.0043679955,11.11,0.15,4
431.0,436.0,132.4787567145,2800.0,0.0022075378,16.67,0.15,4
431.0,434.0,126.0714677109,2800.0,0.002100771,16.67,0.15,4
431.0,433.0,145.7914004252,2800.0,0.0024293708,16.67,0.15,4
432.0,462.0,102.7488328556,2800.0,0.0017121381,16.67,0.15,4
433.0,434.0,125.3995277473,2800.0,0.0020895742,16.67,0.15,4
433.0,435.0,116.4025702534,1300.0,0.0029103553,11.11,0.15,4
433.0,437.0,174.5396423168,2800.0,0.0029084124,16.67,0.15,4
433.0,440.0,150.0943517124,2800.0,0.0025010723,16.67,0.15,4
434.0,436.0,72.16478901,2800.0,0.001202506,16.67,0.15,4
437.0,444.0,162.4143767851,2800.0,0.002706365,16.67,0.15,4
438.0,439.0,114.7498350254,1300.0,0.0028690328,11.11,0.15,4
438.0,442.0,180.6349107868,2800.0,0.0030099799,16.67,0.15,4
438.0,443.0,118.770726377,2800.0,0.0019791163,16.67,0.15,4
439.0,440.0,70.5018579513,1300.0,0.0017627227,11.11,0.15,4
439.0,443.0,74.3520122469,2800.0,0.0012389524,16.67,0.15,4
440.0,441.0,136.4607950571,2800.0,0.0022738918,16.67,0.15,4
441.0,442.0,192.5930076985,2800.0,0.0032092416,16.67,0.15,4
441.0,443.0,139.3976847067,2800.0,0.0023228302,16.67,0.15,4
441.0,444.0,177.2062148631,2800.0,0.0029528463,16.67,0.15,4
441.0,444.0,179.2310913115,2800.0,0.0029865875,16.67,0.15,4
441.0,446.0,163.8519000468,2800.0,0.0027303189,16.67,0.15,4
441.0,447.0,148.2396151753,2800.0,0.0024701662,16.67,0.15,4
442.0,446.0,154.8233764728,2800.0,0.0025798736,16.67,0.15,4
442.0,443.0,89.6437003721,2800.0,0.0014937629,16.67,0.15,4
445.0,450.0,72.8252290386,2800.0,0.0012135111,16.67,0.15,4
446.0,448.0,116.765044952,1300.0,0.0029194181,11.11,0.15,4
446.0,447.0,99.5921196511,2800.0,0.0016595368,16.67,0.15,4
447.0,458.0,83.1893679627,2800.0,0.0013862122,16.67,0.15,4
448.0,457.0,138.6844395045,1300.0,0.0034674577,11.11,0.15,4
448.0,449.0,103.2935779534,1300.0,0.0025825977,11.11,0.15,4
448.0,458.0,71.1056355333,2800.0,0.001184857,16.67,0.15,4
451.0,454.0,103.456034016,2800.0,0.0017239224,16.67,0.15,4
451.0,456.0,76.6160600776,2800.0,0.001276679,16.67,0.15,4
453.0,454.0,224.6210864687,2800.0,0.0037429362,16.67,0.15,4
454.0,455.0,110.3089702575,2800.0,0.0018381152,16.67,0.15,4
455.0,456.0,112.0678087599,2800.0,0.0018674233,16.67,0.15,4
455.0,457.0,115.621170354,2800.0,0.0019266342,16.67,0.15,4
456.0,457.0,208.8406859603,2800.0,0.0034799821,16.67,0.15,4
457.0,458.0,136.1100370896,2800.0,0.002268047,16.67,0.15,4
459.0,460.0,145.9073469009,2800.0,0.0024313029,16.67,0.15,4
460.0,461.0,168.7453563095,2800.0,0.0028118602,16.67,0.15,4
461.0,475.0,107.1003643074,2800.0,0.0017846491,16.67,0.15,4
462.0,473.0,113.8868728258,2800.0,0.001897735,16.67,0.15,4
463.0,464.0,147.2740685862,2800.0,0.002454077,16.67,0.15,4
463.0,815.0,149.9481466397,2800.0,0.0024986361,16.67,0.15,4
463.0,838.0,212.85030853,2800.0,0.0035467958,16.67,0.15,4
463.0,838.0,188.5363134816,5250.0,0.0023569396,22.22,0.15,4
463.0,843.0,276.9390908846,2800.0,0.0046147286,16.67,0.15,4
465.0,466.0,95.6282472097,2800.0,0.0015934854,16.67,0.15,4
465.0,694.0,241.303309942,2800.0,0.0040209176,16.67,0.15,4
465.0,718.0,122.1006605605,2800.0,0.0020346041,16.67,0.15,4
465.0,720.0,95.7391536851,1300.0,0.0023937182,11.11,0.15,4
466.0,694.0,250.7426546004,2800.0,0.0041782086,16.67,0.15,4
466.0,713.0,160.8550221459,2800.0,0.002680381,16.67,0.15,4
468.0,469.0,85.7589115448,2800.0,0.0014290294,16.67,0.15,4
469.0,472.0,87.7349988518,2800.0,0.0014619576,16.67,0.15,4
469.0,471.0,107.4149269564,2800.0,0.0017898908,16.67,0.15,4
476.0,485.0,183.4657482019,1300.0,0.0045871024,11.11,0.15,4
476.0,483.0,100.8941362048,2800.0,0.0016812327,16.67,0.15,4
477.0,478.0,125.9591051586,2800.0,0.0020988986,16.67,0.15,4
478.0,480.0,132.8381399813,2800.0,0.0022135263,16.67,0.15,4
479.0,482.0,238.3208135039,2800.0,0.0039712193,16.67,0.15,4
481.0,482.0,94.3894143445,2800.0,0.0015728423,16.67,0.15,4
481.0,483.0,148.6566082278,2800.0,0.0024771147,16.67,0.15,4
484.0,488.0,71.4145078943,2800.0,0.0011900038,16.67,0.15,4
485.0,486.0,111.7322857747,1300.0,0.0027935865,11.11,0.15,4
485.0,487.0,149.6369985686,2800.0,0.0024934513,16.67,0.15,4
486.0,488.0,121.7201348865,1300.0,0.0030433077,11.11,0.15,4
486.0,489.0,150.7884313934,2800.0,0.002512638,16.67,0.15,4
487.0,489.0,79.9410455224,2800.0,0.0013320843,16.67,0.15,4
488.0,490.0,78.3730523062,1300.0,0.0019595223,11.11,0.15,4
489.0,533.0,86.7755408672,2800.0,0.0014459698,16.67,0.15,4
491.0,495.0,147.5311297424,2800.0,0.0024583605,16.67,0.15,4
492.0,493.0,89.998770717,1300.0,0.0022501943,11.11,0.15,4
493.0,496.0,96.8447424759,1300.0,0.0024213607,11.11,0.15,4
493.0,495.0,108.0847143537,2800.0,0.0018010517,16.67,0.15,4
494.0,497.0,176.4401396229,2800.0,0.002940081,16.67,0.15,4
494.0,499.0,86.1949747474,1300.0,0.0021550899,11.11,0.15,4
496.0,497.0,143.6349988637,1300.0,0.0035912341,11.11,0.15,4
497.0,499.0,140.6091255794,2800.0,0.0023430168,16.67,0.15,4
498.0,499.0,110.9664768231,2800.0,0.0018490715,16.67,0.15,4
500.0,501.0,130.7847751375,2800.0,0.0021793104,16.67,0.15,4
501.0,502.0,188.3030412623,2800.0,0.0031377565,16.67,0.15,4
503.0,585.0,339.1470005552,2800.0,0.0056513197,16.67,0.15,4
503.0,621.0,174.4183525111,2800.0,0.0029063913,16.67,0.15,4
503.0,609.0,153.4884720885,5250.0,0.0019187978,22.22,0.15,4
504.0,603.0,329.7884866498,2800.0,0.0054953757,16.67,0.15,4
504.0,585.0,98.3518691769,2800.0,0.00163887,16.67,0.15,4
505.0,508.0,272.0130824476,2800.0,0.0045326448,16.67,0.15,4
505.0,825.0,137.0671831146,2800.0,0.0022839963,16.67,0.15,4
505.0,827.0,122.9969744923,2800.0,0.0020495397,16.67,0.15,4
506.0,507.0,110.1483569227,5250.0,0.0013769922,22.22,0.15,4
506.0,508.0,160.5400398406,2800.0,0.0026751323,16.67,0.15,4
506.0,621.0,187.9695036092,2800.0,0.0031321986,16.67,0.15,4
508.0,832.0,190.0794390074,2800.0,0.0031673572,16.67,0.15,4
508.0,829.0,139.769990228,2800.0,0.002329034,16.67,0.15,4
508.0,830.0,192.5084860588,2800.0,0.0032078332,16.67,0.15,4
508.0,828.0,148.4094654332,2800.0,0.0024729965,16.67,0.15,4
509.0,510.0,107.721401699,2800.0,0.0017949977,16.67,0.15,4
509.0,510.0,74.9368927737,2800.0,0.0012486985,16.67,0.15,4
509.0,511.0,94.6309085027,2800.0,0.0015768664,16.67,0.15,4
510.0,590.0,114.5347888289,2800.0,0.0019085314,16.67,0.15,4
510.0,604.0,197.1175978879,2800.0,0.0032846364,16.67,0.15,4
511.0,605.0,150.3751745102,5250.0,0.0018798777,22.22,0.15,4
511.0,608.0,172.7721016774,2800.0,0.0028789592,16.67,0.15,4
512.0,514.0,227.807067,2800.0,0.0037960252,16.67,0.15,4
512.0,572.0,198.5988372893,2800.0,0.0033093188,16.67,0.15,4
512.0,574.0,157.4417946922,2800.0,0.0026235052,16.67,0.15,4
513.0,514.0,120.1753658379,2800.0,0.0020025223,16.67,0.15,4
513.0,584.0,61.3329595522,2800.0,0.0010220116,16.67,0.15,4
514.0,515.0,137.3040642669,2800.0,0.0022879435,16.67,0.15,4
514.0,516.0,154.5069677551,2800.0,0.0025746012,16.67,0.15,4
516.0,572.0,83.4698821568,2800.0,0.0013908865,16.67,0.15,4
517.0,518.0,100.7166085706,2800.0,0.0016782745,16.67,0.15,4
517.0,519.0,130.3991603385,5250.0,0.0016301525,22.22,0.15,4
517.0,854.0,130.4532983936,5250.0,0.0016308293,22.22,0.15,4
517.0,858.0,73.0352803204,2800.0,0.0012170113,16.67,0.15,4
518.0,833.0,147.0286841864,2800.0,0.0024499881,16.67,0.15,4
518.0,853.0,142.4151680635,2800.0,0.0023731115,16.67,0.15,4
518.0,851.0,94.4023321781,2800.0,0.0015730576,16.67,0.15,4
519.0,845.0,102.1267074171,2800.0,0.0017017714,16.67,0.15,4
519.0,851.0,109.1006855729,2800.0,0.0018179812,16.67,0.15,4
520.0,522.0,189.8530228119,5250.0,0.0023734001,22.22,0.15,4
522.0,523.0,130.9268601391,2800.0,0.002181678,16.67,0.15,4
522.0,524.0,197.7180103812,5250.0,0.0024717223,22.22,0.15,4
523.0,619.0,76.6460787995,2800.0,0.0012771792,16.67,0.15,4
523.0,620.0,72.1082365363,2800.0,0.0012015636,16.67,0.15,4
524.0,808.0,184.1886473292,5250.0,0.0023025884,22.22,0.15,4
524.0,806.0,131.2491036084,2800.0,0.0021870477,16.67,0.15,4
524.0,917.0,104.3003244049,2800.0,0.0017379911,16.67,0.15,4
525.0,600.0,115.4015507407,2800.0,0.0019229746,16.67,0.15,4
525.0,644.0,204.6595926884,1300.0,0.0051170015,11.11,0.15,4
525.0,942.0,589.5493150564,2800.0,0.0098238571,16.67,0.15,4
526.0,528.0,98.0912227155,2800.0,0.0016345268,16.67,0.15,4
527.0,529.0,139.6083643715,2800.0,0.0023263408,16.67,0.15,4
527.0,530.0,135.5670288846,2800.0,0.0022589987,16.67,0.15,4
529.0,531.0,164.1841437815,2800.0,0.0027358552,16.67,0.15,4
530.0,535.0,93.0975854793,2800.0,0.0015513162,16.67,0.15,4
531.0,532.0,378.6437438367,1300.0,0.0094670403,11.11,0.15,4
532.0,540.0,152.6048876803,1300.0,0.0038155037,11.11,0.15,4
532.0,541.0,139.8665155568,2800.0,0.0023306425,16.67,0.15,4
532.0,543.0,135.4330986378,2800.0,0.002256767,16.67,0.15,4
534.0,535.0,104.9386019701,2800.0,0.001748627,16.67,0.15,4
534.0,539.0,146.8739096185,2800.0,0.002447409,16.67,0.15,4
534.0,537.0,119.3300211898,2800.0,0.001988436,16.67,0.15,4
536.0,537.0,91.3808344618,2800.0,0.0015227094,16.67,0.15,4
537.0,538.0,245.4781035548,2800.0,0.0040904836,16.67,0.15,4
538.0,541.0,165.6886852984,2800.0,0.0027609259,16.67,0.15,4
538.0,540.0,127.4569547595,2800.0,0.0021238578,16.67,0.15,4
539.0,540.0,157.3376467517,1300.0,0.0039338346,11.11,0.15,4
541.0,542.0,76.01933648,2800.0,0.0012667356,16.67,0.15,4
542.0,549.0,215.8646343348,2800.0,0.0035970245,16.67,0.15,4
543.0,546.0,96.5835087297,1300.0,0.0024148292,11.11,0.15,4
543.0,551.0,77.5210681693,2800.0,0.0012917595,16.67,0.15,4
545.0,551.0,64.0636897798,2800.0,0.0010675147,16.67,0.15,4
545.0,549.0,83.896139647,2800.0,0.0013979894,16.67,0.15,4
546.0,550.0,74.382101066,2800.0,0.0012394538,16.67,0.15,4
547.0,548.0,113.3777733805,2800.0,0.0018892517,16.67,0.15,4
550.0,551.0,105.5221060909,2800.0,0.0017583501,16.67,0.15,4
552.0,785.0,160.2995856527,2800.0,0.0026711255,16.67,0.15,4
552.0,557.0,189.2793492678,1300.0,0.004732457,11.11,0.15,4
553.0,554.0,217.8724111906,2800.0,0.0036304808,16.67,0.15,4
553.0,555.0,192.8546443068,2800.0,0.0032136014,16.67,0.15,4
553.0,724.0,206.0538208409,2800.0,0.0034335436,16.67,0.15,4
554.0,555.0,275.2950572881,1300.0,0.0068830647,11.11,0.15,4
554.0,913.0,118.976369705,2800.0,0.001982543,16.67,0.15,4
555.0,724.0,263.5456685976,2800.0,0.0043915495,16.67,0.15,4
555.0,981.0,200.0781197746,2800.0,0.0033339685,16.67,0.15,4
556.0,557.0,181.5748589936,2800.0,0.0030256425,16.67,0.15,4
557.0,785.0,222.1622200489,5250.0,0.0027773055,22.22,0.15,4
557.0,724.0,304.3126010904,2800.0,0.0050708625,16.67,0.15,4
560.0,561.0,144.3637604875,2800.0,0.0024055816,16.67,0.15,4
560.0,562.0,117.5132495544,2800.0,0.0019581625,16.67,0.15,4
561.0,562.0,114.7187907097,2800.0,0.0019115975,16.67,0.15,4
563.0,570.0,119.9476261368,2800.0,0.0019987274,16.67,0.15,4
563.0,567.0,138.5999233761,2800.0,0.0023095368,16.67,0.15,4
564.0,569.0,74.4821940638,2800.0,0.0012411217,16.67,0.15,4
564.0,976.0,78.437295356,2800.0,0.0013070269,16.67,0.15,4
565.0,566.0,145.5657744184,2800.0,0.0024256111,16.67,0.15,4
565.0,576.0,62.8447072066,2800.0,0.0010472023,16.67,0.15,4
565.0,976.0,60.2209298551,2800.0,0.0010034815,16.67,0.15,4
566.0,567.0,61.1813296638,2800.0,0.0010194849,16.67,0.15,4
566.0,568.0,91.2707652144,2800.0,0.0015208752,16.67,0.15,4
566.0,581.0,212.6233975604,2800.0,0.0035430147,16.67,0.15,4
568.0,575.0,77.3390428277,2800.0,0.0012887263,16.67,0.15,4
568.0,576.0,154.947311794,2800.0,0.0025819388,16.67,0.15,4
568.0,577.0,113.2858415738,2800.0,0.0018877198,16.67,0.15,4
569.0,571.0,111.8205358317,2800.0,0.0018633029,16.67,0.15,4
571.0,578.0,83.183594401,2800.0,0.001386116,16.67,0.15,4
571.0,976.0,88.8890823547,1300.0,0.0022224493,11.11,0.15,4
574.0,578.0,148.0502349372,2800.0,0.0024670105,16.67,0.15,4
575.0,972.0,103.4610584616,2800.0,0.0017240062,16.67,0.15,4
575.0,971.0,164.7207869936,2800.0,0.0027447975,16.67,0.15,4
576.0,971.0,76.0671022555,2800.0,0.0012675315,16.67,0.15,4
577.0,582.0,76.1649188337,2800.0,0.0012691615,16.67,0.15,4
577.0,972.0,76.988738291,2800.0,0.0012828891,16.67,0.15,4
580.0,581.0,115.8121807309,2800.0,0.001929817,16.67,0.15,4
580.0,581.0,301.5486608337,2800.0,0.0050248061,16.67,0.15,4
580.0,973.0,200.4594896553,2800.0,0.0033403234,16.67,0.15,4
581.0,582.0,109.5383769119,2800.0,0.0018252746,16.67,0.15,4
582.0,583.0,76.7583205227,2800.0,0.0012790495,16.67,0.15,4
582.0,973.0,191.8179080853,2800.0,0.0031963259,16.67,0.15,4
583.0,973.0,111.5175568191,2800.0,0.0018582543,16.67,0.15,4
583.0,972.0,79.2397608526,2800.0,0.0013203986,16.67,0.15,4
585.0,605.0,110.1568671986,2800.0,0.0018355807,16.67,0.15,4
586.0,899.0,124.6655778331,2800.0,0.0020773442,16.67,0.15,4
587.0,588.0,124.3725092647,2800.0,0.0020724607,16.67,0.15,4
587.0,603.0,192.410803299,2800.0,0.0032062055,16.67,0.15,4
588.0,603.0,95.2831171922,2800.0,0.0015877344,16.67,0.15,4
588.0,589.0,77.0510268702,2800.0,0.001283927,16.67,0.15,4
589.0,604.0,88.8867449386,2800.0,0.0014811495,16.67,0.15,4
590.0,604.0,131.9916832058,2800.0,0.0021994215,16.67,0.15,4
590.0,596.0,83.6139899331,2800.0,0.0013932878,16.67,0.15,4
591.0,593.0,112.4143226208,2800.0,0.0018731974,16.67,0.15,4
591.0,596.0,112.767613409,2800.0,0.0018790844,16.67,0.15,4
591.0,595.0,120.9418339346,1300.0,0.0030238482,11.11,0.15,4
592.0,593.0,85.3930526811,8750.0,0.0010675199,22.22,0.15,4
592.0,594.0,136.7176552519,2800.0,0.002278172,16.67,0.15,4
593.0,594.0,105.0551595512,1300.0,0.0026266417,11.11,0.15,4
594.0,595.0,120.908202939,2800.0,0.0020147338,16.67,0.15,4
594.0,979.0,143.7106798403,1300.0,0.0035931263,11.11,0.15,4
597.0,598.0,452.2917343913,5250.0,0.0056542121,22.22,0.15,4
597.0,968.0,160.0127749628,2800.0,0.0026663463,16.67,0.15,4
597.0,968.0,167.17583105,2800.0,0.0027857067,16.67,0.15,4
597.0,967.0,340.2354647146,2800.0,0.0056694572,16.67,0.15,4
597.0,599.0,139.8862371027,5250.0,0.0017487528,22.22,0.15,4
598.0,675.0,279.7332217922,2800.0,0.0046612881,16.67,0.15,4
599.0,963.0,128.2382059213,1300.0,0.0032062758,11.11,0.15,4
599.0,966.0,147.9531899979,7000.0,0.0018495998,22.22,0.15,4
600.0,601.0,89.0567129066,2800.0,0.0014839818,16.67,0.15,4
600.0,645.0,104.2410379497,2800.0,0.0017370032,16.67,0.15,4
601.0,977.0,116.9881355231,2800.0,0.0019494124,16.67,0.15,4
603.0,604.0,125.5569913206,2800.0,0.0020921981,16.67,0.15,4
604.0,606.0,203.7082291818,2800.0,0.0033944583,16.67,0.15,4
605.0,606.0,80.5549183794,2800.0,0.0013423135,16.67,0.15,4
607.0,983.0,174.0649153553,5250.0,0.002176029,22.22,0.15,4
608.0,609.0,158.3330689748,2800.0,0.0026383568,16.67,0.15,4
609.0,983.0,286.654538007,5250.0,0.0035835401,22.22,0.15,4
609.0,621.0,208.209530853,2800.0,0.003469465,16.67,0.15,4
610.0,611.0,92.4400516127,2800.0,0.0015403595,16.67,0.15,4
610.0,611.0,94.6511202744,2800.0,0.0015772032,16.67,0.15,4
611.0,612.0,167.0230619604,2800.0,0.0027831611,16.67,0.15,4
612.0,742.0,122.672691381,2800.0,0.002044136,16.67,0.15,4
615.0,616.0,281.0218008035,2800.0,0.0046827601,16.67,0.15,4
615.0,943.0,114.8829147953,2800.0,0.0019143324,16.67,0.15,4
616.0,986.0,141.6516250786,2800.0,0.0023603883,16.67,0.15,4
616.0,946.0,178.6613947178,7000.0,0.0022334908,22.22,0.15,4
616.0,659.0,262.8185914742,2800.0,0.004379434,16.67,0.15,4
617.0,618.0,141.4314337519,2800.0,0.0023567192,16.67,0.15,4
618.0,940.0,162.4865507711,2800.0,0.0027075677,16.67,0.15,4
619.0,826.0,210.719256914,2800.0,0.0035112854,16.67,0.15,4
619.0,836.0,174.5572338239,2800.0,0.0029087055,16.67,0.15,4
620.0,837.0,81.7403166022,2800.0,0.0013620662,16.67,0.15,4
620.0,835.0,170.5352154293,2800.0,0.0028416853,16.67,0.15,4
622.0,745.0,118.2696372396,2800.0,0.0019707665,16.67,0.15,4
622.0,747.0,220.6460860435,2800.0,0.0036766994,16.67,0.15,4
623.0,625.0,248.3991393322,2800.0,0.0041391578,16.67,0.15,4
623.0,633.0,92.7205008448,2800.0,0.0015450327,16.67,0.15,4
623.0,634.0,174.4227421698,2800.0,0.0029064644,16.67,0.15,4
624.0,644.0,126.3927767791,2800.0,0.0021061251,16.67,0.15,4
624.0,634.0,162.6313479587,2800.0,0.0027099805,16.67,0.15,4
624.0,643.0,216.4098187937,2800.0,0.0036061091,16.67,0.15,4
625.0,626.0,200.8800474598,2800.0,0.0033473313,16.67,0.15,4
625.0,627.0,218.3602114623,2800.0,0.0036386091,16.67,0.15,4
626.0,628.0,88.2228734958,2800.0,0.0014700872,16.67,0.15,4
626.0,637.0,200.0139191322,2800.0,0.0033328987,16.67,0.15,4
627.0,635.0,92.2811911271,2800.0,0.0015377123,16.67,0.15,4
627.0,637.0,189.6817371481,2800.0,0.0031607301,16.67,0.15,4
627.0,662.0,125.0481874468,2800.0,0.0020837197,16.67,0.15,4
628.0,629.0,87.9517111551,2800.0,0.0014655687,16.67,0.15,4
628.0,637.0,203.7823739905,2800.0,0.0033956938,16.67,0.15,4
629.0,638.0,201.1384824453,2800.0,0.0033516377,16.67,0.15,4
629.0,640.0,172.2137772878,2800.0,0.0028696557,16.67,0.15,4
631.0,632.0,77.7568414385,2800.0,0.0012956882,16.67,0.15,4
633.0,647.0,93.3333835247,2800.0,0.0015552453,16.67,0.15,4
633.0,650.0,124.2014028238,2800.0,0.0020696095,16.67,0.15,4
634.0,643.0,61.7325767826,2800.0,0.0010286705,16.67,0.15,4
635.0,661.0,108.4089131409,2800.0,0.0018064539,16.67,0.15,4
635.0,647.0,142.3974508438,2800.0,0.0023728163,16.67,0.15,4
636.0,638.0,264.6072192387,2800.0,0.0044092385,16.67,0.15,4
636.0,801.0,166.8104150971,2800.0,0.0027796177,16.67,0.15,4
636.0,642.0,177.7909947683,2800.0,0.0029625907,16.67,0.15,4
636.0,665.0,160.047481337,2800.0,0.0026669246,16.67,0.15,4
637.0,638.0,134.4701370512,2800.0,0.0022407208,16.67,0.15,4
638.0,639.0,123.3573914712,2800.0,0.0020555454,16.67,0.15,4
639.0,641.0,169.0908292128,2800.0,0.002817617,16.67,0.15,4
639.0,640.0,147.539365725,2800.0,0.0024584977,16.67,0.15,4
640.0,658.0,145.9456839616,2800.0,0.0024319417,16.67,0.15,4
640.0,641.0,151.4158422353,2800.0,0.0025230928,16.67,0.15,4
640.0,657.0,191.4644741226,2800.0,0.0031904365,16.67,0.15,4
641.0,660.0,132.2630216429,2800.0,0.0022039429,16.67,0.15,4
642.0,794.0,197.4434675155,2800.0,0.0032900664,16.67,0.15,4
642.0,795.0,229.6217677388,2800.0,0.0038262642,16.67,0.15,4
642.0,799.0,137.6513369415,2800.0,0.0022937302,16.67,0.15,4
642.0,665.0,145.6780143012,2800.0,0.0024274814,16.67,0.15,4
642.0,666.0,128.2349941453,2800.0,0.0021368225,16.67,0.15,4
642.0,796.0,239.0884453199,2800.0,0.0039840106,16.67,0.15,4
643.0,645.0,133.227011166,2800.0,0.0022200062,16.67,0.15,4
645.0,646.0,111.5635484808,2800.0,0.0018590207,16.67,0.15,4
645.0,977.0,67.7925766677,2800.0,0.0011296503,16.67,0.15,4
646.0,977.0,110.0727247279,2800.0,0.0018341786,16.67,0.15,4
647.0,648.0,119.9988856021,2800.0,0.0019995815,16.67,0.15,4
647.0,649.0,191.471428465,2800.0,0.0031905524,16.67,0.15,4
648.0,671.0,66.8352167518,2800.0,0.0011136975,16.67,0.15,4
648.0,650.0,91.4836273311,2800.0,0.0015244222,16.67,0.15,4
649.0,668.0,143.158379638,2800.0,0.0023854959,16.67,0.15,4
649.0,669.0,61.2421219176,2800.0,0.0010204979,16.67,0.15,4
649.0,670.0,140.6545234112,2800.0,0.0023437733,16.67,0.15,4
651.0,653.0,108.0431188897,2800.0,0.0018003586,16.67,0.15,4
651.0,652.0,136.7448369361,2800.0,0.0022786249,16.67,0.15,4
652.0,653.0,140.5132950774,2800.0,0.00234142,16.67,0.15,4
654.0,655.0,71.119962888,2800.0,0.0011850957,16.67,0.15,4
657.0,658.0,215.798990928,2800.0,0.0035959307,16.67,0.15,4
658.0,660.0,122.7812526652,2800.0,0.002045945,16.67,0.15,4
660.0,681.0,238.2843271574,2800.0,0.0039706113,16.67,0.15,4
661.0,662.0,91.2651932282,2800.0,0.0015207824,16.67,0.15,4
661.0,663.0,76.7262711737,2800.0,0.0012785155,16.67,0.15,4
662.0,664.0,140.1003838272,2800.0,0.0023345395,16.67,0.15,4
662.0,665.0,171.2597634527,2800.0,0.0028537586,16.67,0.15,4
663.0,664.0,76.9951756037,2800.0,0.0012829963,16.67,0.15,4
663.0,669.0,81.2649838423,2800.0,0.0013541456,16.67,0.15,4
663.0,790.0,151.9033139804,2800.0,0.0025312157,16.67,0.15,4
664.0,665.0,80.2793610513,2800.0,0.0013377218,16.67,0.15,4
664.0,666.0,136.7544881979,2800.0,0.0022787857,16.67,0.15,4
665.0,666.0,130.5120490697,2800.0,0.0021747659,16.67,0.15,4
666.0,667.0,149.7427681615,2800.0,0.0024952138,16.67,0.15,4
666.0,790.0,88.7152682446,2800.0,0.0014782921,16.67,0.15,4
666.0,799.0,91.2196424838,2800.0,0.0015200234,16.67,0.15,4
667.0,800.0,124.1823792314,2800.0,0.0020692925,16.67,0.15,4
667.0,792.0,149.3191693243,2800.0,0.0024881552,16.67,0.15,4
667.0,798.0,201.2635127063,2800.0,0.0033537211,16.67,0.15,4
667.0,799.0,139.9271998049,2800.0,0.0023316537,16.67,0.15,4
668.0,674.0,103.8918287832,2800.0,0.0017311842,16.67,0.15,4
668.0,672.0,62.9100188753,2800.0,0.0010482907,16.67,0.15,4
668.0,676.0,249.2324777127,2800.0,0.004153044,16.67,0.15,4
669.0,670.0,190.1024880547,2800.0,0.0031677413,16.67,0.15,4
670.0,788.0,178.6198913012,2800.0,0.0029764029,16.67,0.15,4
670.0,789.0,188.2519601408,2800.0,0.0031369053,16.67,0.15,4
670.0,790.0,122.2722918463,2800.0,0.002037464,16.67,0.15,4
670.0,674.0,192.3690025881,2800.0,0.0032055089,16.67,0.15,4
671.0,672.0,61.7180280909,2800.0,0.0010284281,16.67,0.15,4
672.0,673.0,242.0785081313,2800.0,0.004033835,16.67,0.15,4
673.0,676.0,60.7513033497,1300.0,0.0015189345,11.11,0.15,4
674.0,788.0,76.9066500378,2800.0,0.0012815212,16.67,0.15,4
679.0,985.0,63.2681032285,2800.0,0.0010542575,16.67,0.15,4
679.0,986.0,73.0700968869,2800.0,0.0012175914,16.67,0.15,4
680.0,926.0,106.4824365303,2800.0,0.0017743524,16.67,0.15,4
680.0,926.0,109.6554184733,2800.0,0.0018272249,16.67,0.15,4
681.0,803.0,102.230883465,7000.0,0.0012780138,22.22,0.15,4
683.0,687.0,233.7665982063,2800.0,0.0038953309,16.67,0.15,4
683.0,684.0,87.6147828761,2800.0,0.0014599544,16.67,0.15,4
684.0,685.0,72.1692834337,2800.0,0.0012025809,16.67,0.15,4
684.0,687.0,155.708145879,2800.0,0.0025946168,16.67,0.15,4
685.0,686.0,161.6055569246,2800.0,0.0026928874,16.67,0.15,4
686.0,708.0,139.8958560893,2800.0,0.0023311314,16.67,0.15,4
686.0,708.0,143.7564378549,2800.0,0.0023954615,16.67,0.15,4
688.0,693.0,95.7402903117,2800.0,0.0015953524,16.67,0.15,4
689.0,690.0,72.6504499114,2800.0,0.0012105987,16.67,0.15,4
691.0,692.0,179.688409256,2800.0,0.002994208,16.67,0.15,4
691.0,693.0,135.0123960894,2800.0,0.0022497567,16.67,0.15,4
692.0,702.0,130.7915100507,2800.0,0.0021794226,16.67,0.15,4
692.0,703.0,292.7944722318,2800.0,0.0048789321,16.67,0.15,4
692.0,705.0,211.4365887348,2800.0,0.0035232385,16.67,0.15,4
694.0,695.0,104.8231398806,2800.0,0.001746703,16.67,0.15,4
694.0,700.0,169.2146040918,1300.0,0.0042307882,11.11,0.15,4
696.0,697.0,175.6864161252,2800.0,0.0029275214,16.67,0.15,4
696.0,698.0,138.2632076018,1300.0,0.0034569259,11.11,0.15,4
696.0,880.0,176.1383781625,2800.0,0.0029350526,16.67,0.15,4
697.0,880.0,117.0621149054,1300.0,0.0029268456,11.11,0.15,4
697.0,699.0,87.2282554544,1300.0,0.0021809245,11.11,0.15,4
698.0,699.0,176.4491879224,2800.0,0.0029402318,16.67,0.15,4
698.0,700.0,110.4739128476,1300.0,0.002762124,11.11,0.15,4
699.0,863.0,168.9274658354,1300.0,0.004223609,11.11,0.15,4
699.0,898.0,94.6484611084,1300.0,0.0023664482,11.11,0.15,4
701.0,703.0,237.9041683879,2800.0,0.0039642766,16.67,0.15,4
701.0,933.0,154.8406542081,2800.0,0.0025801615,16.67,0.15,4
702.0,703.0,333.398479978,2800.0,0.0055555302,16.67,0.15,4
703.0,704.0,246.3775878817,2800.0,0.004105472,16.67,0.15,4
703.0,704.0,176.3105753473,5250.0,0.0022041026,22.22,0.15,4
703.0,731.0,226.4903844261,7000.0,0.0028314129,22.22,0.15,4
703.0,740.0,199.4564771176,5250.0,0.0024934553,22.22,0.15,4
703.0,934.0,306.4974331767,5250.0,0.0038316011,22.22,0.15,4
703.0,739.0,198.8150464202,2800.0,0.0033129215,16.67,0.15,4
703.0,935.0,306.3511587875,7000.0,0.0038297725,22.22,0.15,4
704.0,705.0,236.8686082724,5250.0,0.0029611537,22.22,0.15,4
704.0,706.0,146.1144506666,2800.0,0.0024347539,16.67,0.15,4
705.0,706.0,162.0756641545,2800.0,0.0027007209,16.67,0.15,4
705.0,706.0,144.6349724555,2800.0,0.0024101009,16.67,0.15,4
707.0,709.0,73.1232748349,2800.0,0.0012184776,16.67,0.15,4
707.0,710.0,117.8515088111,2800.0,0.0019637991,16.67,0.15,4
708.0,710.0,118.210431151,2800.0,0.0019697799,16.67,0.15,4
709.0,711.0,201.2026857549,2800.0,0.0033527076,16.67,0.15,4
709.0,713.0,89.1946981726,2800.0,0.001486281,16.67,0.15,4
710.0,711.0,111.5066184561,2800.0,0.001858072,16.67,0.15,4
710.0,712.0,73.6133978311,2800.0,0.0012266446,16.67,0.15,4
713.0,720.0,84.9201982732,1300.0,0.0021232173,11.11,0.15,4
713.0,717.0,83.6581290672,2800.0,0.0013940233,16.67,0.15,4
714.0,715.0,116.5980025878,2800.0,0.0019429115,16.67,0.15,4
714.0,719.0,141.8863223306,2800.0,0.0023642992,16.67,0.15,4
714.0,717.0,136.2566127302,2800.0,0.0022704894,16.67,0.15,4
714.0,718.0,214.7165242414,2800.0,0.0035778932,16.67,0.15,4
715.0,716.0,98.6190135591,2800.0,0.0016433216,16.67,0.15,4
716.0,717.0,82.6908399895,2800.0,0.0013779051,16.67,0.15,4
718.0,719.0,90.7298782096,2800.0,0.0015118623,16.67,0.15,4
719.0,720.0,126.7766651031,2800.0,0.0021125219,16.67,0.15,4
721.0,727.0,148.8677350704,2800.0,0.0024806328,16.67,0.15,4
722.0,723.0,116.7063550941,2800.0,0.001944717,16.67,0.15,4
722.0,740.0,123.327127808,5250.0,0.0015417433,22.22,0.15,4
723.0,738.0,148.1143245421,2800.0,0.0024680785,16.67,0.15,4
725.0,729.0,69.1283840496,5250.0,0.0008641912,22.22,0.15,4
726.0,727.0,125.9391898167,2800.0,0.0020985668,16.67,0.15,4
726.0,728.0,83.7290047978,2800.0,0.0013952044,16.67,0.15,4
726.0,975.0,104.7899077823,2800.0,0.0017461492,16.67,0.15,4
727.0,728.0,136.39759628,2800.0,0.0022728387,16.67,0.15,4
727.0,728.0,158.8275286729,2800.0,0.0026465962,16.67,0.15,4
727.0,938.0,172.1361249178,2800.0,0.0028683617,16.67,0.15,4
727.0,928.0,285.375054042,2800.0,0.0047552998,16.67,0.15,4
727.0,937.0,134.43359687,2800.0,0.0022401119,16.67,0.15,4
728.0,729.0,170.820796031,5250.0,0.0021354735,22.22,0.15,4
728.0,730.0,103.0350611493,2800.0,0.0017169076,16.67,0.15,4
729.0,730.0,121.5050404888,2800.0,0.0020246791,16.67,0.15,4
731.0,732.0,140.9749778141,2800.0,0.0023491131,16.67,0.15,4
731.0,732.0,185.0428655524,2800.0,0.0030834311,16.67,0.15,4
731.0,733.0,210.9987771424,7000.0,0.0026377485,22.22,0.15,4
731.0,739.0,125.2410134277,2800.0,0.0020869328,16.67,0.15,4
732.0,936.0,134.7147914668,2800.0,0.0022447976,16.67,0.15,4
732.0,733.0,188.4795640754,2800.0,0.0031406979,16.67,0.15,4
732.0,935.0,99.0685969596,2800.0,0.0016508131,16.67,0.15,4
733.0,747.0,151.8808527041,7000.0,0.0018987005,22.22,0.15,4
733.0,746.0,127.3595621711,2800.0,0.0021222349,16.67,0.15,4
735.0,736.0,161.4548312632,2800.0,0.0026903758,16.67,0.15,4
735.0,925.0,126.7003160311,2800.0,0.0021112497,16.67,0.15,4
736.0,925.0,113.2944580157,2800.0,0.0018878634,16.67,0.15,4
737.0,784.0,161.9703500165,2800.0,0.002698966,16.67,0.15,4
737.0,903.0,163.8282596943,2800.0,0.002729925,16.67,0.15,4
737.0,907.0,182.5368701784,2800.0,0.0030416728,16.67,0.15,4
738.0,739.0,146.9125454032,2800.0,0.0024480528,16.67,0.15,4
738.0,740.0,112.1102887202,2800.0,0.0018681312,16.67,0.15,4
738.0,741.0,176.3860015574,2800.0,0.0029391789,16.67,0.15,4
739.0,741.0,235.9102777864,2800.0,0.0039310518,16.67,0.15,4
741.0,746.0,258.639446351,2800.0,0.0043097955,16.67,0.15,4
741.0,743.0,113.7722774554,2800.0,0.0018958255,16.67,0.15,4
741.0,748.0,156.7808923142,2800.0,0.0026124924,16.67,0.15,4
743.0,744.0,263.0959228315,2800.0,0.0043840552,16.67,0.15,4
743.0,749.0,145.1810036854,2800.0,0.0024191996,16.67,0.15,4
744.0,745.0,108.2291755451,2800.0,0.0018034589,16.67,0.15,4
744.0,749.0,124.962202969,2800.0,0.0020822869,16.67,0.15,4
745.0,746.0,215.5071210902,2800.0,0.0035910671,16.67,0.15,4
746.0,748.0,135.4932849962,2800.0,0.0022577699,16.67,0.15,4
746.0,747.0,133.9649608726,2800.0,0.0022323029,16.67,0.15,4
748.0,749.0,62.1866552273,2800.0,0.001036237,16.67,0.15,4
750.0,759.0,214.7308909601,2800.0,0.0035781326,16.67,0.15,4
750.0,751.0,185.8078526269,2800.0,0.0030961783,16.67,0.15,4
750.0,751.0,187.7417937629,2800.0,0.0031284042,16.67,0.15,4
751.0,758.0,304.1153409168,1300.0,0.0076036439,11.11,0.15,4
751.0,761.0,199.7636256387,2800.0,0.003328728,16.67,0.15,4
753.0,754.0,141.595736627,1300.0,0.0035402474,11.11,0.15,4
754.0,756.0,152.344328296,2800.0,0.0025385644,16.67,0.15,4
754.0,755.0,80.3160031297,1300.0,0.0020081009,11.11,0.15,4
755.0,756.0,133.9564117584,2800.0,0.0022321604,16.67,0.15,4
759.0,760.0,133.6421932637,2800.0,0.0022269245,16.67,0.15,4
759.0,761.0,159.7002600054,1300.0,0.0039929058,11.11,0.15,4
759.0,916.0,184.4111092594,1300.0,0.0046107388,11.11,0.15,4
760.0,763.0,75.256197567,2800.0,0.0012540192,16.67,0.15,4
762.0,763.0,213.2626952751,2800.0,0.0035536675,16.67,0.15,4
764.0,765.0,109.3529396805,2800.0,0.0018221846,16.67,0.15,4
764.0,956.0,156.9529899814,2800.0,0.0026153601,16.67,0.15,4
765.0,916.0,180.3876579668,2800.0,0.0030058598,16.67,0.15,4
766.0,770.0,188.1467988388,2800.0,0.003135153,16.67,0.15,4
766.0,770.0,141.9901882665,2800.0,0.0023660299,16.67,0.15,4
767.0,768.0,122.9954371586,2800.0,0.002049514,16.67,0.15,4
767.0,769.0,82.9066108704,7000.0,0.0010364363,22.22,0.15,4
768.0,771.0,113.6991220896,2800.0,0.0018946064,16.67,0.15,4
768.0,773.0,93.5811742834,2800.0,0.0015593744,16.67,0.15,4
769.0,770.0,169.0752470116,1300.0,0.0042273039,11.11,0.15,4
771.0,772.0,215.8493093055,2800.0,0.0035967691,16.67,0.15,4
771.0,774.0,184.135207257,1300.0,0.0046038406,11.11,0.15,4
772.0,773.0,135.3748494078,2800.0,0.0022557963,16.67,0.15,4
775.0,781.0,379.3323061683,2800.0,0.0063209409,16.67,0.15,4
776.0,777.0,110.9455403666,2800.0,0.0018487226,16.67,0.15,4
777.0,778.0,129.186081324,2800.0,0.0021526708,16.67,0.15,4
779.0,780.0,200.2358729869,2800.0,0.0033365972,16.67,0.15,4
780.0,781.0,90.1599797941,2800.0,0.0015023659,16.67,0.15,4
782.0,783.0,137.0558871715,2800.0,0.002283808,16.67,0.15,4
784.0,907.0,150.8716285973,2800.0,0.0025140243,16.67,0.15,4
786.0,787.0,227.4317990599,2800.0,0.003789772,16.67,0.15,4
786.0,789.0,147.912561938,2800.0,0.0024647164,16.67,0.15,4
786.0,789.0,145.1960439871,2800.0,0.0024194502,16.67,0.15,4
786.0,791.0,147.6578591615,2800.0,0.0024604722,16.67,0.15,4
786.0,793.0,166.8396106908,2800.0,0.0027801042,16.67,0.15,4
787.0,949.0,116.0227261274,5250.0,0.0014504291,22.22,0.15,4
787.0,932.0,132.9760368168,1300.0,0.0033247334,11.11,0.15,4
788.0,789.0,214.6483569381,2800.0,0.0035767573,16.67,0.15,4
789.0,790.0,239.4464289034,2800.0,0.0039899758,16.67,0.15,4
789.0,791.0,177.8839449413,2800.0,0.0029641396,16.67,0.15,4
789.0,800.0,218.4719726864,2800.0,0.0036404715,16.67,0.15,4
791.0,792.0,86.5217441796,2800.0,0.0014417407,16.67,0.15,4
792.0,800.0,87.0948259389,2800.0,0.0014512902,16.67,0.15,4
792.0,793.0,101.6110588592,2800.0,0.001693179,16.67,0.15,4
793.0,949.0,213.8412495569,2800.0,0.0035633082,16.67,0.15,4
794.0,796.0,90.5356936669,7000.0,0.0011318094,22.22,0.15,4
794.0,795.0,189.8896318043,7000.0,0.0023738578,22.22,0.15,4
794.0,795.0,267.51546322,2800.0,0.0044576995,16.67,0.15,4
794.0,812.0,183.5197392519,2800.0,0.0030580507,16.67,0.15,4
794.0,797.0,180.3425423543,2800.0,0.003005108,16.67,0.15,4
795.0,802.0,95.7883074541,7000.0,0.0011974736,22.22,0.15,4
795.0,803.0,204.6561615626,2800.0,0.003410254,16.67,0.15,4
795.0,920.0,235.2109139522,2800.0,0.003919398,16.67,0.15,4
796.0,797.0,96.6621414525,7000.0,0.0012083976,22.22,0.15,4
797.0,798.0,165.313561534,7000.0,0.0020666262,22.22,0.15,4
798.0,811.0,124.1236194209,2800.0,0.0020683133,16.67,0.15,4
801.0,802.0,72.4859950345,2800.0,0.0012078583,16.67,0.15,4
801.0,803.0,197.6056199659,2800.0,0.0032927684,16.67,0.15,4
802.0,803.0,89.2829157575,7000.0,0.0011161481,22.22,0.15,4
804.0,805.0,158.0516588194,2800.0,0.0026336676,16.67,0.15,4
804.0,930.0,259.1113184168,7000.0,0.0032392154,22.22,0.15,4
804.0,809.0,161.3030428485,2800.0,0.0026878465,16.67,0.15,4
804.0,810.0,172.3693673768,2800.0,0.0028722483,16.67,0.15,4
804.0,919.0,281.7118711041,2800.0,0.004694259,16.67,0.15,4
806.0,807.0,173.1985926392,2800.0,0.002886066,16.67,0.15,4
806.0,823.0,339.8588625435,2800.0,0.0056631817,16.67,0.15,4
806.0,837.0,69.6904658987,2800.0,0.0011612755,16.67,0.15,4
807.0,814.0,357.1702323299,1300.0,0.0089301488,11.11,0.15,4
807.0,808.0,130.7433169432,2800.0,0.0021786196,16.67,0.15,4
807.0,813.0,167.295125103,2800.0,0.0027876945,16.67,0.15,4
809.0,810.0,90.9720109947,2800.0,0.001515897,16.67,0.15,4
809.0,918.0,121.0691647187,2800.0,0.0020174159,16.67,0.15,4
814.0,815.0,121.081225937,2800.0,0.0020176169,16.67,0.15,4
814.0,816.0,213.3451833493,2800.0,0.003555042,16.67,0.15,4
814.0,823.0,199.0178259752,2800.0,0.0033163005,16.67,0.15,4
815.0,839.0,230.0899947718,2800.0,0.0038340664,16.67,0.15,4
816.0,822.0,243.3700679853,2800.0,0.0040553567,16.67,0.15,4
816.0,818.0,166.9646913063,2800.0,0.0027821884,16.67,0.15,4
816.0,817.0,127.4069312481,2800.0,0.0021230242,16.67,0.15,4
816.0,839.0,104.2616798542,2800.0,0.0017373472,16.67,0.15,4
817.0,818.0,136.9567817714,2800.0,0.0022821566,16.67,0.15,4
818.0,838.0,242.8433238139,5250.0,0.0030358451,22.22,0.15,4
818.0,821.0,144.0559585828,2800.0,0.0024004526,16.67,0.15,4
818.0,820.0,151.6109446549,2800.0,0.0025263438,16.67,0.15,4
818.0,820.0,133.6043525562,5250.0,0.0016702214,22.22,0.15,4
818.0,830.0,327.44318891,2800.0,0.0054562952,16.67,0.15,4
818.0,839.0,199.4813233656,2800.0,0.0033240239,16.67,0.15,4
819.0,820.0,87.3015477334,5250.0,0.0010913785,22.22,0.15,4
819.0,821.0,116.793467956,2800.0,0.0019461686,16.67,0.15,4
819.0,849.0,177.6875408641,1300.0,0.0044426328,11.11,0.15,4
820.0,830.0,259.9811320816,2800.0,0.0043321524,16.67,0.15,4
821.0,844.0,281.6451606816,2800.0,0.0046931474,16.67,0.15,4
821.0,846.0,92.9039246799,2800.0,0.0015480891,16.67,0.15,4
822.0,823.0,255.6272612281,2800.0,0.0042596024,16.67,0.15,4
822.0,824.0,98.6015733739,2800.0,0.001643031,16.67,0.15,4
822.0,827.0,140.3685172008,2800.0,0.0023390075,16.67,0.15,4
822.0,950.0,110.8053034145,2800.0,0.0018463858,16.67,0.15,4
822.0,830.0,193.934778112,2800.0,0.0032316,16.67,0.15,4
823.0,824.0,211.5021563615,2800.0,0.0035243311,16.67,0.15,4
823.0,826.0,190.3039484082,2800.0,0.0031710983,16.67,0.15,4
824.0,825.0,134.8565440421,2800.0,0.0022471596,16.67,0.15,4
825.0,826.0,215.1249851781,2800.0,0.0035846995,16.67,0.15,4
826.0,835.0,127.5848878199,2800.0,0.0021259896,16.67,0.15,4
827.0,828.0,144.6908494285,2800.0,0.002411032,16.67,0.15,4
828.0,830.0,163.0444124296,2800.0,0.0027168635,16.67,0.15,4
828.0,830.0,130.9394107082,2800.0,0.0021818871,16.67,0.15,4
829.0,849.0,137.8179784991,1300.0,0.003445794,11.11,0.15,4
829.0,830.0,179.409440725,2800.0,0.0029895594,16.67,0.15,4
829.0,831.0,119.1603722505,2800.0,0.0019856091,16.67,0.15,4
831.0,832.0,112.5211110808,2800.0,0.0018749769,16.67,0.15,4
831.0,849.0,124.16835498,2800.0,0.0020690588,16.67,0.15,4
832.0,834.0,134.417763969,2800.0,0.0022398481,16.67,0.15,4
833.0,851.0,123.5189445064,2800.0,0.0020582374,16.67,0.15,4
833.0,850.0,136.0393402985,2800.0,0.002266869,16.67,0.15,4
833.0,900.0,109.5897634682,2800.0,0.0018261308,16.67,0.15,4
834.0,850.0,122.5311205133,2800.0,0.002041777,16.67,0.15,4
835.0,837.0,279.7391170421,2800.0,0.0046613863,16.67,0.15,4
838.0,839.0,96.5856351877,2800.0,0.0016094387,16.67,0.15,4
838.0,848.0,190.7300717561,2800.0,0.0031781989,16.67,0.15,4
840.0,874.0,151.9526679079,2800.0,0.0025320381,16.67,0.15,4
841.0,842.0,75.4150422786,2800.0,0.001256666,16.67,0.15,4
843.0,872.0,107.3487876142,1300.0,0.0026839881,11.11,0.15,4
844.0,845.0,202.0478945481,2800.0,0.0033667916,16.67,0.15,4
844.0,893.0,227.5242208104,2800.0,0.0037913121,16.67,0.15,4
844.0,847.0,339.2120928569,2800.0,0.0056524044,16.67,0.15,4
844.0,878.0,348.8408513131,2800.0,0.0058128516,16.67,0.15,4
844.0,894.0,168.0408861999,2800.0,0.0028001214,16.67,0.15,4
845.0,858.0,170.4990320624,1300.0,0.0042629021,11.11,0.15,4
845.0,893.0,99.6887307603,2800.0,0.0016611466,16.67,0.15,4
845.0,859.0,249.5587890869,1300.0,0.0062395937,11.11,0.15,4
846.0,847.0,173.3893412682,2800.0,0.0028892445,16.67,0.15,4
847.0,848.0,200.9076544057,2800.0,0.0033477913,16.67,0.15,4
847.0,878.0,265.8648636557,2800.0,0.004430195,16.67,0.15,4
850.0,900.0,196.865105546,2800.0,0.003280429,16.67,0.15,4
852.0,853.0,212.9888146362,2800.0,0.0035491038,16.67,0.15,4
853.0,854.0,108.1608368741,2800.0,0.0018023202,16.67,0.15,4
854.0,856.0,72.4462938598,2800.0,0.0012071968,16.67,0.15,4
855.0,856.0,91.4084731284,1300.0,0.0022854404,11.11,0.15,4
855.0,862.0,90.8592813264,2800.0,0.0015140186,16.67,0.15,4
856.0,857.0,161.3934914684,2800.0,0.0026893537,16.67,0.15,4
856.0,858.0,121.4140036154,1300.0,0.0030356537,11.11,0.15,4
857.0,896.0,93.8437357217,2800.0,0.0015637495,16.67,0.15,4
857.0,859.0,228.1426350967,2800.0,0.0038016169,16.67,0.15,4
858.0,859.0,199.8149835061,2800.0,0.0033295838,16.67,0.15,4
859.0,860.0,259.1000414834,1300.0,0.0064781489,11.11,0.15,4
859.0,891.0,334.8903421458,2800.0,0.0055803896,16.67,0.15,4
859.0,885.0,174.7848383576,2800.0,0.0029124981,16.67,0.15,4
859.0,888.0,211.3818828702,2800.0,0.0035223269,16.67,0.15,4
860.0,886.0,115.6749124828,2800.0,0.0019275297,16.67,0.15,4
860.0,886.0,108.1707771063,2800.0,0.0018024858,16.67,0.15,4
860.0,867.0,249.5995728223,1300.0,0.0062406134,11.11,0.15,4
860.0,887.0,154.0530794773,2800.0,0.0025670379,16.67,0.15,4
860.0,888.0,127.2317035272,2800.0,0.0021201044,16.67,0.15,4
861.0,862.0,225.59589666,2800.0,0.0037591798,16.67,0.15,4
861.0,887.0,284.1626527701,2800.0,0.0047350972,16.67,0.15,4
861.0,863.0,332.1332808006,1300.0,0.0083041624,11.11,0.15,4
862.0,896.0,103.8994813932,2800.0,0.0017313118,16.67,0.15,4
863.0,864.0,170.6009175925,2800.0,0.0028427801,16.67,0.15,4
863.0,954.0,105.7716694277,2800.0,0.0017625087,16.67,0.15,4
863.0,895.0,139.7972562116,2800.0,0.0023294884,16.67,0.15,4
863.0,865.0,127.2157136376,1300.0,0.0031807109,11.11,0.15,4
864.0,897.0,81.9100824035,2800.0,0.0013648951,16.67,0.15,4
864.0,895.0,74.6738028213,2800.0,0.0012443145,16.67,0.15,4
865.0,882.0,233.5151131115,2800.0,0.0038911403,16.67,0.15,4
865.0,866.0,88.7693294996,1300.0,0.0022194552,11.11,0.15,4
865.0,897.0,117.4204764114,2800.0,0.0019566166,16.67,0.15,4
866.0,867.0,167.5876537647,2800.0,0.002792569,16.67,0.15,4
866.0,875.0,75.8092237105,1300.0,0.0018954201,11.11,0.15,4
866.0,883.0,164.967112505,2800.0,0.0027489021,16.67,0.15,4
867.0,953.0,139.2358910868,2800.0,0.0023201342,16.67,0.15,4
867.0,875.0,166.0692147824,2800.0,0.0027672668,16.67,0.15,4
867.0,886.0,204.4571522626,2800.0,0.0034069378,16.67,0.15,4
868.0,869.0,209.3821727193,2800.0,0.0034890051,16.67,0.15,4
868.0,869.0,169.4140211936,2800.0,0.0028230024,16.67,0.15,4
868.0,884.0,251.8540591993,2800.0,0.0041967283,16.67,0.15,4
868.0,877.0,237.2206820226,2800.0,0.0039528875,16.67,0.15,4
868.0,891.0,200.5348654803,2800.0,0.0033415794,16.67,0.15,4
869.0,889.0,280.026859454,1300.0,0.0070013716,11.11,0.15,4
869.0,877.0,161.629351131,2800.0,0.0026932839,16.67,0.15,4
870.0,877.0,60.2795124996,2800.0,0.0010044577,16.67,0.15,4
870.0,878.0,183.4868853234,2800.0,0.0030575033,16.67,0.15,4
871.0,874.0,98.5445740879,2800.0,0.0016420812,16.67,0.15,4
875.0,876.0,143.9483140848,2800.0,0.0023986588,16.67,0.15,4
876.0,879.0,138.3690695639,2800.0,0.00230569,16.67,0.15,4
876.0,883.0,77.4098692432,2800.0,0.0012899065,16.67,0.15,4
878.0,892.0,145.7500240893,2800.0,0.0024286813,16.67,0.15,4
880.0,881.0,115.336981984,1300.0,0.0028837129,11.11,0.15,4
880.0,882.0,92.0688271396,2800.0,0.0015341736,16.67,0.15,4
881.0,883.0,178.4542295652,2800.0,0.0029736424,16.67,0.15,4
881.0,882.0,88.6403501607,2800.0,0.0014770438,16.67,0.15,4
882.0,883.0,103.4106965919,2800.0,0.001723167,16.67,0.15,4
884.0,885.0,102.9861809805,2800.0,0.0017160931,16.67,0.15,4
884.0,886.0,145.3700872651,2800.0,0.0024223503,16.67,0.15,4
885.0,891.0,239.868810473,2800.0,0.0039970141,16.67,0.15,4
887.0,888.0,77.433607203,2800.0,0.0012903021,16.67,0.15,4
887.0,895.0,72.927008851,2800.0,0.0012152071,16.67,0.15,4
888.0,896.0,74.6756401817,2800.0,0.0012443451,16.67,0.15,4
889.0,904.0,215.3797598727,1300.0,0.0053850325,11.11,0.15,4
889.0,890.0,103.3037033746,2800.0,0.0017213841,16.67,0.15,4
891.0,892.0,180.0186055174,2800.0,0.0029997101,16.67,0.15,4
891.0,893.0,177.1337463582,2800.0,0.0029516388,16.67,0.15,4
892.0,894.0,72.0734718287,2800.0,0.0012009843,16.67,0.15,4
893.0,894.0,122.758240177,2800.0,0.0020455616,16.67,0.15,4
899.0,900.0,78.0194468733,2800.0,0.0013000641,16.67,0.15,4
901.0,902.0,228.0416913124,2800.0,0.0037999349,16.67,0.15,4
901.0,903.0,79.7787994739,2800.0,0.0013293808,16.67,0.15,4
901.0,904.0,83.2734252404,2800.0,0.0013876129,16.67,0.15,4
902.0,909.0,105.8322510487,2800.0,0.0017635181,16.67,0.15,4
902.0,908.0,107.4544594368,2800.0,0.0017905495,16.67,0.15,4
903.0,908.0,238.7326584184,2800.0,0.003978082,16.67,0.15,4
905.0,906.0,152.0053744832,1300.0,0.0038005144,11.11,0.15,4
905.0,907.0,225.9400984492,2800.0,0.0037649153,16.67,0.15,4
906.0,911.0,87.5253927021,2800.0,0.0014584649,16.67,0.15,4
908.0,910.0,208.1987730197,2800.0,0.0034692857,16.67,0.15,4
908.0,909.0,111.3222914349,2800.0,0.0018550005,16.67,0.15,4
911.0,912.0,100.1955810452,2800.0,0.0016695924,16.67,0.15,4
914.0,915.0,135.634071782,2800.0,0.0022601158,16.67,0.15,4
917.0,918.0,125.9379966241,2800.0,0.0020985469,16.67,0.15,4
917.0,919.0,103.577971357,2800.0,0.0017259543,16.67,0.15,4
920.0,921.0,143.1397763709,2800.0,0.0023851859,16.67,0.15,4
921.0,922.0,119.7624026006,2800.0,0.0019956409,16.67,0.15,4
922.0,923.0,137.3458580035,2800.0,0.0022886399,16.67,0.15,4
922.0,924.0,223.6990028345,1300.0,0.0055930344,11.11,0.15,4
923.0,924.0,122.7253609438,1300.0,0.0030684409,11.11,0.15,4
928.0,975.0,87.6424710768,2800.0,0.0014604158,16.67,0.15,4
930.0,958.0,96.9718102508,2800.0,0.0016158737,16.67,0.15,4
930.0,957.0,81.839175725,2800.0,0.0013637135,16.67,0.15,4
931.0,932.0,183.7541228066,2800.0,0.0030619563,16.67,0.15,4
933.0,934.0,70.6145815775,2800.0,0.0011766744,16.67,0.15,4
934.0,935.0,88.6041493123,2800.0,0.0014764405,16.67,0.15,4
936.0,937.0,124.3891605562,2800.0,0.0020727381,16.67,0.15,4
936.0,939.0,122.5838793681,2800.0,0.0020426561,16.67,0.15,4
937.0,939.0,105.0678005527,2800.0,0.0017507799,16.67,0.15,4
938.0,939.0,82.5746908375,2800.0,0.0013759697,16.67,0.15,4
941.0,955.0,413.6794290348,2800.0,0.0068932785,16.67,0.15,4
942.0,955.0,263.5587348944,2800.0,0.0043917672,16.67,0.15,4
943.0,944.0,127.9983787774,2800.0,0.0021328797,16.67,0.15,4
943.0,984.0,133.1840084105,2800.0,0.0022192896,16.67,0.15,4
946.0,947.0,198.7236741257,2800.0,0.003311399,16.67,0.15,4
957.0,958.0,138.3170570588,2800.0,0.0023048233,16.67,0.15,4
959.0,960.0,238.5249405669,2800.0,0.0039746208,16.67,0.15,4
959.0,961.0,316.2634285338,1300.0,0.0079073765,11.11,0.15,4
959.0,963.0,308.8556705966,2800.0,0.0051465652,16.67,0.15,4
960.0,980.0,185.045051725,7000.0,0.0023132945,22.22,0.15,4
961.0,962.0,180.7355831061,2800.0,0.0030116574,16.67,0.15,4
961.0,963.0,237.8043166094,2800.0,0.0039626128,16.67,0.15,4
964.0,965.0,112.6403522447,7000.0,0.0014081452,22.22,0.15,4
964.0,965.0,145.067450565,2800.0,0.0024173074,16.67,0.15,4
964.0,980.0,71.4261744148,7000.0,0.0008929165,22.22,0.15,4
965.0,966.0,113.9928403433,7000.0,0.001425053,22.22,0.15,4
965.0,967.0,181.3327918578,2800.0,0.0030216089,16.67,0.15,4
967.0,968.0,113.0154803948,2800.0,0.0018832147,16.67,0.15,4
967.0,979.0,124.3604756251,1300.0,0.0031093228,11.11,0.15,4
970.0,971.0,66.1171869232,2800.0,0.0011017328,16.67,0.15,4
970.0,976.0,127.7071885656,2800.0,0.0021280275,16.67,0.15,4
985.0,986.0,84.8575045601,2800.0,0.0014140089,16.67,0.15,4
