0.0,40.0,76.8975670689,8750.0,0.0009613157,22.22,0.15,4
0.0,130.0,357.889735815,1300.0,0.0089481382,11.11,0.15,4
1.0,2.0,101.1211048218,2800.0,0.0016850147,16.67,0.15,4
1.0,3.0,46.6463447495,2800.0,0.0007772836,16.67,0.15,4
1.0,4.0,151.2561185641,1300.0,0.0037817811,11.11,0.15,4
1.0,7.0,146.4706363872,2800.0,0.0024406891,16.67,0.15,4
2.0,5.0,146.5298277348,2800.0,0.0024416755,16.67,0.15,4
2.0,8.0,211.7098202793,2800.0,0.0035277914,16.67,0.15,4
2.0,9.0,141.3043958038,2800.0,0.0023546023,16.67,0.15,4
3.0,920.0,100.754550193,2800.0,0.0016789067,16.67,0.15,4
3.0,917.0,146.4876933686,2800.0,0.0024409734,16.67,0.15,4
3.0,10.0,151.239480657,1300.0,0.0037813652,11.11,0.15,4
4.0,9.0,111.2987130726,2800.0,0.0018546076,16.67,0.15,4
4.0,10.0,65.9292431358,5250.0,0.000824198,22.22,0.15,4
4.0,20.0,149.022217418,1300.0,0.003725928,11.11,0.15,4
4.0,19.0,225.6906200518,2800.0,0.0037607582,16.67,0.15,4
5.0,6.0,146.5700988168,2800.0,0.0024423465,16.67,0.15,4
5.0,7.0,101.3354146182,2800.0,0.0016885859,16.67,0.15,4
6.0,933.0,101.1630293528,2800.0,0.0016857133,16.67,0.15,4
6.0,899.0,112.749060114,2800.0,0.0018787752,16.67,0.15,4
7.0,917.0,46.5380604597,2800.0,0.0007754792,16.67,0.15,4
7.0,933.0,146.8018961882,2800.0,0.002446209,16.67,0.15,4
8.0,596.0,106.5979528069,2800.0,0.0017762773,16.67,0.15,4
8.0,908.0,141.2073318942,2800.0,0.0023529849,16.67,0.15,4
9.0,19.0,114.3847055866,2800.0,0.0019060306,16.67,0.15,4
10.0,11.0,110.1366276237,2800.0,0.0018352434,16.67,0.15,4
10.0,13.0,149.0548974327,1300.0,0.0037267451,11.11,0.15,4
10.0,893.0,110.1219151422,2800.0,0.0018349983,16.67,0.15,4
11.0,271.0,112.6524332172,2800.0,0.0018771651,16.67,0.15,4
11.0,911.0,140.1008098741,2800.0,0.0023345466,16.67,0.15,4
12.0,13.0,108.4526513193,1300.0,0.0027115874,11.11,0.15,4
12.0,14.0,104.6250253082,7000.0,0.0013079436,22.22,0.15,4
12.0,15.0,47.5387900115,7000.0,0.0005942943,22.22,0.15,4
13.0,911.0,100.7409457409,2800.0,0.00167868,16.67,0.15,4
13.0,20.0,46.8819002755,2800.0,0.0007812088,16.67,0.15,4
14.0,911.0,81.9212655417,2800.0,0.0013650814,16.67,0.15,4
14.0,272.0,113.5754032844,7000.0,0.0014198345,22.22,0.15,4
15.0,16.0,205.425946563,7000.0,0.0025680811,22.22,0.15,4
15.0,20.0,115.9354573265,1300.0,0.0028986763,11.11,0.15,4
16.0,17.0,113.398777385,5250.0,0.0014176265,22.22,0.15,4
16.0,18.0,213.0145747654,7000.0,0.0026629485,22.22,0.15,4
17.0,19.0,148.8278747144,5250.0,0.0018605345,22.22,0.15,4
17.0,20.0,206.746247173,2800.0,0.0034450818,16.67,0.15,4
18.0,816.0,177.5349357544,5250.0,0.0022194086,22.22,0.15,4
19.0,908.0,115.430648177,2800.0,0.0019234594,16.67,0.15,4
19.0,817.0,233.1878843212,2800.0,0.0038856876,16.67,0.15,4
21.0,22.0,68.8574796007,1300.0,0.0017216092,11.11,0.15,4
21.0,865.0,94.2348560991,1300.0,0.002356107,11.11,0.15,4
22.0,23.0,99.6400036757,8750.0,0.0012456246,22.22,0.15,4
22.0,86.0,116.7032023793,8750.0,0.0014589359,22.22,0.15,4
23.0,87.0,91.4056607474,5250.0,0.001142685,22.22,0.15,4
23.0,662.0,139.8132259216,8750.0,0.0017478401,22.22,0.15,4
23.0,83.0,95.2478116627,2800.0,0.0015871461,16.67,0.15,4
23.0,865.0,74.5371110288,7000.0,0.0009318071,22.22,0.15,4
24.0,25.0,371.4625340206,7000.0,0.004643746,22.22,0.15,4
24.0,26.0,835.2243217998,5250.0,0.0104413482,22.22,0.15,4
24.0,55.0,289.2696719702,7000.0,0.0036162325,22.22,0.15,4
25.0,69.0,80.4106525242,1300.0,0.0020104674,11.11,0.15,4
25.0,140.0,151.7729490612,8750.0,0.0018973516,22.22,0.15,4
25.0,162.0,75.2739087366,1300.0,0.0018820359,11.11,0.15,4
25.0,27.0,279.2370054407,8750.0,0.0034908116,22.22,0.15,4
25.0,57.0,135.131638678,2800.0,0.0022517436,16.67,0.15,4
25.0,929.0,74.9409174503,1300.0,0.0018737103,11.11,0.15,4
26.0,871.0,266.195149904,7000.0,0.0033277722,22.22,0.15,4
26.0,27.0,791.4235496061,2800.0,0.0131877549,16.67,0.15,4
27.0,28.0,67.0059168196,5250.0,0.0008376577,22.22,0.15,4
27.0,29.0,191.9659761347,7000.0,0.0023998147,22.22,0.15,4
27.0,141.0,139.2625768474,8750.0,0.0017409563,22.22,0.15,4
28.0,164.0,125.2152374511,7000.0,0.001565347,22.22,0.15,4
29.0,41.0,66.7267592051,8750.0,0.0008341679,22.22,0.15,4
29.0,42.0,68.1620840357,8750.0,0.0008521113,22.22,0.15,4
29.0,43.0,550.358111352,7000.0,0.0068801644,22.22,0.15,4
29.0,56.0,276.154161692,8750.0,0.0034522722,22.22,0.15,4
30.0,31.0,51.2522752321,2800.0,0.0008540338,16.67,0.15,4
30.0,32.0,52.0966042683,2800.0,0.0008681031,16.67,0.15,4
30.0,33.0,156.5274009928,5250.0,0.0019567882,22.22,0.15,4
30.0,192.0,146.10260426,5250.0,0.0018264652,22.22,0.15,4
31.0,70.0,54.0213578255,2800.0,0.0009001759,16.67,0.15,4
31.0,193.0,146.3841754931,2800.0,0.0024392484,16.67,0.15,4
31.0,928.0,142.7046248387,2800.0,0.0023779348,16.67,0.15,4
32.0,189.0,52.79541161,2800.0,0.0008797476,16.67,0.15,4
32.0,190.0,146.0724956345,2800.0,0.0024340548,16.67,0.15,4
32.0,467.0,142.7505658358,2800.0,0.0023787004,16.67,0.15,4
33.0,467.0,65.5515665487,2800.0,0.0010923076,16.67,0.15,4
33.0,468.0,113.915337098,2800.0,0.0018982093,16.67,0.15,4
33.0,696.0,111.4648257834,2800.0,0.0018573756,16.67,0.15,4
33.0,696.0,132.3389224808,1300.0,0.0033088039,11.11,0.15,4
33.0,806.0,137.1617774448,5250.0,0.0017146937,22.22,0.15,4
33.0,804.0,113.9728237045,2800.0,0.0018991672,16.67,0.15,4
33.0,907.0,65.5412596806,1300.0,0.0016386954,11.11,0.15,4
33.0,928.0,65.9689785375,1300.0,0.0016493894,11.11,0.15,4
34.0,35.0,119.2153744111,5250.0,0.0014903412,22.22,0.15,4
34.0,887.0,56.451535814,2800.0,0.0009406708,16.67,0.15,4
34.0,692.0,168.0921508144,2800.0,0.0028009757,16.67,0.15,4
34.0,880.0,82.1532506583,2800.0,0.0013689471,16.67,0.15,4
34.0,879.0,722.2822101682,2800.0,0.0120356297,16.67,0.15,4
34.0,67.0,781.9840993992,2800.0,0.0130304622,16.67,0.15,4
34.0,177.0,76.024058336,2800.0,0.0012668143,16.67,0.15,4
34.0,612.0,73.2287506811,2800.0,0.0012202351,16.67,0.15,4
34.0,695.0,143.4472466399,2800.0,0.0023903094,16.67,0.15,4
34.0,695.0,138.4621562705,2800.0,0.0023072412,16.67,0.15,4
35.0,611.0,100.5437926719,5250.0,0.0012569231,22.22,0.15,4
35.0,691.0,119.4299044454,1300.0,0.0029860462,11.11,0.15,4
35.0,691.0,116.0051057288,5250.0,0.0014502088,22.22,0.15,4
36.0,774.0,87.2011717859,5250.0,0.0010901237,22.22,0.15,4
36.0,609.0,97.9130568837,2800.0,0.001631558,16.67,0.15,4
36.0,573.0,118.7666453074,5250.0,0.0014847315,22.22,0.15,4
36.0,862.0,180.2903448291,7000.0,0.0022538547,22.22,0.15,4
36.0,68.0,53.8175374902,1300.0,0.001345573,11.11,0.15,4
36.0,68.0,101.7021579963,1300.0,0.0025428082,11.11,0.15,4
36.0,627.0,178.9589625515,7000.0,0.0022372108,22.22,0.15,4
36.0,873.0,179.1602196867,2800.0,0.0029854066,16.67,0.15,4
37.0,38.0,73.3157860415,8750.0,0.000916539,22.22,0.15,4
37.0,39.0,128.5883359456,7000.0,0.001607515,22.22,0.15,4
37.0,40.0,226.8202840964,2800.0,0.0037795822,16.67,0.15,4
37.0,92.0,202.347750045,2800.0,0.0033717881,16.67,0.15,4
38.0,634.0,67.1995471679,8750.0,0.0008400783,22.22,0.15,4
38.0,91.0,105.7136396409,1300.0,0.0026431053,11.11,0.15,4
39.0,76.0,116.8835031312,7000.0,0.0014611899,22.22,0.15,4
39.0,40.0,168.8105226567,1300.0,0.0042206851,11.11,0.15,4
39.0,638.0,137.0608608011,2800.0,0.0022838909,16.67,0.15,4
39.0,836.0,104.1116085727,2800.0,0.0017348465,16.67,0.15,4
39.0,836.0,97.1033651653,2800.0,0.0016180658,16.67,0.15,4
40.0,871.0,133.8379785184,7000.0,0.001673142,22.22,0.15,4
41.0,142.0,71.5723990947,8750.0,0.0008947445,22.22,0.15,4
42.0,761.0,275.3586574157,2800.0,0.0045883933,16.67,0.15,4
42.0,760.0,56.6544954294,7000.0,0.000708252,22.22,0.15,4
42.0,243.0,277.6585096159,2800.0,0.0046267165,16.67,0.15,4
43.0,44.0,595.1588962294,5250.0,0.0074402302,22.22,0.15,4
43.0,88.0,616.7378694776,7000.0,0.0077099944,22.22,0.15,4
44.0,82.0,439.8420318831,7000.0,0.0054985753,22.22,0.15,4
44.0,56.0,371.836485686,1300.0,0.0092968418,11.11,0.15,4
45.0,46.0,84.5113885898,2800.0,0.0014082415,16.67,0.15,4
45.0,47.0,81.0231491476,2800.0,0.0013501158,16.67,0.15,4
45.0,48.0,142.6890033765,2800.0,0.0023776745,16.67,0.15,4
45.0,49.0,132.2393413963,2800.0,0.0022035483,16.67,0.15,4
46.0,264.0,142.2377318894,2800.0,0.0023701548,16.67,0.15,4
46.0,455.0,148.7381012178,2800.0,0.0024784727,16.67,0.15,4
46.0,260.0,85.4548712817,2800.0,0.0014239631,16.67,0.15,4
47.0,557.0,123.7981648398,2800.0,0.0020628902,16.67,0.15,4
47.0,456.0,90.8815257426,2800.0,0.0015143892,16.67,0.15,4
47.0,457.0,148.0778351685,2800.0,0.0024674704,16.67,0.15,4
48.0,457.0,85.1749108199,2800.0,0.001419298,16.67,0.15,4
48.0,581.0,144.143459908,2800.0,0.0024019106,16.67,0.15,4
48.0,264.0,84.7329861601,2800.0,0.001411934,16.67,0.15,4
49.0,455.0,89.0876736465,2800.0,0.0014844977,16.67,0.15,4
49.0,557.0,117.1633900433,2800.0,0.0019523327,16.67,0.15,4
50.0,51.0,126.1732501759,5250.0,0.0015773234,22.22,0.15,4
50.0,52.0,124.6827364879,2800.0,0.0020776301,16.67,0.15,4
50.0,906.0,101.5781672579,2800.0,0.0016926309,16.67,0.15,4
51.0,53.0,70.4899067615,5250.0,0.000881212,22.22,0.15,4
51.0,53.0,67.3002365155,7000.0,0.0008413371,22.22,0.15,4
51.0,52.0,76.8792630255,5250.0,0.0009610869,22.22,0.15,4
51.0,151.0,76.460704402,7000.0,0.0009558544,22.22,0.15,4
51.0,167.0,199.5937958536,7000.0,0.002495172,22.22,0.15,4
52.0,54.0,111.9020940626,7000.0,0.0013989161,22.22,0.15,4
53.0,149.0,80.1174717998,7000.0,0.0010015686,22.22,0.15,4
53.0,150.0,199.5003887712,2800.0,0.0033243416,16.67,0.15,4
54.0,437.0,128.863539445,5250.0,0.0016109553,22.22,0.15,4
54.0,84.0,393.9507409935,1300.0,0.0098497535,11.11,0.15,4
54.0,86.0,61.5667740912,8750.0,0.0007696616,22.22,0.15,4
54.0,661.0,106.0442783631,8750.0,0.001325686,22.22,0.15,4
55.0,152.0,485.5234898272,1300.0,0.0121393012,11.11,0.15,4
55.0,906.0,424.6592026084,5250.0,0.0053087709,22.22,0.15,4
56.0,57.0,74.4737050908,1300.0,0.0018620288,11.11,0.15,4
56.0,57.0,70.2507651191,2800.0,0.001170612,16.67,0.15,4
56.0,357.0,157.7617323208,7000.0,0.0019722189,22.22,0.15,4
56.0,761.0,65.5809010567,7000.0,0.0008198432,22.22,0.15,4
57.0,355.0,287.5080446505,1300.0,0.00718842,11.11,0.15,4
57.0,929.0,62.2782100999,1300.0,0.001557111,11.11,0.15,4
58.0,59.0,381.4663041779,2800.0,0.0063565004,16.67,0.15,4
58.0,60.0,318.9371588025,7000.0,0.0039871132,22.22,0.15,4
59.0,67.0,444.640114329,5250.0,0.0055585573,22.22,0.15,4
59.0,85.0,584.1982438011,2800.0,0.0097346905,16.67,0.15,4
60.0,61.0,193.4024764455,7000.0,0.0024177727,22.22,0.15,4
60.0,62.0,191.6851553912,8750.0,0.0023963041,22.22,0.15,4
60.0,65.0,74.9820845157,8750.0,0.0009373698,22.22,0.15,4
60.0,625.0,192.393794905,7000.0,0.002405163,22.22,0.15,4
61.0,663.0,75.9632730746,7000.0,0.0009496359,22.22,0.15,4
61.0,664.0,75.162817214,8750.0,0.0009396292,22.22,0.15,4
61.0,662.0,48.4776203702,8750.0,0.0006060309,22.22,0.15,4
62.0,152.0,57.7490335123,8750.0,0.0007219351,22.22,0.15,4
62.0,944.0,141.9817051307,2800.0,0.0023658886,16.67,0.15,4
62.0,944.0,155.3733681265,1300.0,0.0038847227,11.11,0.15,4
62.0,87.0,100.4680131118,7000.0,0.0012559758,22.22,0.15,4
63.0,64.0,177.6513278796,2800.0,0.0029602634,16.67,0.15,4
63.0,65.0,74.5312935852,8750.0,0.0009317343,22.22,0.15,4
63.0,66.0,523.6261443737,2800.0,0.0087253573,16.67,0.15,4
63.0,154.0,148.5239954147,7000.0,0.0018567356,22.22,0.15,4
63.0,665.0,192.7760267733,7000.0,0.0024099413,22.22,0.15,4
64.0,556.0,38.1873270405,2800.0,0.0006363282,16.67,0.15,4
64.0,154.0,231.5033839359,2800.0,0.0038576182,16.67,0.15,4
64.0,458.0,82.3711845792,2800.0,0.0013725786,16.67,0.15,4
65.0,153.0,202.1780932456,2800.0,0.0033689611,16.67,0.15,4
65.0,664.0,193.3951739009,2800.0,0.0032226084,16.67,0.15,4
66.0,870.0,75.4693220844,2800.0,0.0012575705,16.67,0.15,4
66.0,930.0,424.7709274442,2800.0,0.0070780998,16.67,0.15,4
67.0,68.0,333.5928424642,2800.0,0.005558769,16.67,0.15,4
69.0,163.0,59.4246494222,1300.0,0.0014857648,11.11,0.15,4
70.0,71.0,52.2521320501,2800.0,0.0008706947,16.67,0.15,4
70.0,72.0,146.1494931266,5250.0,0.0018270514,22.22,0.15,4
70.0,696.0,156.5261159009,5250.0,0.0019567721,22.22,0.15,4
71.0,696.0,208.7429847946,1300.0,0.0052190965,11.11,0.15,4
71.0,199.0,52.5841657993,2800.0,0.0008762275,16.67,0.15,4
71.0,195.0,146.1171894268,2800.0,0.0024347995,16.67,0.15,4
72.0,194.0,146.2839144664,5250.0,0.0018287318,22.22,0.15,4
72.0,195.0,52.5633489424,2800.0,0.0008758806,16.67,0.15,4
72.0,193.0,52.6196985692,2800.0,0.0008768196,16.67,0.15,4
73.0,74.0,146.4863161779,2800.0,0.0024409504,16.67,0.15,4
73.0,75.0,53.0369434521,7000.0,0.0006630281,22.22,0.15,4
73.0,549.0,51.9441363056,7000.0,0.0006493666,22.22,0.15,4
74.0,943.0,51.9786750424,5250.0,0.0006497984,22.22,0.15,4
74.0,855.0,53.0139967708,5250.0,0.0006627412,22.22,0.15,4
75.0,852.0,51.9331400072,7000.0,0.0006492292,22.22,0.15,4
75.0,855.0,146.2660621751,5250.0,0.0018285086,22.22,0.15,4
75.0,791.0,146.0643953235,5250.0,0.0018259875,22.22,0.15,4
76.0,77.0,217.6388164156,7000.0,0.0027207573,22.22,0.15,4
76.0,78.0,193.0769700236,7000.0,0.0024137035,22.22,0.15,4
76.0,88.0,626.1393794765,1300.0,0.01565505,11.11,0.15,4
77.0,383.0,192.9558030362,5250.0,0.0024121888,22.22,0.15,4
77.0,381.0,105.4946825079,7000.0,0.0013188154,22.22,0.15,4
77.0,124.0,191.7991147532,7000.0,0.0023977287,22.22,0.15,4
78.0,90.0,77.4414085803,5250.0,0.0009681144,22.22,0.15,4
78.0,637.0,45.9639907389,7000.0,0.0005746073,22.22,0.15,4
78.0,839.0,36.3545696625,5250.0,0.0004544776,22.22,0.15,4
79.0,80.0,269.8490279115,2800.0,0.0044965845,16.67,0.15,4
79.0,81.0,100.8328380214,2800.0,0.0016802113,16.67,0.15,4
79.0,616.0,104.5131852609,1300.0,0.0026130909,11.11,0.15,4
80.0,247.0,364.6359594185,2800.0,0.0060760508,16.67,0.15,4
80.0,164.0,96.6655674827,5250.0,0.0012084404,22.22,0.15,4
80.0,748.0,95.7657039678,2800.0,0.0015957759,16.67,0.15,4
81.0,834.0,132.8245838029,2800.0,0.0022133004,16.67,0.15,4
81.0,748.0,276.4680175837,5250.0,0.0034561958,22.22,0.15,4
81.0,165.0,137.2202818696,5250.0,0.0017154251,22.22,0.15,4
81.0,616.0,206.1790650398,1300.0,0.0051549921,11.11,0.15,4
82.0,83.0,243.6980062078,2800.0,0.0040608213,16.67,0.15,4
82.0,84.0,415.6730131301,5250.0,0.0051964323,22.22,0.15,4
83.0,87.0,91.4807951081,1300.0,0.0022872486,11.11,0.15,4
84.0,85.0,162.0995200298,7000.0,0.0020264466,22.22,0.15,4
85.0,870.0,454.2829030594,5250.0,0.0056791042,22.22,0.15,4
86.0,498.0,193.0740725107,2800.0,0.0032172578,16.67,0.15,4
88.0,89.0,108.8466062307,2800.0,0.0018137474,16.67,0.15,4
89.0,90.0,607.0919700661,2800.0,0.0101161763,16.67,0.15,4
89.0,91.0,209.5662258161,1300.0,0.0052396796,11.11,0.15,4
90.0,479.0,116.1409105305,5250.0,0.0014519066,22.22,0.15,4
91.0,947.0,142.9938347663,5250.0,0.0017876017,22.22,0.15,4
91.0,951.0,105.2301014498,1300.0,0.0026310156,11.11,0.15,4
91.0,953.0,169.6178577877,1300.0,0.0042408705,11.11,0.15,4
92.0,93.0,160.2503104567,2800.0,0.0026703044,16.67,0.15,4
92.0,94.0,120.297801176,7000.0,0.0015038729,22.22,0.15,4
93.0,638.0,70.9208201834,7000.0,0.0008865989,22.22,0.15,4
93.0,637.0,61.4931025315,2800.0,0.0010246801,16.67,0.15,4
93.0,835.0,62.9355219416,7000.0,0.0007867727,22.22,0.15,4
94.0,632.0,66.7065801346,7000.0,0.0008339156,22.22,0.15,4
94.0,634.0,198.5759802374,2800.0,0.0033089379,16.67,0.15,4
94.0,639.0,56.7237577496,5250.0,0.0007091179,22.22,0.15,4
94.0,639.0,57.4406553212,1300.0,0.00143616,11.11,0.15,4
95.0,96.0,147.0879610108,2800.0,0.0024509758,16.67,0.15,4
95.0,97.0,52.7664269713,5250.0,0.0006596463,22.22,0.15,4
95.0,98.0,201.2173602612,5250.0,0.0025154686,22.22,0.15,4
95.0,743.0,52.1019616136,5250.0,0.0006513397,22.22,0.15,4
96.0,683.0,62.9453071522,5250.0,0.000786895,22.22,0.15,4
96.0,606.0,105.6808036213,2800.0,0.0017609945,16.67,0.15,4
96.0,744.0,109.0295861951,2800.0,0.0018167964,16.67,0.15,4
96.0,680.0,146.0450867723,2800.0,0.0024335981,16.67,0.15,4
96.0,869.0,62.683772563,2800.0,0.0010445206,16.67,0.15,4
96.0,747.0,63.0791023528,2800.0,0.0010511082,16.67,0.15,4
96.0,828.0,62.7636479331,2800.0,0.0010458516,16.67,0.15,4
97.0,828.0,136.2738184486,2800.0,0.0022707762,16.67,0.15,4
97.0,829.0,52.5179284334,5250.0,0.0006565398,22.22,0.15,4
98.0,99.0,313.4179719463,5250.0,0.0039181165,22.22,0.15,4
98.0,703.0,222.5432583574,5250.0,0.0027820689,22.22,0.15,4
98.0,607.0,164.9608379889,2800.0,0.0027487975,16.67,0.15,4
98.0,419.0,98.0148844889,5250.0,0.0012253086,22.22,0.15,4
98.0,705.0,168.9319103252,7000.0,0.0021118601,22.22,0.15,4
98.0,829.0,140.0292626685,7000.0,0.0017505408,22.22,0.15,4
99.0,706.0,179.6261309417,7000.0,0.0022455512,22.22,0.15,4
99.0,421.0,92.4312332959,2800.0,0.0015402125,16.67,0.15,4
99.0,704.0,116.7231870735,2800.0,0.0019449975,16.67,0.15,4
99.0,705.0,145.6546292269,7000.0,0.001820865,22.22,0.15,4
99.0,878.0,179.2526747797,7000.0,0.0022408825,22.22,0.15,4
100.0,101.0,127.8454188779,2800.0,0.0021303309,16.67,0.15,4
100.0,149.0,70.8331277279,2800.0,0.0011803161,16.67,0.15,4
101.0,150.0,63.8263400092,5250.0,0.000797909,22.22,0.15,4
101.0,148.0,77.1243838519,5250.0,0.0009641512,22.22,0.15,4
102.0,103.0,146.6277587791,2800.0,0.0024433073,16.67,0.15,4
102.0,104.0,105.0017167529,5250.0,0.0013126527,22.22,0.15,4
102.0,755.0,104.7092639604,5250.0,0.0013089967,22.22,0.15,4
103.0,105.0,146.4780667804,2800.0,0.002440813,16.67,0.15,4
103.0,854.0,104.6290686508,5250.0,0.0013079942,22.22,0.15,4
103.0,742.0,52.7062111488,5250.0,0.0006588935,22.22,0.15,4
104.0,700.0,147.0178220589,2800.0,0.0024498071,16.67,0.15,4
104.0,549.0,104.9437490223,5250.0,0.0013119281,22.22,0.15,4
104.0,548.0,145.5652630398,2800.0,0.0024256026,16.67,0.15,4
105.0,106.0,52.0635914277,2800.0,0.000867553,16.67,0.15,4
105.0,107.0,146.398502039,2800.0,0.0024394871,16.67,0.15,4
106.0,699.0,52.5248660681,2800.0,0.0008752394,16.67,0.15,4
106.0,110.0,146.266078698,2800.0,0.0024372805,16.67,0.15,4
107.0,108.0,286.5590041467,2800.0,0.0047750284,16.67,0.15,4
107.0,109.0,104.8112280274,2800.0,0.0017465045,16.67,0.15,4
107.0,110.0,52.231383578,2800.0,0.000870349,16.67,0.15,4
108.0,111.0,117.3539311119,2800.0,0.0019555078,16.67,0.15,4
108.0,204.0,117.5367648289,7000.0,0.0014693565,22.22,0.15,4
108.0,112.0,75.7180035852,2800.0,0.0012617144,16.67,0.15,4
109.0,552.0,105.0341401202,2800.0,0.001750219,16.67,0.15,4
109.0,111.0,286.7245236425,2800.0,0.0047777865,16.67,0.15,4
109.0,700.0,292.4896429875,2800.0,0.0048738526,16.67,0.15,4
110.0,203.0,52.4922808863,2800.0,0.0008746964,16.67,0.15,4
111.0,550.0,117.7786970964,2800.0,0.0019625858,16.67,0.15,4
111.0,877.0,76.4616492965,2800.0,0.001274106,16.67,0.15,4
112.0,877.0,104.5925162349,2800.0,0.00174286,16.67,0.15,4
113.0,114.0,78.8515550147,2800.0,0.0013139298,16.67,0.15,4
113.0,115.0,91.2287684429,2800.0,0.0015201754,16.67,0.15,4
113.0,116.0,47.0067678356,2800.0,0.0007832895,16.67,0.15,4
114.0,117.0,50.4857000266,1300.0,0.0012622687,11.11,0.15,4
114.0,627.0,93.3779750298,1300.0,0.0023346828,11.11,0.15,4
115.0,627.0,80.869436409,7000.0,0.0010109691,22.22,0.15,4
115.0,626.0,132.0255682951,5250.0,0.0016504847,22.22,0.15,4
116.0,658.0,55.7726881872,2800.0,0.0009293589,16.67,0.15,4
116.0,117.0,82.1997017519,2800.0,0.0013697211,16.67,0.15,4
117.0,691.0,77.3779882194,1300.0,0.0019346432,11.11,0.15,4
117.0,627.0,143.7119330075,2800.0,0.0023947199,16.67,0.15,4
118.0,119.0,117.7523442643,2800.0,0.0019621466,16.67,0.15,4
118.0,120.0,58.7476435458,2800.0,0.0009789316,16.67,0.15,4
118.0,121.0,66.4323972541,2800.0,0.0011069852,16.67,0.15,4
119.0,335.0,83.627091627,2800.0,0.0013935062,16.67,0.15,4
119.0,269.0,60.1509003641,2800.0,0.0010023145,16.67,0.15,4
120.0,269.0,88.6487004487,2800.0,0.0014771829,16.67,0.15,4
120.0,270.0,76.5197955861,2800.0,0.0012750749,16.67,0.15,4
121.0,512.0,118.969255972,2800.0,0.0019824244,16.67,0.15,4
121.0,654.0,82.5382077566,5250.0,0.0010318308,22.22,0.15,4
121.0,335.0,164.387295336,7000.0,0.0020550467,22.22,0.15,4
122.0,123.0,322.5433179469,2800.0,0.005374647,16.67,0.15,4
122.0,124.0,87.7013300653,7000.0,0.0010963763,22.22,0.15,4
122.0,617.0,287.5842119063,7000.0,0.0035951622,22.22,0.15,4
123.0,382.0,220.9688424039,2800.0,0.0036820776,16.67,0.15,4
123.0,381.0,118.4285389742,7000.0,0.0014805048,22.22,0.15,4
124.0,125.0,108.3334341288,5250.0,0.0013543034,22.22,0.15,4
125.0,126.0,83.0574556354,2800.0,0.0013840141,16.67,0.15,4
125.0,127.0,315.4439471781,2800.0,0.0052563479,16.67,0.15,4
125.0,128.0,386.4191032494,2800.0,0.0064390306,16.67,0.15,4
126.0,776.0,133.9493520761,2800.0,0.0022320428,16.67,0.15,4
127.0,129.0,63.6940294598,2800.0,0.0010613549,16.67,0.15,4
127.0,130.0,80.5995734253,2800.0,0.0013430576,16.67,0.15,4
128.0,383.0,110.4505536159,2800.0,0.0018404745,16.67,0.15,4
128.0,839.0,72.6300860144,2800.0,0.0012102594,16.67,0.15,4
128.0,478.0,131.1219967282,2800.0,0.0021849296,16.67,0.15,4
129.0,619.0,92.1804943247,2800.0,0.0015360344,16.67,0.15,4
130.0,131.0,99.8043939514,5250.0,0.0012476797,22.22,0.15,4
131.0,132.0,68.0323247254,5250.0,0.0008504891,22.22,0.15,4
131.0,133.0,67.3002834953,5250.0,0.0008413377,22.22,0.15,4
131.0,134.0,140.1066429043,7000.0,0.0017515082,22.22,0.15,4
132.0,137.0,277.3556130394,2800.0,0.0046216692,16.67,0.15,4
132.0,634.0,124.8124104957,5250.0,0.0015603112,22.22,0.15,4
133.0,135.0,167.2284711047,2800.0,0.0027865839,16.67,0.15,4
133.0,326.0,79.3471282611,2800.0,0.0013221877,16.67,0.15,4
133.0,327.0,58.676763276,2800.0,0.0009777505,16.67,0.15,4
134.0,135.0,39.4812416252,2800.0,0.0006578891,16.67,0.15,4
134.0,136.0,137.8488319795,7000.0,0.0017232827,22.22,0.15,4
135.0,328.0,39.8908027533,2800.0,0.0006647138,16.67,0.15,4
135.0,333.0,137.7191068804,2800.0,0.0022948595,16.67,0.15,4
136.0,137.0,67.9007869816,7000.0,0.0008488447,22.22,0.15,4
136.0,138.0,66.1339844863,8750.0,0.0008267575,22.22,0.15,4
136.0,333.0,40.0406205347,8750.0,0.0005005578,22.22,0.15,4
137.0,355.0,54.0435192787,7000.0,0.0006756116,22.22,0.15,4
137.0,929.0,268.7107921096,1300.0,0.0067184416,11.11,0.15,4
138.0,139.0,192.0411592789,2800.0,0.003200046,16.67,0.15,4
138.0,140.0,58.8554095955,8750.0,0.0007357662,22.22,0.15,4
139.0,584.0,59.1580233637,5250.0,0.0007395492,22.22,0.15,4
139.0,351.0,66.0850462719,5250.0,0.0008261457,22.22,0.15,4
139.0,166.0,192.7478556852,2800.0,0.0032118219,16.67,0.15,4
140.0,161.0,67.3354876556,2800.0,0.0011220337,16.67,0.15,4
141.0,142.0,192.8506364043,2800.0,0.0032135346,16.67,0.15,4
141.0,143.0,137.3209356695,8750.0,0.0017166834,22.22,0.15,4
142.0,244.0,138.1564226181,8750.0,0.001727128,22.22,0.15,4
143.0,144.0,191.6951451722,7000.0,0.002396429,22.22,0.15,4
143.0,145.0,106.4715607382,7000.0,0.0013310276,22.22,0.15,4
143.0,146.0,68.2663460053,7000.0,0.0008534147,22.22,0.15,4
144.0,246.0,1051.5573714013,2800.0,0.0175224517,16.67,0.15,4
144.0,164.0,276.2350412382,7000.0,0.0034532833,22.22,0.15,4
144.0,148.0,68.6380067394,7000.0,0.0008580609,22.22,0.15,4
144.0,881.0,1040.5919440266,2800.0,0.0173397311,16.67,0.15,4
145.0,147.0,69.9189538109,2800.0,0.0011650829,16.67,0.15,4
145.0,244.0,86.4710981003,7000.0,0.0010809968,22.22,0.15,4
146.0,147.0,110.9521801888,2800.0,0.0018488332,16.67,0.15,4
146.0,148.0,192.0371857536,2800.0,0.0031999798,16.67,0.15,4
146.0,149.0,69.5632064014,7000.0,0.000869627,22.22,0.15,4
147.0,245.0,89.1484744125,2800.0,0.0014855108,16.67,0.15,4
150.0,167.0,66.8353616916,7000.0,0.0008355256,22.22,0.15,4
151.0,152.0,152.0159246614,8750.0,0.0019003891,22.22,0.15,4
153.0,556.0,54.2134799068,2800.0,0.0009033773,16.67,0.15,4
153.0,625.0,70.6057684337,5250.0,0.0008826604,22.22,0.15,4
154.0,155.0,68.9598336152,2800.0,0.0011491007,16.67,0.15,4
154.0,156.0,77.6352294501,5250.0,0.0009705374,22.22,0.15,4
154.0,313.0,40.4005741397,2800.0,0.0006732083,16.67,0.15,4
154.0,667.0,237.1274682265,7000.0,0.0029643898,22.22,0.15,4
155.0,950.0,116.7384931727,7000.0,0.0014593771,22.22,0.15,4
155.0,156.0,42.5690294775,1300.0,0.0010643322,11.11,0.15,4
156.0,666.0,123.4827871255,5250.0,0.0015436892,22.22,0.15,4
157.0,158.0,287.6324987095,2800.0,0.0047929164,16.67,0.15,4
157.0,159.0,86.1542634306,7000.0,0.001077036,22.22,0.15,4
157.0,160.0,259.4831666792,7000.0,0.003243864,22.22,0.15,4
158.0,313.0,92.7784635454,2800.0,0.0015459985,16.67,0.15,4
158.0,458.0,283.9252248187,2800.0,0.0047311409,16.67,0.15,4
159.0,319.0,84.575354251,7000.0,0.0010572977,22.22,0.15,4
159.0,311.0,352.9034661332,2800.0,0.0058805483,16.67,0.15,4
160.0,460.0,145.0448619114,8750.0,0.0018132421,22.22,0.15,4
160.0,558.0,88.2799207133,7000.0,0.0011036094,22.22,0.15,4
161.0,162.0,143.9277842515,2800.0,0.0023983167,16.67,0.15,4
161.0,615.0,58.3119234686,2800.0,0.0009716711,16.67,0.15,4
162.0,956.0,58.343044449,1300.0,0.001458722,11.11,0.15,4
163.0,616.0,74.0165446674,1300.0,0.0018505987,11.11,0.15,4
164.0,616.0,277.26990554,2800.0,0.004620241,16.67,0.15,4
165.0,166.0,73.8565555501,2800.0,0.0012306965,16.67,0.15,4
166.0,350.0,65.7867866722,5250.0,0.0008224171,22.22,0.15,4
167.0,438.0,271.3467871877,7000.0,0.0033921741,22.22,0.15,4
167.0,248.0,193.3757639979,7000.0,0.0024174388,22.22,0.15,4
168.0,169.0,237.764202444,2800.0,0.0039619443,16.67,0.15,4
168.0,178.0,162.5126105967,1300.0,0.0040632216,11.11,0.15,4
168.0,252.0,117.8002777601,2800.0,0.0019629454,16.67,0.15,4
168.0,613.0,91.9938531293,2800.0,0.0015329243,16.67,0.15,4
168.0,613.0,95.2163430672,5250.0,0.0011903233,22.22,0.15,4
168.0,868.0,126.1317004188,2800.0,0.0021017747,16.67,0.15,4
168.0,905.0,122.3299910551,1300.0,0.0030585556,11.11,0.15,4
168.0,905.0,122.8543945841,1300.0,0.003071667,11.11,0.15,4
168.0,936.0,114.3621284322,1300.0,0.0028593391,11.11,0.15,4
168.0,936.0,113.2720526165,1300.0,0.0028320845,11.11,0.15,4
169.0,578.0,128.0335483944,2800.0,0.0021334658,16.67,0.15,4
169.0,174.0,72.8812544367,2800.0,0.0012144447,16.67,0.15,4
170.0,171.0,58.5732561928,2800.0,0.0009760257,16.67,0.15,4
170.0,172.0,64.9357285097,5250.0,0.0008117778,22.22,0.15,4
170.0,173.0,189.7703744926,2800.0,0.0031622071,16.67,0.15,4
170.0,574.0,210.7209292832,1300.0,0.0052685501,11.11,0.15,4
171.0,531.0,189.5913588685,1300.0,0.004740258,11.11,0.15,4
171.0,532.0,69.771772714,2800.0,0.0011626304,16.67,0.15,4
172.0,176.0,68.1443796422,7000.0,0.0008518899,22.22,0.15,4
172.0,611.0,191.5304628084,2800.0,0.0031915361,16.67,0.15,4
172.0,610.0,69.2279254537,7000.0,0.0008654356,22.22,0.15,4
173.0,174.0,69.5976173182,2800.0,0.0011597283,16.67,0.15,4
173.0,531.0,57.4033095008,2800.0,0.0009565305,16.67,0.15,4
174.0,693.0,130.3887192609,2800.0,0.0021727108,16.67,0.15,4
174.0,175.0,67.8428847444,7000.0,0.0008481209,22.22,0.15,4
174.0,613.0,113.6626529407,7000.0,0.0014209253,22.22,0.15,4
175.0,176.0,58.3301357334,7000.0,0.0007291996,22.22,0.15,4
175.0,177.0,169.623258835,1300.0,0.0042410056,11.11,0.15,4
176.0,612.0,183.1657786942,2800.0,0.0030521525,16.67,0.15,4
177.0,693.0,93.3725206634,2800.0,0.0015558975,16.67,0.15,4
178.0,179.0,146.7045310741,2800.0,0.0024445866,16.67,0.15,4
178.0,180.0,63.6206404012,2800.0,0.001060132,16.67,0.15,4
178.0,181.0,104.9926402654,2800.0,0.0017495274,16.67,0.15,4
179.0,797.0,52.9493301341,2800.0,0.0008823124,16.67,0.15,4
179.0,687.0,71.5490098325,2800.0,0.001192245,16.67,0.15,4
180.0,693.0,107.9398897278,2800.0,0.0017986384,16.67,0.15,4
181.0,182.0,51.5091382191,2800.0,0.000858314,16.67,0.15,4
181.0,183.0,146.2404949659,2800.0,0.0024368542,16.67,0.15,4
182.0,184.0,52.950656431,2800.0,0.0008823345,16.67,0.15,4
182.0,185.0,146.234042444,2800.0,0.0024367467,16.67,0.15,4
183.0,797.0,52.1507144486,2800.0,0.0008690048,16.67,0.15,4
183.0,185.0,51.6549480608,2800.0,0.0008607437,16.67,0.15,4
184.0,186.0,146.489731475,2800.0,0.0024410073,16.67,0.15,4
184.0,187.0,105.7776114345,2800.0,0.0017626077,16.67,0.15,4
184.0,188.0,146.2277485885,2800.0,0.0024366418,16.67,0.15,4
185.0,188.0,53.6704000897,2800.0,0.0008943278,16.67,0.15,4
186.0,694.0,52.5267004924,2800.0,0.00087527,16.67,0.15,4
186.0,692.0,105.7670949962,2800.0,0.0017624324,16.67,0.15,4
186.0,695.0,156.1702004434,2800.0,0.0026023162,16.67,0.15,4
187.0,189.0,146.0500742674,2800.0,0.0024336812,16.67,0.15,4
187.0,190.0,52.4275094535,2800.0,0.0008736171,16.67,0.15,4
187.0,191.0,138.6280693461,2800.0,0.0023100058,16.67,0.15,4
188.0,191.0,112.6468162091,2800.0,0.0018770715,16.67,0.15,4
189.0,694.0,52.3080123858,2800.0,0.0008716259,16.67,0.15,4
189.0,468.0,147.4144974254,2800.0,0.002456417,16.67,0.15,4
190.0,192.0,52.1803900545,2800.0,0.0008694993,16.67,0.15,4
191.0,475.0,112.3425643074,2800.0,0.0018720017,16.67,0.15,4
192.0,193.0,52.6292985505,2800.0,0.0008769796,16.67,0.15,4
192.0,475.0,146.3183337827,5250.0,0.0018291621,22.22,0.15,4
193.0,474.0,146.2216967694,2800.0,0.002436541,16.67,0.15,4
194.0,196.0,52.3081720826,2800.0,0.0008716285,16.67,0.15,4
194.0,474.0,52.5056912176,2800.0,0.0008749199,16.67,0.15,4
195.0,196.0,146.3196770526,2800.0,0.0024381736,16.67,0.15,4
195.0,197.0,52.282185494,2800.0,0.0008711955,16.67,0.15,4
196.0,198.0,52.5417118848,2800.0,0.0008755201,16.67,0.15,4
197.0,198.0,146.3970123113,2800.0,0.0024394623,16.67,0.15,4
197.0,199.0,146.1997608047,2800.0,0.0024361754,16.67,0.15,4
197.0,200.0,52.4167521639,2800.0,0.0008734378,16.67,0.15,4
198.0,201.0,52.4903706226,2800.0,0.0008746646,16.67,0.15,4
199.0,697.0,146.0428963039,2800.0,0.0024335616,16.67,0.15,4
199.0,698.0,52.4246659773,2800.0,0.0008735697,16.67,0.15,4
200.0,201.0,145.4425439913,2800.0,0.0024235577,16.67,0.15,4
200.0,202.0,52.5623915157,2800.0,0.0008758647,16.67,0.15,4
200.0,698.0,146.2891974882,2800.0,0.0024376658,16.67,0.15,4
201.0,204.0,61.8597697288,2800.0,0.00103079,16.67,0.15,4
202.0,203.0,146.3940122512,2800.0,0.0024394123,16.67,0.15,4
202.0,204.0,140.0934575258,2800.0,0.0023344241,16.67,0.15,4
203.0,699.0,146.0481334385,2800.0,0.0024336488,16.67,0.15,4
203.0,698.0,52.5001725094,2800.0,0.0008748279,16.67,0.15,4
205.0,206.0,44.1077067544,2800.0,0.0007349814,16.67,0.15,4
205.0,207.0,58.1785874705,2800.0,0.0009694492,16.67,0.15,4
205.0,208.0,146.2722295319,2800.0,0.002437383,16.67,0.15,4
205.0,209.0,140.3073882389,2800.0,0.0023379889,16.67,0.15,4
206.0,890.0,148.4888570236,2800.0,0.0024743194,16.67,0.15,4
207.0,701.0,139.5742234605,2800.0,0.0023257719,16.67,0.15,4
208.0,701.0,54.3827527975,2800.0,0.000906198,16.67,0.15,4
208.0,890.0,54.688734325,2800.0,0.0009112966,16.67,0.15,4
208.0,810.0,292.6404634858,2800.0,0.0048763658,16.67,0.15,4
209.0,798.0,117.2785205277,2800.0,0.0019542512,16.67,0.15,4
209.0,551.0,117.7092521564,2800.0,0.0019614286,16.67,0.15,4
210.0,211.0,104.9341855264,2800.0,0.0017485534,16.67,0.15,4
210.0,212.0,140.6675630128,5250.0,0.0017585204,22.22,0.15,4
210.0,213.0,146.1499914311,5250.0,0.0018270576,22.22,0.15,4
211.0,214.0,104.9684780619,2800.0,0.0017491248,16.67,0.15,4
211.0,215.0,146.1642583489,5250.0,0.001827236,22.22,0.15,4
211.0,741.0,138.9253598425,5250.0,0.0017367407,22.22,0.15,4
212.0,422.0,63.0192726901,2800.0,0.0010501112,16.67,0.15,4
212.0,608.0,116.8960963543,2800.0,0.0019478787,16.67,0.15,4
212.0,741.0,118.5122597489,1300.0,0.0029631028,11.11,0.15,4
213.0,420.0,146.2830894315,5250.0,0.0018287215,22.22,0.15,4
213.0,421.0,104.8864050646,2800.0,0.0017477572,16.67,0.15,4
213.0,215.0,105.1461329888,2800.0,0.0017520851,16.67,0.15,4
214.0,216.0,107.24337923,2800.0,0.0017870322,16.67,0.15,4
214.0,217.0,146.3243019168,5250.0,0.0018292367,22.22,0.15,4
214.0,310.0,146.179846485,5250.0,0.0018274308,22.22,0.15,4
215.0,310.0,104.9661881691,2800.0,0.0017490867,16.67,0.15,4
215.0,707.0,146.2891876606,5250.0,0.0018287977,22.22,0.15,4
216.0,218.0,146.249760815,7000.0,0.0018283048,22.22,0.15,4
216.0,219.0,146.2023634129,7000.0,0.0018277123,22.22,0.15,4
217.0,218.0,107.1979255702,2800.0,0.0017862748,16.67,0.15,4
217.0,741.0,112.6101139513,2800.0,0.0018764599,16.67,0.15,4
219.0,308.0,146.306338548,7000.0,0.0018290121,22.22,0.15,4
219.0,310.0,107.284524822,2800.0,0.0017877179,16.67,0.15,4
220.0,221.0,200.3823165321,2800.0,0.0033390375,16.67,0.15,4
220.0,434.0,63.1555053587,5250.0,0.0007895228,22.22,0.15,4
220.0,434.0,66.5745252525,1300.0,0.0016645296,11.11,0.15,4
220.0,495.0,78.6986734643,5250.0,0.0009838318,22.22,0.15,4
221.0,222.0,34.5775311878,5250.0,0.0004322624,22.22,0.15,4
221.0,436.0,63.5691193125,5250.0,0.0007946935,22.22,0.15,4
222.0,648.0,67.7202079122,1300.0,0.0016931745,11.11,0.15,4
222.0,496.0,36.148138614,5250.0,0.0004518969,22.22,0.15,4
223.0,224.0,55.3977149165,8750.0,0.0006925407,22.22,0.15,4
223.0,225.0,90.9221089607,8750.0,0.00113664,22.22,0.15,4
223.0,226.0,277.1575572052,2800.0,0.0046183689,16.67,0.15,4
223.0,428.0,276.8438647382,2800.0,0.0046131418,16.67,0.15,4
224.0,227.0,191.0619815866,2800.0,0.0031837296,16.67,0.15,4
224.0,228.0,67.4002161425,5250.0,0.000842587,22.22,0.15,4
225.0,425.0,287.7240948394,2800.0,0.0047944427,16.67,0.15,4
225.0,782.0,110.2511829137,2800.0,0.0018371523,16.67,0.15,4
225.0,536.0,61.6381178311,1300.0,0.0015411071,11.11,0.15,4
225.0,536.0,81.6473851826,2800.0,0.0013605176,16.67,0.15,4
226.0,689.0,136.5855036082,5250.0,0.0017074895,22.22,0.15,4
226.0,586.0,140.5519279794,7000.0,0.0017570748,22.22,0.15,4
227.0,229.0,67.9143414342,2800.0,0.0011316794,16.67,0.15,4
228.0,229.0,191.4446494552,2800.0,0.0031901061,16.67,0.15,4
228.0,230.0,276.5312775023,2800.0,0.004607933,16.67,0.15,4
228.0,231.0,67.0201703432,5250.0,0.0008378359,22.22,0.15,4
229.0,689.0,97.9500901778,2800.0,0.0016321751,16.67,0.15,4
230.0,428.0,125.3997403121,5250.0,0.0015676535,22.22,0.15,4
230.0,429.0,177.351683893,2800.0,0.0029552703,16.67,0.15,4
230.0,430.0,66.7093511665,7000.0,0.0008339503,22.22,0.15,4
231.0,232.0,57.9075887594,5250.0,0.0007239173,22.22,0.15,4
231.0,233.0,137.6234766364,2800.0,0.002293266,16.67,0.15,4
231.0,709.0,276.6422715656,2800.0,0.0046097826,16.67,0.15,4
232.0,234.0,277.2083099993,2800.0,0.0046192147,16.67,0.15,4
232.0,235.0,65.2832076879,7000.0,0.0008161217,22.22,0.15,4
232.0,433.0,137.6966807462,2800.0,0.0022944858,16.67,0.15,4
233.0,433.0,57.4098969605,2800.0,0.0009566403,16.67,0.15,4
233.0,430.0,138.8557541997,2800.0,0.0023137998,16.67,0.15,4
234.0,491.0,63.8673932575,7000.0,0.0007984223,22.22,0.15,4
234.0,709.0,59.1754019713,7000.0,0.0007397665,22.22,0.15,4
235.0,236.0,72.3944631394,5250.0,0.0009050213,22.22,0.15,4
235.0,237.0,68.1057329653,10500.0,0.0008514068,22.22,0.15,4
235.0,493.0,50.7178976025,7000.0,0.0006340371,22.22,0.15,4
235.0,493.0,54.3304648331,1300.0,0.0013583975,11.11,0.15,4
236.0,494.0,196.7115617109,2800.0,0.0032778705,16.67,0.15,4
236.0,495.0,70.5552985539,5250.0,0.0008820294,22.22,0.15,4
237.0,238.0,60.6635138258,10500.0,0.0007583698,22.22,0.15,4
237.0,492.0,276.5747873505,2800.0,0.0046086581,16.67,0.15,4
238.0,239.0,276.3953891533,1300.0,0.0069105758,11.11,0.15,4
238.0,240.0,70.1047428225,10500.0,0.0008763969,22.22,0.15,4
239.0,492.0,60.3098041999,5250.0,0.0007539479,22.22,0.15,4
239.0,643.0,68.5255611547,7000.0,0.0008566552,22.22,0.15,4
239.0,759.0,134.9732674026,1300.0,0.0033746692,11.11,0.15,4
240.0,241.0,150.4056907279,5250.0,0.0018802592,22.22,0.15,4
240.0,242.0,64.8937972199,10500.0,0.0008112536,22.22,0.15,4
240.0,494.0,65.2510321886,1300.0,0.0016314389,11.11,0.15,4
240.0,494.0,62.9472149158,5250.0,0.0007869189,22.22,0.15,4
241.0,645.0,66.7420704901,5250.0,0.0008343593,22.22,0.15,4
241.0,646.0,71.1271129949,2800.0,0.0011852148,16.67,0.15,4
242.0,243.0,57.3234066621,10500.0,0.0007166142,22.22,0.15,4
242.0,646.0,147.6828963451,2800.0,0.0024608894,16.67,0.15,4
243.0,244.0,67.9240676123,8750.0,0.0008491358,22.22,0.15,4
244.0,245.0,61.6013598443,8750.0,0.000770094,22.22,0.15,4
245.0,660.0,41.4852682903,8750.0,0.0005186177,22.22,0.15,4
245.0,494.0,205.4998598584,2800.0,0.0034243128,16.67,0.15,4
246.0,931.0,95.1114528996,7000.0,0.0011890121,22.22,0.15,4
246.0,764.0,1002.6297892273,2800.0,0.0167071551,16.67,0.15,4
247.0,248.0,284.2873790042,7000.0,0.0035539476,22.22,0.15,4
247.0,249.0,40.2791251367,2800.0,0.0006711845,16.67,0.15,4
248.0,439.0,231.6565982452,2800.0,0.0038601713,16.67,0.15,4
248.0,440.0,108.4704604182,5250.0,0.0013560164,22.22,0.15,4
249.0,748.0,235.3526176466,2800.0,0.0039217593,16.67,0.15,4
250.0,251.0,64.6848696237,2800.0,0.0010778656,16.67,0.15,4
250.0,256.0,67.3858469418,2800.0,0.0011228729,16.67,0.15,4
251.0,258.0,88.2932301564,2800.0,0.0014712596,16.67,0.15,4
252.0,253.0,77.2868215333,2800.0,0.0012878561,16.67,0.15,4
253.0,254.0,110.6902394945,2800.0,0.0018444684,16.67,0.15,4
253.0,255.0,103.160965546,2800.0,0.0017190056,16.67,0.15,4
253.0,579.0,102.963131387,2800.0,0.001715709,16.67,0.15,4
254.0,577.0,188.0407471426,2800.0,0.0031333858,16.67,0.15,4
254.0,578.0,92.0296971873,2800.0,0.0015335216,16.67,0.15,4
255.0,256.0,102.5135988131,2800.0,0.0017082183,16.67,0.15,4
256.0,257.0,104.9486394884,2800.0,0.0017487942,16.67,0.15,4
256.0,577.0,119.8016788224,2800.0,0.0019962954,16.67,0.15,4
257.0,579.0,178.2691205012,2800.0,0.0029705579,16.67,0.15,4
257.0,259.0,182.973769471,2800.0,0.003048953,16.67,0.15,4
257.0,867.0,90.5989395484,2800.0,0.0015096804,16.67,0.15,4
258.0,259.0,105.1616867396,5250.0,0.0013146525,22.22,0.15,4
258.0,815.0,203.3032969926,5250.0,0.0025415454,22.22,0.15,4
260.0,261.0,143.1978406355,2800.0,0.0023861534,16.67,0.15,4
260.0,262.0,131.7178383167,2800.0,0.0021948583,16.67,0.15,4
260.0,263.0,84.5119005885,2800.0,0.00140825,16.67,0.15,4
261.0,264.0,85.474196256,2800.0,0.0014242851,16.67,0.15,4
261.0,265.0,86.6812274471,2800.0,0.0014443982,16.67,0.15,4
261.0,266.0,144.0753255493,2800.0,0.0024007753,16.67,0.15,4
262.0,320.0,32.6084695555,2800.0,0.0005433658,16.67,0.15,4
262.0,321.0,73.1468890116,2800.0,0.001218871,16.67,0.15,4
263.0,442.0,30.7378032173,2800.0,0.0005121943,16.67,0.15,4
263.0,265.0,142.3920638053,2800.0,0.0023727265,16.67,0.15,4
264.0,267.0,144.8594641717,2800.0,0.0024138416,16.67,0.15,4
265.0,268.0,143.374421428,2800.0,0.0023890959,16.67,0.15,4
265.0,591.0,85.1477768583,2800.0,0.0014188458,16.67,0.15,4
266.0,267.0,83.4684003157,5250.0,0.0010434593,22.22,0.15,4
266.0,268.0,85.300276441,7000.0,0.0010663601,22.22,0.15,4
267.0,581.0,85.2449318061,7000.0,0.0010656682,22.22,0.15,4
268.0,592.0,87.8046712811,7000.0,0.0010976682,22.22,0.15,4
269.0,667.0,84.8332987668,2800.0,0.0014136056,16.67,0.15,4
270.0,666.0,90.1601317998,7000.0,0.0011271144,22.22,0.15,4
270.0,667.0,73.7807820712,7000.0,0.000922352,22.22,0.15,4
270.0,950.0,63.1040397936,1300.0,0.0015777588,11.11,0.15,4
271.0,272.0,208.1187763847,2800.0,0.0034679527,16.67,0.15,4
271.0,273.0,198.5539925078,2800.0,0.0033085715,16.67,0.15,4
271.0,893.0,112.6293307535,2800.0,0.0018767802,16.67,0.15,4
271.0,894.0,151.3038349621,2800.0,0.0025212263,16.67,0.15,4
271.0,903.0,99.6898803283,2800.0,0.0016611658,16.67,0.15,4
272.0,946.0,263.0264688717,2800.0,0.0043828979,16.67,0.15,4
273.0,901.0,53.1207884901,2800.0,0.0008851694,16.67,0.15,4
273.0,902.0,173.2449279806,1300.0,0.0043315564,11.11,0.15,4
273.0,897.0,161.2417347206,2800.0,0.0026868249,16.67,0.15,4
273.0,903.0,92.4199056492,2800.0,0.0015400238,16.67,0.15,4
274.0,275.0,108.1476650425,2800.0,0.0018021007,16.67,0.15,4
274.0,276.0,104.4445104703,2800.0,0.0017403938,16.67,0.15,4
274.0,277.0,107.5528553857,5250.0,0.0013445451,22.22,0.15,4
275.0,811.0,50.6567538148,2800.0,0.0008441104,16.67,0.15,4
276.0,278.0,104.6506258615,2800.0,0.0017438283,16.67,0.15,4
276.0,796.0,107.1086453835,2800.0,0.0017847871,16.67,0.15,4
277.0,796.0,104.9125041883,7000.0,0.0013115375,22.22,0.15,4
277.0,553.0,212.6135757656,7000.0,0.0026579355,22.22,0.15,4
278.0,279.0,107.501943184,5250.0,0.0013439087,22.22,0.15,4
278.0,280.0,104.5865725071,2800.0,0.001742761,16.67,0.15,4
279.0,723.0,104.4896083583,5250.0,0.0013062507,22.22,0.15,4
279.0,282.0,104.4462724544,7000.0,0.001305709,22.22,0.15,4
279.0,796.0,104.5910173833,7000.0,0.0013075185,22.22,0.15,4
280.0,281.0,73.1123062296,2800.0,0.0012182948,16.67,0.15,4
280.0,282.0,107.108400878,5250.0,0.0013389889,22.22,0.15,4
281.0,283.0,72.7497707407,2800.0,0.0012122537,16.67,0.15,4
282.0,385.0,105.1549559069,5250.0,0.0013145684,22.22,0.15,4
282.0,285.0,145.8546930859,5250.0,0.001823366,22.22,0.15,4
283.0,284.0,145.3800309709,7000.0,0.0018174321,22.22,0.15,4
283.0,285.0,107.0306872075,5250.0,0.0013380174,22.22,0.15,4
284.0,286.0,136.0517042609,7000.0,0.0017008164,22.22,0.15,4
284.0,473.0,107.2733208272,7000.0,0.0013410506,22.22,0.15,4
285.0,473.0,145.4908383051,7000.0,0.0018188174,22.22,0.15,4
285.0,472.0,104.7172001476,7000.0,0.0013090959,22.22,0.15,4
286.0,287.0,142.2090307344,2800.0,0.0023696766,16.67,0.15,4
286.0,725.0,107.38341282,1300.0,0.0026848538,11.11,0.15,4
287.0,288.0,107.5525811653,2800.0,0.0017921846,16.67,0.15,4
287.0,289.0,145.964917631,2800.0,0.0024322622,16.67,0.15,4
288.0,726.0,105.6233515532,2800.0,0.0017600372,16.67,0.15,4
288.0,290.0,146.2366648825,2800.0,0.0024367904,16.67,0.15,4
288.0,725.0,142.282396626,2800.0,0.0023708991,16.67,0.15,4
289.0,290.0,108.0691056128,2800.0,0.0018007916,16.67,0.15,4
289.0,290.0,115.7410751698,2800.0,0.0019286322,16.67,0.15,4
289.0,291.0,146.4171978442,7000.0,0.001830398,22.22,0.15,4
290.0,397.0,104.9028114508,2800.0,0.0017480306,16.67,0.15,4
290.0,397.0,112.8376163719,2800.0,0.0018802509,16.67,0.15,4
290.0,292.0,146.3468993306,7000.0,0.0018295192,22.22,0.15,4
291.0,292.0,107.4133357858,2800.0,0.0017898643,16.67,0.15,4
291.0,293.0,80.1853535239,7000.0,0.0010024172,22.22,0.15,4
292.0,727.0,104.7843258462,2800.0,0.0017460562,16.67,0.15,4
292.0,728.0,146.6648822024,7000.0,0.0018334944,22.22,0.15,4
293.0,294.0,66.5987390559,7000.0,0.0008325675,22.22,0.15,4
294.0,295.0,146.2165183881,2800.0,0.0024364547,16.67,0.15,4
294.0,728.0,107.6543026687,2800.0,0.0017938796,16.67,0.15,4
295.0,296.0,107.3928487346,2800.0,0.0017895229,16.67,0.15,4
295.0,297.0,146.3942190848,2800.0,0.0024394158,16.67,0.15,4
296.0,729.0,104.7020204856,5250.0,0.0013089061,22.22,0.15,4
296.0,730.0,146.3636699228,5250.0,0.0018297288,22.22,0.15,4
296.0,728.0,146.2209091171,7000.0,0.0018279442,22.22,0.15,4
297.0,298.0,146.3219795754,7000.0,0.0018292077,22.22,0.15,4
297.0,730.0,107.0870200158,2800.0,0.0017844268,16.67,0.15,4
298.0,299.0,107.2271612026,5250.0,0.0013404736,22.22,0.15,4
298.0,300.0,146.5356901102,7000.0,0.0018318793,22.22,0.15,4
299.0,733.0,146.2592301455,5250.0,0.0018284232,22.22,0.15,4
299.0,731.0,104.9642351629,5250.0,0.0013121842,22.22,0.15,4
299.0,730.0,146.4804772637,5250.0,0.0018311891,22.22,0.15,4
300.0,301.0,146.2820865578,7000.0,0.001828709,22.22,0.15,4
300.0,733.0,107.6022230769,2800.0,0.0017930118,16.67,0.15,4
301.0,302.0,149.7450697482,2800.0,0.0024952521,16.67,0.15,4
301.0,303.0,107.4862152818,2800.0,0.0017910787,16.67,0.15,4
302.0,304.0,122.3301136158,7000.0,0.0015292793,22.22,0.15,4
302.0,304.0,111.3446419973,2800.0,0.001855373,16.67,0.15,4
302.0,305.0,148.3561028863,2800.0,0.0024721073,16.67,0.15,4
303.0,734.0,104.9642826017,2800.0,0.0017490549,16.67,0.15,4
303.0,304.0,146.9920932928,5250.0,0.0018375849,22.22,0.15,4
303.0,733.0,146.41679895,5250.0,0.001830393,22.22,0.15,4
304.0,738.0,146.3070218369,5250.0,0.0018290207,22.22,0.15,4
304.0,735.0,123.7027421458,2800.0,0.0020613001,16.67,0.15,4
304.0,735.0,107.9119321953,2800.0,0.0017981726,16.67,0.15,4
305.0,306.0,146.405995294,7000.0,0.001830258,22.22,0.15,4
305.0,738.0,107.4081203584,7000.0,0.0013427358,22.22,0.15,4
306.0,307.0,107.3659428631,5250.0,0.0013422085,22.22,0.15,4
306.0,308.0,146.3126488468,7000.0,0.001829091,22.22,0.15,4
307.0,739.0,104.9656877957,5250.0,0.0013122023,22.22,0.15,4
307.0,309.0,146.5544705609,5250.0,0.0018321141,22.22,0.15,4
307.0,738.0,146.2499323911,7000.0,0.001828307,22.22,0.15,4
308.0,309.0,107.3613032964,2800.0,0.0017889973,16.67,0.15,4
309.0,707.0,104.964616443,2800.0,0.0017490605,16.67,0.15,4
309.0,310.0,146.2957025232,5250.0,0.0018288792,22.22,0.15,4
311.0,312.0,91.2307132003,2800.0,0.0015202078,16.67,0.15,4
311.0,313.0,90.7501572577,2800.0,0.0015122002,16.67,0.15,4
312.0,314.0,158.1204455475,2800.0,0.0026348138,16.67,0.15,4
312.0,315.0,84.5381727575,2800.0,0.0014086878,16.67,0.15,4
314.0,319.0,155.0703422355,2800.0,0.0025839889,16.67,0.15,4
314.0,668.0,50.6788808265,2800.0,0.0008444791,16.67,0.15,4
314.0,318.0,105.048284266,2800.0,0.0017504546,16.67,0.15,4
315.0,461.0,106.8431557005,5250.0,0.001335673,22.22,0.15,4
315.0,462.0,73.0844184961,5250.0,0.0009136466,22.22,0.15,4
316.0,317.0,193.2854568097,7000.0,0.0024163098,22.22,0.15,4
316.0,318.0,60.6360682952,7000.0,0.0007580267,22.22,0.15,4
316.0,319.0,60.8497121177,7000.0,0.0007606975,22.22,0.15,4
317.0,657.0,95.1762070586,7000.0,0.0011898216,22.22,0.15,4
317.0,565.0,179.484575078,5250.0,0.0022437816,22.22,0.15,4
318.0,668.0,82.2982842844,5250.0,0.0010288314,22.22,0.15,4
320.0,455.0,59.4786055262,2800.0,0.0009911119,16.67,0.15,4
321.0,440.0,182.0051095989,2800.0,0.0030328119,16.67,0.15,4
321.0,442.0,117.3765162545,2800.0,0.0019558841,16.67,0.15,4
322.0,323.0,45.3383564533,7000.0,0.0005667861,22.22,0.15,4
322.0,324.0,216.3650171392,2800.0,0.0036053625,16.67,0.15,4
322.0,325.0,53.4772677575,7000.0,0.0006685327,22.22,0.15,4
323.0,517.0,51.317354826,7000.0,0.0006415311,22.22,0.15,4
323.0,324.0,216.2980302668,2800.0,0.0036042463,16.67,0.15,4
324.0,505.0,191.9144997735,2800.0,0.0031979354,16.67,0.15,4
324.0,506.0,73.9658288303,5250.0,0.0009246653,22.22,0.15,4
324.0,504.0,80.5646926402,5250.0,0.0010071594,22.22,0.15,4
325.0,518.0,75.6545145157,7000.0,0.000945776,22.22,0.15,4
325.0,777.0,74.2081704879,2800.0,0.0012365555,16.67,0.15,4
325.0,712.0,67.7955115544,7000.0,0.0008475286,22.22,0.15,4
326.0,328.0,93.173614895,2800.0,0.0015525831,16.67,0.15,4
326.0,330.0,94.1321638198,2800.0,0.0015685557,16.67,0.15,4
327.0,622.0,65.9996861892,2800.0,0.0010997748,16.67,0.15,4
328.0,329.0,91.877008487,2800.0,0.0015309773,16.67,0.15,4
329.0,330.0,91.7523249296,2800.0,0.0015288996,16.67,0.15,4
329.0,331.0,53.4233161673,2800.0,0.0008902106,16.67,0.15,4
330.0,332.0,39.7494642563,2800.0,0.0006623586,16.67,0.15,4
331.0,333.0,56.3557399862,8750.0,0.0007045172,22.22,0.15,4
331.0,353.0,56.3615075349,7000.0,0.0007045893,22.22,0.15,4
332.0,354.0,39.6526102338,2800.0,0.0006607447,16.67,0.15,4
332.0,353.0,138.3608828007,2800.0,0.0023055536,16.67,0.15,4
334.0,335.0,210.9452637951,2800.0,0.0035150514,16.67,0.15,4
334.0,336.0,59.4364018352,2800.0,0.0009904086,16.67,0.15,4
334.0,340.0,53.5559996891,2800.0,0.0008924215,16.67,0.15,4
335.0,564.0,106.9095668757,5250.0,0.0013365032,22.22,0.15,4
335.0,563.0,99.1878250464,5250.0,0.0012399718,22.22,0.15,4
335.0,336.0,217.4872711679,2800.0,0.003624063,16.67,0.15,4
335.0,945.0,64.5768875845,1300.0,0.0016145836,11.11,0.15,4
335.0,945.0,45.1066902272,5250.0,0.00056389,22.22,0.15,4
336.0,889.0,113.6680125747,1300.0,0.0028419845,11.11,0.15,4
336.0,889.0,91.2184921442,5250.0,0.0011403452,22.22,0.15,4
336.0,873.0,44.9614693021,2800.0,0.000749208,16.67,0.15,4
336.0,888.0,53.9064837592,5250.0,0.0006738984,22.22,0.15,4
336.0,882.0,57.9373522442,2800.0,0.0009654295,16.67,0.15,4
336.0,862.0,47.9273958722,2800.0,0.0007986302,16.67,0.15,4
336.0,872.0,51.9336113707,5250.0,0.0006492351,22.22,0.15,4
337.0,338.0,96.3846380391,2800.0,0.0016060894,16.67,0.15,4
337.0,339.0,178.7021660995,7000.0,0.0022340005,22.22,0.15,4
337.0,340.0,36.1952666429,7000.0,0.0004524861,22.22,0.15,4
337.0,566.0,66.2795294031,2800.0,0.0011044379,16.67,0.15,4
338.0,564.0,96.123553887,2800.0,0.0016017389,16.67,0.15,4
338.0,656.0,178.5547752416,2800.0,0.0029753179,16.67,0.15,4
339.0,567.0,81.056782618,1300.0,0.0020266222,11.11,0.15,4
339.0,830.0,115.7861426249,5250.0,0.0014474715,22.22,0.15,4
339.0,656.0,96.3800501496,2800.0,0.001606013,16.67,0.15,4
340.0,888.0,64.2913132976,2800.0,0.0010713076,16.67,0.15,4
341.0,342.0,75.3918984513,5250.0,0.000942493,22.22,0.15,4
341.0,343.0,50.7651266768,5250.0,0.0006346275,22.22,0.15,4
342.0,512.0,171.9063296105,2800.0,0.0028645326,16.67,0.15,4
342.0,509.0,70.5892984524,5250.0,0.0008824545,22.22,0.15,4
343.0,654.0,58.7173131553,5250.0,0.0007340398,22.22,0.15,4
343.0,655.0,88.8181241945,5250.0,0.0011103376,22.22,0.15,4
343.0,666.0,189.0320829988,5250.0,0.0023631374,22.22,0.15,4
344.0,575.0,200.2557784001,2800.0,0.0033369289,16.67,0.15,4
344.0,813.0,107.2890507635,5250.0,0.0013412473,22.22,0.15,4
344.0,850.0,199.417359923,2800.0,0.0033229581,16.67,0.15,4
344.0,849.0,88.5162471481,5250.0,0.0011065637,22.22,0.15,4
345.0,346.0,150.1356001923,1300.0,0.0037537654,11.11,0.15,4
345.0,346.0,119.5000342526,2800.0,0.001991269,16.67,0.15,4
345.0,347.0,112.919722759,7000.0,0.0014116377,22.22,0.15,4
346.0,348.0,43.4210033051,10500.0,0.0005428168,22.22,0.15,4
347.0,902.0,79.4689521435,2800.0,0.0013242177,16.67,0.15,4
347.0,901.0,54.9714678966,7000.0,0.0006872121,22.22,0.15,4
348.0,349.0,69.3779468065,12250.0,0.0008673111,22.22,0.15,4
348.0,765.0,275.0367968579,1300.0,0.0068766076,11.11,0.15,4
349.0,883.0,31.5884058723,7000.0,0.0003948946,22.22,0.15,4
349.0,636.0,289.3588594009,2800.0,0.0048216833,16.67,0.15,4
349.0,834.0,280.5446159604,5250.0,0.0035071584,22.22,0.15,4
350.0,351.0,192.3865059886,7000.0,0.0024050718,22.22,0.15,4
350.0,352.0,209.9486311857,2800.0,0.0034984442,16.67,0.15,4
350.0,883.0,105.9266672211,7000.0,0.0013242158,22.22,0.15,4
351.0,353.0,39.8551619562,7000.0,0.0004982393,22.22,0.15,4
351.0,354.0,138.8092668849,5250.0,0.0017352894,22.22,0.15,4
352.0,623.0,193.7572272951,2800.0,0.0032286414,16.67,0.15,4
352.0,624.0,66.6979171789,5250.0,0.0008338073,22.22,0.15,4
354.0,623.0,71.4504644795,5250.0,0.0008932201,22.22,0.15,4
355.0,356.0,76.6132093119,8750.0,0.0009577609,22.22,0.15,4
355.0,952.0,337.2138763967,2800.0,0.0056191075,16.67,0.15,4
356.0,357.0,119.9160860699,7000.0,0.001499101,22.22,0.15,4
356.0,358.0,201.1338712386,7000.0,0.0025144248,22.22,0.15,4
356.0,359.0,136.6224596832,8750.0,0.0017079515,22.22,0.15,4
357.0,659.0,67.9353600542,2800.0,0.0011320296,16.67,0.15,4
358.0,360.0,71.2266425034,2800.0,0.0011868733,16.67,0.15,4
358.0,360.0,71.6853764231,1300.0,0.0017923136,11.11,0.15,4
358.0,361.0,67.3143626254,8750.0,0.0008415137,22.22,0.15,4
358.0,640.0,173.0017757741,7000.0,0.0021627385,22.22,0.15,4
359.0,635.0,73.075649782,8750.0,0.000913537,22.22,0.15,4
359.0,488.0,195.9660592907,2800.0,0.0032654479,16.67,0.15,4
360.0,488.0,71.3846384687,7000.0,0.0008923972,22.22,0.15,4
361.0,362.0,124.3583217706,8750.0,0.0015546345,22.22,0.15,4
362.0,363.0,128.3414772378,7000.0,0.0016044289,22.22,0.15,4
362.0,364.0,277.3095219806,7000.0,0.0034667157,22.22,0.15,4
362.0,487.0,136.8664879498,5250.0,0.0017110022,22.22,0.15,4
363.0,365.0,187.863153012,1300.0,0.0046970485,11.11,0.15,4
363.0,366.0,66.7998426898,10500.0,0.0008350815,22.22,0.15,4
364.0,489.0,124.5778254165,7000.0,0.0015573786,22.22,0.15,4
364.0,490.0,191.0083076254,2800.0,0.0031828352,16.67,0.15,4
364.0,708.0,128.4869283614,5250.0,0.0016062472,22.22,0.15,4
365.0,720.0,59.747212732,2800.0,0.0009955878,16.67,0.15,4
365.0,530.0,65.4160486752,2800.0,0.0010900495,16.67,0.15,4
365.0,629.0,88.4695303007,1300.0,0.0022119595,11.11,0.15,4
366.0,367.0,94.8802125579,7000.0,0.0011861213,22.22,0.15,4
366.0,368.0,65.9322121849,7000.0,0.0008242351,22.22,0.15,4
366.0,369.0,278.3545322009,2800.0,0.0046383145,16.67,0.15,4
367.0,530.0,94.2345666774,7000.0,0.0011780499,22.22,0.15,4
367.0,371.0,67.2284663874,1300.0,0.0016808797,11.11,0.15,4
368.0,370.0,55.341627235,7000.0,0.0006918395,22.22,0.15,4
368.0,371.0,93.0361109777,2800.0,0.0015502918,16.67,0.15,4
369.0,708.0,64.7705653149,5250.0,0.000809713,22.22,0.15,4
369.0,689.0,263.7203207421,8750.0,0.0032968337,22.22,0.15,4
369.0,670.0,234.7674090184,7000.0,0.0029348861,22.22,0.15,4
370.0,371.0,147.9812524454,1300.0,0.0036999013,11.11,0.15,4
370.0,372.0,116.9250367213,7000.0,0.0014617091,22.22,0.15,4
371.0,529.0,97.183122846,2800.0,0.0016193948,16.67,0.15,4
372.0,671.0,138.7854014178,2800.0,0.0023126275,16.67,0.15,4
372.0,826.0,52.9763589216,7000.0,0.0006622707,22.22,0.15,4
373.0,374.0,196.8211380987,2800.0,0.0032796964,16.67,0.15,4
373.0,375.0,109.0715606009,5250.0,0.0013635309,22.22,0.15,4
373.0,376.0,198.3621496409,2800.0,0.0033053748,16.67,0.15,4
373.0,377.0,108.9752554845,7000.0,0.0013623269,22.22,0.15,4
374.0,892.0,217.6721089909,2800.0,0.0036271431,16.67,0.15,4
374.0,811.0,84.4919902243,2800.0,0.0014079183,16.67,0.15,4
375.0,380.0,194.5408611684,2800.0,0.0032416993,16.67,0.15,4
375.0,559.0,83.8759025659,5250.0,0.0010485536,22.22,0.15,4
375.0,892.0,83.0650618274,2800.0,0.0013841409,16.67,0.15,4
376.0,378.0,189.0918778694,2800.0,0.0031509011,16.67,0.15,4
376.0,379.0,109.2844395312,7000.0,0.0013661921,22.22,0.15,4
376.0,380.0,108.6581435519,5250.0,0.0013583626,22.22,0.15,4
377.0,553.0,108.7854060448,7000.0,0.0013599536,22.22,0.15,4
377.0,811.0,209.5282643262,5250.0,0.0026193652,22.22,0.15,4
377.0,379.0,193.3484618117,5250.0,0.0024170975,22.22,0.15,4
378.0,381.0,194.3688142305,2800.0,0.0032388325,16.67,0.15,4
378.0,382.0,117.7246520045,2800.0,0.0019616852,16.67,0.15,4
378.0,383.0,109.3486467052,2800.0,0.001822113,16.67,0.15,4
379.0,477.0,112.2070734499,7000.0,0.0014027287,22.22,0.15,4
379.0,932.0,72.7371119586,2800.0,0.0012120428,16.67,0.15,4
379.0,932.0,75.0333170534,1300.0,0.0018760205,11.11,0.15,4
380.0,476.0,53.8822789908,7000.0,0.0006735958,22.22,0.15,4
382.0,884.0,217.5155551127,2800.0,0.0036245343,16.67,0.15,4
382.0,476.0,217.6490372517,2800.0,0.0036267586,16.67,0.15,4
383.0,932.0,119.9583508376,5250.0,0.0014996293,22.22,0.15,4
384.0,385.0,125.9831569236,2800.0,0.0020992994,16.67,0.15,4
384.0,386.0,166.8582318425,5250.0,0.0020859365,22.22,0.15,4
385.0,724.0,54.8604861709,5250.0,0.0006858247,22.22,0.15,4
385.0,472.0,145.632752295,2800.0,0.0024267272,16.67,0.15,4
386.0,387.0,146.9379616339,2800.0,0.0024484763,16.67,0.15,4
386.0,388.0,105.5522323242,2800.0,0.0017588521,16.67,0.15,4
386.0,472.0,105.3843648592,5250.0,0.0013174363,22.22,0.15,4
387.0,389.0,104.964215172,7000.0,0.0013121839,22.22,0.15,4
387.0,390.0,139.0912651458,5250.0,0.0017388147,22.22,0.15,4
387.0,598.0,104.9590455577,7000.0,0.0013121193,22.22,0.15,4
388.0,471.0,108.2382459758,2800.0,0.00180361,16.67,0.15,4
388.0,598.0,146.9875247389,2800.0,0.0024493022,16.67,0.15,4
389.0,472.0,146.8436261096,7000.0,0.0018357289,22.22,0.15,4
389.0,473.0,105.376814767,7000.0,0.0013173419,22.22,0.15,4
389.0,392.0,137.0761149409,7000.0,0.0017136228,22.22,0.15,4
390.0,391.0,95.7601773697,5250.0,0.0011971219,22.22,0.15,4
390.0,392.0,105.1696014764,2800.0,0.0017524762,16.67,0.15,4
390.0,393.0,104.9232050676,2800.0,0.0017483704,16.67,0.15,4
391.0,394.0,41.9798964138,7000.0,0.0005248012,22.22,0.15,4
391.0,958.0,57.164048021,2800.0,0.0009525436,16.67,0.15,4
392.0,725.0,105.1858413398,1300.0,0.002629909,11.11,0.15,4
392.0,726.0,135.7466148393,5250.0,0.0016970024,22.22,0.15,4
393.0,598.0,139.1049314336,5250.0,0.0017389855,22.22,0.15,4
393.0,800.0,52.5180115988,2800.0,0.0008751252,16.67,0.15,4
393.0,396.0,137.7582118858,5250.0,0.0017221499,22.22,0.15,4
394.0,395.0,145.4071843805,2800.0,0.0024229685,16.67,0.15,4
394.0,396.0,105.2473419147,2800.0,0.0017537716,16.67,0.15,4
394.0,958.0,31.0009232055,5250.0,0.0003875503,22.22,0.15,4
395.0,397.0,105.0475245462,2800.0,0.001750442,16.67,0.15,4
395.0,397.0,109.7327978181,2800.0,0.0018285143,16.67,0.15,4
395.0,398.0,146.9316518699,7000.0,0.0018368293,22.22,0.15,4
395.0,399.0,105.2798140018,2800.0,0.0017543127,16.67,0.15,4
396.0,934.0,36.4067759919,5250.0,0.0004551302,22.22,0.15,4
396.0,922.0,87.0686930312,7000.0,0.0010884675,22.22,0.15,4
397.0,726.0,150.0867564928,5250.0,0.0018762721,22.22,0.15,4
397.0,727.0,146.7624396804,5250.0,0.001834714,22.22,0.15,4
398.0,400.0,105.3913698411,2800.0,0.0017561716,16.67,0.15,4
398.0,401.0,146.4106334069,5250.0,0.0018303159,22.22,0.15,4
398.0,727.0,105.0108764668,2800.0,0.0017498313,16.67,0.15,4
399.0,924.0,52.7434128358,2800.0,0.0008788811,16.67,0.15,4
399.0,922.0,58.8530217078,2800.0,0.0009806876,16.67,0.15,4
399.0,922.0,61.587465398,1300.0,0.0015398406,11.11,0.15,4
399.0,400.0,146.2931650664,2800.0,0.0024377319,16.67,0.15,4
400.0,599.0,104.523734624,2800.0,0.0017417139,16.67,0.15,4
400.0,600.0,146.4776190526,7000.0,0.0018311534,22.22,0.15,4
401.0,402.0,105.0526768894,2800.0,0.0017505278,16.67,0.15,4
401.0,403.0,146.2487691782,5250.0,0.0018282924,22.22,0.15,4
401.0,600.0,105.3585242938,2800.0,0.0017556243,16.67,0.15,4
402.0,727.0,146.5259511069,5250.0,0.0018317576,22.22,0.15,4
402.0,728.0,104.7390972035,2800.0,0.0017453026,16.67,0.15,4
402.0,729.0,146.2434258429,5250.0,0.0018282256,22.22,0.15,4
403.0,404.0,146.2943162838,5250.0,0.0018288618,22.22,0.15,4
403.0,405.0,105.3232790436,5250.0,0.0013166727,22.22,0.15,4
403.0,729.0,105.0741092866,5250.0,0.0013135577,22.22,0.15,4
404.0,406.0,104.9437197231,2800.0,0.0017487123,16.67,0.15,4
404.0,407.0,146.6688311318,5250.0,0.0018335437,22.22,0.15,4
404.0,602.0,105.2939277864,2800.0,0.0017545479,16.67,0.15,4
405.0,600.0,146.2628616424,2800.0,0.0024372269,16.67,0.15,4
405.0,601.0,104.6247057046,5250.0,0.0013079396,22.22,0.15,4
405.0,602.0,146.2792024766,5250.0,0.0018286729,22.22,0.15,4
406.0,729.0,146.3224152821,5250.0,0.0018292131,22.22,0.15,4
406.0,730.0,104.8215130027,2800.0,0.0017466759,16.67,0.15,4
406.0,731.0,146.7187091619,5250.0,0.0018341673,22.22,0.15,4
407.0,408.0,105.2645026366,5250.0,0.0013159379,22.22,0.15,4
407.0,409.0,146.024153159,5250.0,0.0018254845,22.22,0.15,4
407.0,731.0,104.7875527661,5250.0,0.0013099754,22.22,0.15,4
408.0,602.0,146.6284936885,5250.0,0.0018330395,22.22,0.15,4
408.0,603.0,104.7380759051,5250.0,0.0013093569,22.22,0.15,4
408.0,604.0,146.0260415249,5250.0,0.0018255081,22.22,0.15,4
409.0,410.0,146.5177175606,5250.0,0.0018316546,22.22,0.15,4
409.0,411.0,52.3174524681,2800.0,0.0008717832,16.67,0.15,4
409.0,604.0,105.2197626659,2800.0,0.001753312,16.67,0.15,4
410.0,412.0,147.632083952,5250.0,0.0018455856,22.22,0.15,4
410.0,413.0,52.3352604313,2800.0,0.0008720799,16.67,0.15,4
410.0,414.0,105.1894998217,2800.0,0.0017528078,16.67,0.15,4
411.0,732.0,52.4629581869,2800.0,0.0008742078,16.67,0.15,4
411.0,413.0,146.4872561821,2800.0,0.0024409661,16.67,0.15,4
412.0,838.0,62.0704083565,5250.0,0.0007759577,22.22,0.15,4
412.0,415.0,124.1543800671,5250.0,0.001552085,22.22,0.15,4
412.0,415.0,109.9982096669,2800.0,0.0018329369,16.67,0.15,4
412.0,416.0,145.6083960119,2800.0,0.0024263213,16.67,0.15,4
412.0,735.0,105.8200029228,2800.0,0.0017633141,16.67,0.15,4
412.0,736.0,62.3593298275,2800.0,0.0010391143,16.67,0.15,4
413.0,734.0,52.4368467532,2800.0,0.0008737727,16.67,0.15,4
413.0,838.0,135.7077124156,2800.0,0.0022613429,16.67,0.15,4
414.0,604.0,146.5680529329,5250.0,0.0018322839,22.22,0.15,4
414.0,605.0,104.7275051641,2800.0,0.0017451094,16.67,0.15,4
414.0,415.0,147.2150442574,5250.0,0.0018403721,22.22,0.15,4
415.0,606.0,123.3783478324,2800.0,0.0020558946,16.67,0.15,4
415.0,606.0,108.222676952,2800.0,0.0018033506,16.67,0.15,4
415.0,607.0,159.3494478813,5250.0,0.0019920673,22.22,0.15,4
416.0,417.0,146.2978776937,2800.0,0.0024378104,16.67,0.15,4
416.0,418.0,52.3835071444,7000.0,0.0006548593,22.22,0.15,4
416.0,607.0,118.4127850157,5250.0,0.0014803078,22.22,0.15,4
417.0,419.0,105.3351445774,5250.0,0.001316821,22.22,0.15,4
417.0,420.0,146.5789283066,5250.0,0.0018324198,22.22,0.15,4
417.0,740.0,52.4602107596,5250.0,0.0006558182,22.22,0.15,4
418.0,740.0,146.2981232039,2800.0,0.0024378145,16.67,0.15,4
418.0,737.0,52.3725204711,7000.0,0.000654722,22.22,0.15,4
418.0,736.0,134.4725418404,2800.0,0.0022407609,16.67,0.15,4
419.0,607.0,133.1932961138,5250.0,0.0016650827,22.22,0.15,4
419.0,421.0,292.7821002827,5250.0,0.0036601423,22.22,0.15,4
420.0,707.0,104.9758872831,2800.0,0.0017492483,16.67,0.15,4
421.0,608.0,287.3860744802,5250.0,0.0035926852,22.22,0.15,4
422.0,741.0,55.4628590222,2800.0,0.0009241961,16.67,0.15,4
422.0,741.0,57.2141455404,1300.0,0.0014304967,11.11,0.15,4
423.0,450.0,92.4381025015,2800.0,0.001540327,16.67,0.15,4
423.0,593.0,87.3024036848,2800.0,0.0014547491,16.67,0.15,4
423.0,449.0,258.5229655234,2800.0,0.0043078545,16.67,0.15,4
423.0,470.0,84.652724279,2800.0,0.0014105966,16.67,0.15,4
424.0,425.0,75.9343345005,5250.0,0.0009492741,22.22,0.15,4
424.0,426.0,48.3858312725,5250.0,0.0006048834,22.22,0.15,4
424.0,427.0,98.1188529804,2800.0,0.0016349872,16.67,0.15,4
425.0,858.0,293.6190217119,2800.0,0.0048926718,16.67,0.15,4
425.0,428.0,77.0494827754,5250.0,0.0009632149,22.22,0.15,4
426.0,537.0,105.5494127897,2800.0,0.0017588051,16.67,0.15,4
426.0,541.0,146.4651727008,2800.0,0.0024405981,16.67,0.15,4
427.0,535.0,103.3116342987,2800.0,0.0017215163,16.67,0.15,4
429.0,778.0,99.8705928297,2800.0,0.001664177,16.67,0.15,4
429.0,431.0,73.9247591499,2800.0,0.001231833,16.67,0.15,4
430.0,431.0,182.9264964091,2800.0,0.0030481653,16.67,0.15,4
430.0,432.0,57.0506482395,5250.0,0.0007132044,22.22,0.15,4
431.0,710.0,94.255866663,2800.0,0.001570617,16.67,0.15,4
432.0,433.0,138.9796224007,2800.0,0.0023158639,16.67,0.15,4
432.0,434.0,65.6369859212,5250.0,0.0008205444,22.22,0.15,4
432.0,711.0,277.0481122546,2800.0,0.0046165452,16.67,0.15,4
433.0,495.0,70.0319326016,2800.0,0.0011669655,16.67,0.15,4
434.0,435.0,70.3720767431,5250.0,0.0008797389,22.22,0.15,4
434.0,436.0,198.9445675374,5250.0,0.0024870558,22.22,0.15,4
435.0,497.0,72.4783225432,5250.0,0.0009060696,22.22,0.15,4
435.0,498.0,191.4708642433,2800.0,0.003190543,16.67,0.15,4
436.0,437.0,72.0443980143,5250.0,0.000900645,22.22,0.15,4
436.0,437.0,72.8656571113,1300.0,0.0018218236,11.11,0.15,4
436.0,498.0,71.4759273478,5250.0,0.0008935384,22.22,0.15,4
437.0,648.0,102.0616378134,2800.0,0.0017006872,16.67,0.15,4
438.0,625.0,198.2713796774,2800.0,0.0033038622,16.67,0.15,4
438.0,455.0,205.8620402825,5250.0,0.0025735329,22.22,0.15,4
438.0,944.0,67.3232871214,1300.0,0.0016832505,11.11,0.15,4
438.0,944.0,55.5123463256,2800.0,0.0009250208,16.67,0.15,4
439.0,455.0,65.0395906681,1300.0,0.0016261524,11.11,0.15,4
440.0,441.0,100.4463461994,5250.0,0.0012557049,22.22,0.15,4
441.0,442.0,243.5376855656,2800.0,0.0040581498,16.67,0.15,4
441.0,443.0,132.3973562795,7000.0,0.0016551325,22.22,0.15,4
443.0,591.0,314.5194864384,2800.0,0.0052409433,16.67,0.15,4
443.0,444.0,39.9318308809,7000.0,0.0004991978,22.22,0.15,4
444.0,445.0,273.8530295802,1300.0,0.0068470104,11.11,0.15,4
444.0,446.0,53.4165538691,7000.0,0.0006677737,22.22,0.15,4
444.0,910.0,48.8135620279,5250.0,0.0006102305,22.22,0.15,4
445.0,942.0,111.0480336308,1300.0,0.0027764785,11.11,0.15,4
445.0,914.0,71.7568031781,1300.0,0.0017940995,11.11,0.15,4
445.0,941.0,66.6725081028,1300.0,0.0016669794,11.11,0.15,4
445.0,910.0,229.8073922678,1300.0,0.0057457594,11.11,0.15,4
446.0,447.0,95.4394054548,2800.0,0.0015903387,16.67,0.15,4
446.0,448.0,274.8535441247,1300.0,0.0068720258,11.11,0.15,4
447.0,449.0,92.3831770791,2800.0,0.0015394117,16.67,0.15,4
447.0,450.0,274.5038293816,2800.0,0.004574149,16.67,0.15,4
448.0,450.0,94.0624793479,2800.0,0.0015673945,16.67,0.15,4
448.0,591.0,48.6443810951,2800.0,0.0008105776,16.67,0.15,4
449.0,451.0,118.9571157319,2800.0,0.0019822222,16.67,0.15,4
450.0,593.0,53.9301577787,2800.0,0.0008986562,16.67,0.15,4
451.0,453.0,84.9437790491,1300.0,0.0021238069,11.11,0.15,4
451.0,452.0,83.7027546343,2800.0,0.001394767,16.67,0.15,4
452.0,453.0,106.454965384,7000.0,0.0013308201,22.22,0.15,4
452.0,454.0,31.487966404,2800.0,0.0005246945,16.67,0.15,4
452.0,915.0,85.3011614128,5250.0,0.0010663712,22.22,0.15,4
453.0,469.0,53.8893159928,5250.0,0.0006736838,22.22,0.15,4
454.0,595.0,86.2621332971,2800.0,0.0014374147,16.67,0.15,4
456.0,458.0,111.68821412,2800.0,0.001861098,16.67,0.15,4
456.0,459.0,142.3830367548,2800.0,0.0023725761,16.67,0.15,4
457.0,459.0,85.879429162,2800.0,0.0014310376,16.67,0.15,4
457.0,580.0,144.0580029402,2800.0,0.0024004866,16.67,0.15,4
458.0,460.0,166.9938934419,7000.0,0.0020876324,22.22,0.15,4
458.0,556.0,78.9942151641,7000.0,0.0009875264,22.22,0.15,4
459.0,460.0,87.5517415913,2800.0,0.0014589039,16.67,0.15,4
459.0,558.0,144.8884585622,2800.0,0.0024143248,16.67,0.15,4
461.0,668.0,37.0902968792,5250.0,0.0004636751,22.22,0.15,4
461.0,565.0,193.0492269644,2800.0,0.0032168437,16.67,0.15,4
462.0,562.0,96.6160333791,2800.0,0.0016099452,16.67,0.15,4
462.0,667.0,80.5484712962,7000.0,0.0010069566,22.22,0.15,4
463.0,464.0,51.9895894207,5250.0,0.0006499349,22.22,0.15,4
463.0,465.0,146.1745547872,1300.0,0.0036547293,11.11,0.15,4
463.0,803.0,62.9237395688,5250.0,0.0007866254,22.22,0.15,4
464.0,583.0,105.2165465536,7000.0,0.0013153384,22.22,0.15,4
464.0,582.0,153.0128812914,2800.0,0.0025497047,16.67,0.15,4
464.0,806.0,146.3066874517,5250.0,0.0018290165,22.22,0.15,4
465.0,466.0,52.5638565596,7000.0,0.0006571139,22.22,0.15,4
465.0,806.0,51.9885599106,7000.0,0.000649922,22.22,0.15,4
465.0,907.0,123.4686837115,1300.0,0.0030870258,11.11,0.15,4
466.0,803.0,156.7085102979,2800.0,0.0026112862,16.67,0.15,4
466.0,801.0,52.866187416,7000.0,0.0006608934,22.22,0.15,4
466.0,804.0,128.1965972068,2800.0,0.0021361827,16.67,0.15,4
467.0,468.0,57.0815389829,2800.0,0.0009511687,16.67,0.15,4
468.0,837.0,56.4180124863,2800.0,0.0009401122,16.67,0.15,4
468.0,695.0,113.7225246181,2800.0,0.0018949964,16.67,0.15,4
469.0,470.0,85.0277582246,2800.0,0.0014168459,16.67,0.15,4
471.0,529.0,60.5716035237,5250.0,0.0007572208,22.22,0.15,4
471.0,527.0,86.2407047708,1300.0,0.0021562332,11.11,0.15,4
473.0,725.0,135.9210996887,2800.0,0.0022648987,16.67,0.15,4
474.0,475.0,52.7267917679,5250.0,0.0006591508,22.22,0.15,4
476.0,884.0,31.3504986892,2800.0,0.0005224038,16.67,0.15,4
476.0,559.0,206.2709583093,7000.0,0.0025786448,22.22,0.15,4
477.0,478.0,61.2113601411,2800.0,0.0010199853,16.67,0.15,4
477.0,478.0,66.1961675381,1300.0,0.0016550697,11.11,0.15,4
477.0,479.0,105.1468873568,7000.0,0.0013144675,22.22,0.15,4
477.0,955.0,89.6498833949,2800.0,0.001493866,16.67,0.15,4
479.0,480.0,108.5506427844,5250.0,0.0013570187,22.22,0.15,4
479.0,481.0,95.8711039809,5250.0,0.0011985087,22.22,0.15,4
480.0,482.0,66.498132788,7000.0,0.0008313098,22.22,0.15,4
480.0,483.0,211.5425382881,5250.0,0.0026445462,22.22,0.15,4
480.0,630.0,126.7462064693,7000.0,0.001584486,22.22,0.15,4
481.0,555.0,98.3601030279,5250.0,0.0012296243,22.22,0.15,4
481.0,554.0,120.7385877381,2800.0,0.0020119074,16.67,0.15,4
481.0,554.0,111.872049351,2800.0,0.0018641613,16.67,0.15,4
481.0,955.0,116.2734644667,2800.0,0.0019375036,16.67,0.15,4
481.0,955.0,109.6229160609,2800.0,0.0018266833,16.67,0.15,4
481.0,955.0,102.4725120772,2800.0,0.0017075337,16.67,0.15,4
482.0,486.0,279.3985515435,1300.0,0.0069856624,11.11,0.15,4
482.0,835.0,61.4825148231,7000.0,0.0007686083,22.22,0.15,4
483.0,484.0,69.7631084638,5250.0,0.0008721261,22.22,0.15,4
483.0,484.0,70.925435832,1300.0,0.0017733132,11.11,0.15,4
484.0,485.0,93.212123885,7000.0,0.0011652681,22.22,0.15,4
484.0,486.0,70.0482370078,7000.0,0.0008756905,22.22,0.15,4
484.0,631.0,66.5572070819,5250.0,0.0008320483,22.22,0.15,4
485.0,487.0,49.6016086558,7000.0,0.0006200821,22.22,0.15,4
485.0,720.0,67.8147713706,2800.0,0.0011300202,16.67,0.15,4
486.0,632.0,58.0146552836,7000.0,0.0007252557,22.22,0.15,4
487.0,488.0,188.8478483981,2800.0,0.0031468348,16.67,0.15,4
488.0,639.0,82.2394577602,7000.0,0.001028096,22.22,0.15,4
489.0,642.0,69.3338782222,7000.0,0.0008667602,22.22,0.15,4
489.0,759.0,141.8528364513,1300.0,0.0035466756,11.11,0.15,4
490.0,491.0,91.239615674,2800.0,0.0015203562,16.67,0.15,4
490.0,491.0,89.7301662386,1300.0,0.0022434785,11.11,0.15,4
491.0,492.0,68.8743893395,7000.0,0.000861016,22.22,0.15,4
491.0,493.0,234.0422540237,2800.0,0.0038999242,16.67,0.15,4
492.0,848.0,135.4006134126,2800.0,0.0022562256,16.67,0.15,4
494.0,647.0,41.9106537633,7000.0,0.0005239356,22.22,0.15,4
495.0,496.0,191.3523066594,2800.0,0.0031885674,16.67,0.15,4
496.0,647.0,36.3094784637,5250.0,0.0004539139,22.22,0.15,4
497.0,499.0,63.1785531011,5250.0,0.0007898109,22.22,0.15,4
497.0,533.0,198.0329801438,2800.0,0.0032998897,16.67,0.15,4
498.0,533.0,63.364494011,5250.0,0.0007921354,22.22,0.15,4
499.0,500.0,125.870506635,2800.0,0.0020974223,16.67,0.15,4
499.0,501.0,74.8878082648,5250.0,0.0009361912,22.22,0.15,4
500.0,841.0,75.922122603,2800.0,0.0012651157,16.67,0.15,4
501.0,502.0,64.1987460033,5250.0,0.0008025646,22.22,0.15,4
501.0,503.0,114.3609621748,5250.0,0.001429655,22.22,0.15,4
501.0,711.0,68.8984802557,7000.0,0.0008613171,22.22,0.15,4
502.0,841.0,60.0000516294,5250.0,0.0007500757,22.22,0.15,4
502.0,840.0,191.6134380384,2800.0,0.0031929187,16.67,0.15,4
503.0,504.0,82.6340305699,1300.0,0.0020660574,11.11,0.15,4
503.0,504.0,80.3259297399,5250.0,0.0010041745,22.22,0.15,4
504.0,766.0,65.7155018867,7000.0,0.0008215259,22.22,0.15,4
504.0,840.0,67.8850069387,7000.0,0.0008486475,22.22,0.15,4
505.0,652.0,75.5216249101,5250.0,0.0009441147,22.22,0.15,4
505.0,507.0,77.5808327454,5250.0,0.0009698574,22.22,0.15,4
506.0,507.0,195.7769338645,7000.0,0.0024474564,22.22,0.15,4
506.0,508.0,88.0989008359,2800.0,0.0014680214,16.67,0.15,4
506.0,714.0,67.9796002732,7000.0,0.00084983,22.22,0.15,4
507.0,843.0,113.8016494329,7000.0,0.0014226629,22.22,0.15,4
507.0,655.0,69.578376776,5250.0,0.0008698167,22.22,0.15,4
507.0,655.0,71.4456062792,1300.0,0.0017863188,11.11,0.15,4
508.0,509.0,62.2702984916,2800.0,0.0010376308,16.67,0.15,4
508.0,509.0,69.9932796423,1300.0,0.001750007,11.11,0.15,4
508.0,509.0,70.5234080369,1300.0,0.0017632615,11.11,0.15,4
509.0,510.0,98.1137398227,5250.0,0.0012265444,22.22,0.15,4
509.0,716.0,68.2138288717,5250.0,0.0008527581,22.22,0.15,4
510.0,511.0,96.4958871703,5250.0,0.0012063192,22.22,0.15,4
510.0,719.0,66.1977865773,2800.0,0.0011030758,16.67,0.15,4
511.0,512.0,75.2220625296,2800.0,0.0012534504,16.67,0.15,4
511.0,513.0,147.0579810871,2800.0,0.0024504763,16.67,0.15,4
511.0,514.0,107.7246095031,5250.0,0.0013466923,22.22,0.15,4
513.0,626.0,100.8350008367,5250.0,0.0012605636,22.22,0.15,4
513.0,515.0,153.8362183606,5250.0,0.001923145,22.22,0.15,4
513.0,775.0,48.1259270055,1300.0,0.0012032685,11.11,0.15,4
514.0,515.0,73.9741636294,1300.0,0.001849539,11.11,0.15,4
514.0,882.0,69.6571274259,1300.0,0.0017416023,11.11,0.15,4
515.0,872.0,93.4400614022,5250.0,0.0011681176,22.22,0.15,4
515.0,774.0,152.4369424516,2800.0,0.0025401077,16.67,0.15,4
515.0,882.0,88.5511171506,2800.0,0.0014755568,16.67,0.15,4
516.0,517.0,70.7401273091,7000.0,0.00088434,22.22,0.15,4
516.0,518.0,154.2813927674,2800.0,0.0025708424,16.67,0.15,4
516.0,770.0,125.4660108449,7000.0,0.001568482,22.22,0.15,4
517.0,718.0,149.7086554249,2800.0,0.0024946453,16.67,0.15,4
517.0,713.0,66.9206458272,7000.0,0.0008365917,22.22,0.15,4
518.0,519.0,137.3548382757,7000.0,0.0017171072,22.22,0.15,4
519.0,770.0,167.4197975299,2800.0,0.002789772,16.67,0.15,4
519.0,858.0,219.3427855794,2800.0,0.0036549821,16.67,0.15,4
519.0,767.0,63.6456163413,2800.0,0.0010605482,16.67,0.15,4
519.0,767.0,64.4659398664,2800.0,0.0010742175,16.67,0.15,4
519.0,768.0,120.2352565849,5250.0,0.001503091,22.22,0.15,4
520.0,521.0,72.3822738582,1300.0,0.0018097378,11.11,0.15,4
520.0,522.0,128.396250238,1300.0,0.0032102273,11.11,0.15,4
521.0,523.0,129.1243088229,2800.0,0.0021516415,16.67,0.15,4
521.0,690.0,93.4828920486,2800.0,0.0015577367,16.67,0.15,4
522.0,523.0,71.9177330377,2800.0,0.0011983892,16.67,0.15,4
523.0,528.0,55.5312802939,2800.0,0.0009253363,16.67,0.15,4
524.0,525.0,77.3187013392,2800.0,0.0012883873,16.67,0.15,4
524.0,627.0,58.9304018755,1300.0,0.0014734074,11.11,0.15,4
525.0,610.0,199.750154988,2800.0,0.0033285035,16.67,0.15,4
525.0,611.0,62.538219674,1300.0,0.0015636119,11.11,0.15,4
526.0,527.0,60.1603968046,5250.0,0.0007520802,22.22,0.15,4
526.0,528.0,66.830017412,5250.0,0.0008354588,22.22,0.15,4
526.0,529.0,86.6615645105,1300.0,0.0021667558,11.11,0.15,4
527.0,628.0,277.9128417256,1300.0,0.0069485159,11.11,0.15,4
528.0,530.0,86.9828835883,2800.0,0.0014494248,16.67,0.15,4
528.0,629.0,65.9770322417,2800.0,0.0010993973,16.67,0.15,4
529.0,530.0,67.3785033494,7000.0,0.0008423155,22.22,0.15,4
531.0,578.0,73.9787694467,2800.0,0.0012327329,16.67,0.15,4
532.0,576.0,75.4489493877,2800.0,0.001257231,16.67,0.15,4
532.0,574.0,81.7155877455,2800.0,0.0013616541,16.67,0.15,4
532.0,578.0,193.6479172074,2800.0,0.0032268199,16.67,0.15,4
533.0,534.0,75.6900150407,2800.0,0.001261248,16.67,0.15,4
533.0,649.0,72.1534075388,5250.0,0.0009020078,22.22,0.15,4
535.0,536.0,100.9424459149,2800.0,0.0016820377,16.67,0.15,4
535.0,537.0,146.3548238071,2800.0,0.0024387593,16.67,0.15,4
535.0,847.0,104.8480126411,2800.0,0.0017471175,16.67,0.15,4
537.0,538.0,104.9645585729,2800.0,0.0017490595,16.67,0.15,4
537.0,539.0,72.9550112033,2800.0,0.0012156737,16.67,0.15,4
538.0,861.0,104.8299669857,2800.0,0.0017468168,16.67,0.15,4
538.0,860.0,146.4600729895,2800.0,0.0024405131,16.67,0.15,4
538.0,847.0,146.3068577274,2800.0,0.00243796,16.67,0.15,4
539.0,540.0,73.5072007143,2800.0,0.001224875,16.67,0.15,4
540.0,541.0,105.1444076777,5250.0,0.0013144365,22.22,0.15,4
540.0,542.0,146.5005077171,2800.0,0.0024411869,16.67,0.15,4
540.0,860.0,105.077353844,5250.0,0.0013135983,22.22,0.15,4
541.0,786.0,147.4623394138,5250.0,0.0018434636,22.22,0.15,4
541.0,858.0,219.3007090025,7000.0,0.002741533,22.22,0.15,4
542.0,543.0,105.101846305,5250.0,0.0013139045,22.22,0.15,4
542.0,544.0,145.7439557351,2800.0,0.0024285802,16.67,0.15,4
542.0,786.0,107.1115881862,5250.0,0.0013390288,22.22,0.15,4
543.0,792.0,104.799795014,5250.0,0.0013101285,22.22,0.15,4
543.0,789.0,146.4530931662,5250.0,0.0018308467,22.22,0.15,4
543.0,859.0,33.344430561,2800.0,0.0005556294,16.67,0.15,4
544.0,545.0,52.3771664032,5250.0,0.0006547801,22.22,0.15,4
544.0,546.0,52.4461144089,5250.0,0.000655642,22.22,0.15,4
544.0,547.0,147.6012644885,5250.0,0.0018452003,22.22,0.15,4
545.0,788.0,137.2046908753,2800.0,0.0022862876,16.67,0.15,4
545.0,789.0,52.5975520294,5250.0,0.0006575352,22.22,0.15,4
546.0,787.0,106.6992306962,2800.0,0.0017779649,16.67,0.15,4
546.0,784.0,56.7321667397,5250.0,0.000709223,22.22,0.15,4
547.0,548.0,126.2102748458,2800.0,0.002103084,16.67,0.15,4
547.0,960.0,60.3817629159,2800.0,0.0010061615,16.67,0.15,4
547.0,788.0,62.2718127159,5250.0,0.0007784755,22.22,0.15,4
547.0,791.0,110.9247499339,2800.0,0.0018483762,16.67,0.15,4
547.0,549.0,146.060514289,2800.0,0.0024338551,16.67,0.15,4
547.0,856.0,61.8475445258,5250.0,0.0007731716,22.22,0.15,4
548.0,752.0,226.87302583,5250.0,0.0028361964,22.22,0.15,4
548.0,784.0,147.9288116318,8750.0,0.0018492951,22.22,0.15,4
548.0,856.0,66.2652322923,5250.0,0.0008283982,22.22,0.15,4
548.0,960.0,50.4741664288,2800.0,0.0008410679,16.67,0.15,4
548.0,959.0,42.8684231657,2800.0,0.0007143309,16.67,0.15,4
549.0,943.0,146.4830030838,5250.0,0.0018312207,22.22,0.15,4
550.0,551.0,117.7353560232,2800.0,0.0019618636,16.67,0.15,4
550.0,552.0,286.7694498739,5250.0,0.0035849766,22.22,0.15,4
551.0,891.0,286.8096584063,2800.0,0.0047792051,16.67,0.15,4
552.0,891.0,105.1006214477,2800.0,0.0017513268,16.67,0.15,4
552.0,943.0,292.6530185819,5250.0,0.0036585286,22.22,0.15,4
553.0,554.0,85.9526775083,5250.0,0.0010745159,22.22,0.15,4
553.0,555.0,108.5083278611,7000.0,0.0013564897,22.22,0.15,4
554.0,955.0,71.1292118797,5250.0,0.0008892041,22.22,0.15,4
555.0,796.0,283.0665328008,7000.0,0.0035386855,22.22,0.15,4
555.0,690.0,108.6848896735,7000.0,0.001358697,22.22,0.15,4
556.0,557.0,149.995476772,7000.0,0.001875131,22.22,0.15,4
557.0,625.0,96.2999173979,2800.0,0.0016046777,16.67,0.15,4
558.0,580.0,84.9407712939,5250.0,0.0010618658,22.22,0.15,4
559.0,864.0,117.3620715309,2800.0,0.0019556434,16.67,0.15,4
559.0,864.0,122.1250197026,2800.0,0.00203501,16.67,0.15,4
559.0,884.0,202.5850543758,2800.0,0.0033757424,16.67,0.15,4
560.0,561.0,122.5820714498,2800.0,0.002042626,16.67,0.15,4
560.0,688.0,212.6912520322,1300.0,0.0053178131,11.11,0.15,4
560.0,885.0,113.8311670679,2800.0,0.0018968068,16.67,0.15,4
560.0,579.0,87.1387807668,2800.0,0.0014520226,16.67,0.15,4
560.0,867.0,167.309770267,2800.0,0.0027879386,16.67,0.15,4
560.0,904.0,95.2668532836,2800.0,0.0015874634,16.67,0.15,4
560.0,904.0,96.1607300724,2800.0,0.0016023584,16.67,0.15,4
561.0,688.0,84.6380570125,5250.0,0.0010580815,22.22,0.15,4
562.0,563.0,99.8732261887,2800.0,0.0016642209,16.67,0.15,4
562.0,564.0,95.6708742604,2800.0,0.0015941957,16.67,0.15,4
563.0,585.0,63.1029922306,5250.0,0.0007888663,22.22,0.15,4
564.0,565.0,178.7582206065,5250.0,0.0022347012,22.22,0.15,4
565.0,656.0,95.9977257454,2800.0,0.0015996422,16.67,0.15,4
566.0,567.0,192.8775247423,2800.0,0.0032139826,16.67,0.15,4
566.0,569.0,59.8004895658,2800.0,0.0009964755,16.67,0.15,4
567.0,935.0,45.8055958593,1300.0,0.0011452544,11.11,0.15,4
567.0,866.0,131.5198774132,2800.0,0.0021915596,16.67,0.15,4
568.0,569.0,66.7973788304,2800.0,0.001113067,16.67,0.15,4
568.0,570.0,178.5192763137,7000.0,0.0022317141,22.22,0.15,4
568.0,571.0,87.1031114612,5250.0,0.0010888978,22.22,0.15,4
568.0,572.0,69.8075267008,2800.0,0.0011632261,16.67,0.15,4
569.0,935.0,178.8059906432,2800.0,0.0029795039,16.67,0.15,4
570.0,850.0,71.3248085194,2800.0,0.0011885091,16.67,0.15,4
570.0,849.0,181.1719445202,7000.0,0.0022648758,22.22,0.15,4
570.0,935.0,65.6315182046,2800.0,0.0010936399,16.67,0.15,4
571.0,609.0,42.5373979511,7000.0,0.0005317707,22.22,0.15,4
572.0,573.0,202.519184677,2800.0,0.0033746448,16.67,0.15,4
572.0,574.0,44.1605855818,2800.0,0.0007358626,16.67,0.15,4
573.0,610.0,49.8173712995,7000.0,0.0006227794,22.22,0.15,4
574.0,575.0,185.1623558989,2800.0,0.0030854222,16.67,0.15,4
575.0,721.0,88.9942357734,2800.0,0.0014829407,16.67,0.15,4
575.0,850.0,35.5650012318,2800.0,0.0005926315,16.67,0.15,4
576.0,874.0,42.1443344039,1300.0,0.0010537137,11.11,0.15,4
576.0,721.0,102.2890719123,2800.0,0.001704477,16.67,0.15,4
577.0,814.0,82.8075526225,2800.0,0.0013798499,16.67,0.15,4
578.0,814.0,187.614791018,2800.0,0.0031262879,16.67,0.15,4
578.0,875.0,79.6745627296,2800.0,0.0013276439,16.67,0.15,4
580.0,581.0,85.5757922013,7000.0,0.0010698044,22.22,0.15,4
582.0,803.0,194.7776840873,1300.0,0.0048699291,11.11,0.15,4
582.0,758.0,81.0868415939,1300.0,0.0020273738,11.11,0.15,4
582.0,939.0,204.9429271873,2800.0,0.0034150324,16.67,0.15,4
582.0,863.0,214.8309848587,2800.0,0.0035798005,16.67,0.15,4
582.0,770.0,222.8158428738,2800.0,0.0037128548,16.67,0.15,4
582.0,771.0,140.7989161187,5250.0,0.0017601625,22.22,0.15,4
582.0,771.0,122.355890362,2800.0,0.0020388571,16.67,0.15,4
582.0,626.0,268.1991563231,2800.0,0.0044690921,16.67,0.15,4
582.0,938.0,142.8520790927,1300.0,0.0035716591,11.11,0.15,4
582.0,938.0,140.7574054701,2800.0,0.0023454877,16.67,0.15,4
583.0,805.0,146.3843407704,2800.0,0.0024392512,16.67,0.15,4
583.0,808.0,52.1267558267,5250.0,0.0006516496,22.22,0.15,4
583.0,771.0,146.0884040765,2800.0,0.0024343199,16.67,0.15,4
584.0,615.0,66.5556482214,2800.0,0.001109039,16.67,0.15,4
584.0,616.0,151.5144056933,5250.0,0.0018941195,22.22,0.15,4
585.0,667.0,63.0910199931,1300.0,0.0015774332,11.11,0.15,4
585.0,667.0,41.8058539692,2800.0,0.0006966249,16.67,0.15,4
586.0,587.0,104.7134685738,2800.0,0.0017448755,16.67,0.15,4
586.0,781.0,70.7631897466,2800.0,0.0011791507,16.67,0.15,4
587.0,588.0,105.5447756899,2800.0,0.0017587278,16.67,0.15,4
587.0,589.0,72.7517414056,2800.0,0.0012122866,16.67,0.15,4
587.0,818.0,73.7575859316,2800.0,0.0012290473,16.67,0.15,4
588.0,590.0,79.9803897075,5250.0,0.0009998549,22.22,0.15,4
588.0,672.0,66.4031030583,5250.0,0.0008301218,22.22,0.15,4
589.0,780.0,146.5108294401,2800.0,0.0024413589,16.67,0.15,4
589.0,781.0,104.6691991092,2800.0,0.0017441378,16.67,0.15,4
589.0,672.0,104.8037155454,2800.0,0.0017463793,16.67,0.15,4
590.0,923.0,105.466317042,2800.0,0.0017574205,16.67,0.15,4
590.0,669.0,146.4573365802,7000.0,0.0018308998,22.22,0.15,4
590.0,818.0,105.1394656276,2800.0,0.001751974,16.67,0.15,4
591.0,592.0,143.937364049,2800.0,0.0023984764,16.67,0.15,4
592.0,593.0,86.7227011896,1300.0,0.0021682844,11.11,0.15,4
592.0,593.0,82.9423538518,5250.0,0.0010368831,22.22,0.15,4
594.0,595.0,93.2716354378,7000.0,0.001166012,22.22,0.15,4
594.0,596.0,166.9734283325,7000.0,0.0020873766,22.22,0.15,4
594.0,597.0,243.3244700982,5250.0,0.0030418601,22.22,0.15,4
595.0,915.0,32.0493191626,5250.0,0.0004006566,22.22,0.15,4
596.0,817.0,152.0839812274,7000.0,0.0019012399,22.22,0.15,4
597.0,898.0,56.3022681242,2800.0,0.0009381835,16.67,0.15,4
597.0,899.0,147.2745927872,5250.0,0.0018411165,22.22,0.15,4
598.0,826.0,52.3695389387,7000.0,0.0006546847,22.22,0.15,4
599.0,779.0,146.5401789174,7000.0,0.0018319354,22.22,0.15,4
599.0,672.0,105.2788558038,2800.0,0.0017542967,16.67,0.15,4
599.0,923.0,146.3625751801,2800.0,0.0024388885,16.67,0.15,4
600.0,779.0,104.5703422849,2800.0,0.0017424905,16.67,0.15,4
601.0,675.0,104.7024346034,5250.0,0.0013089113,22.22,0.15,4
601.0,674.0,146.2389362962,7000.0,0.0018281695,22.22,0.15,4
601.0,779.0,146.2819275098,7000.0,0.001828707,22.22,0.15,4
602.0,674.0,105.0361818846,2800.0,0.001750253,16.67,0.15,4
603.0,676.0,104.6363721799,5250.0,0.0013080855,22.22,0.15,4
603.0,827.0,146.1876834501,7000.0,0.0018275288,22.22,0.15,4
603.0,674.0,146.5865391044,2800.0,0.0024426205,16.67,0.15,4
604.0,827.0,104.79161521,5250.0,0.0013100262,22.22,0.15,4
605.0,606.0,146.3463331861,7000.0,0.0018295121,22.22,0.15,4
605.0,681.0,52.321894891,2800.0,0.0008718572,16.67,0.15,4
605.0,827.0,146.4082622965,7000.0,0.0018302863,22.22,0.15,4
606.0,828.0,63.1225799786,2800.0,0.0010518326,16.67,0.15,4
606.0,829.0,146.9084793143,7000.0,0.0018365396,22.22,0.15,4
606.0,869.0,62.593243015,2800.0,0.0010430121,16.67,0.15,4
607.0,829.0,117.6383169097,7000.0,0.001470626,22.22,0.15,4
608.0,686.0,96.1913609169,7000.0,0.0012025123,22.22,0.15,4
613.0,937.0,62.360820255,2800.0,0.0010391392,16.67,0.15,4
614.0,813.0,89.680581623,2800.0,0.0014943775,16.67,0.15,4
614.0,721.0,92.7310311929,2800.0,0.0015452081,16.67,0.15,4
615.0,956.0,144.6457630301,2800.0,0.0024102807,16.67,0.15,4
616.0,956.0,74.1833705225,1300.0,0.0018547697,11.11,0.15,4
617.0,618.0,210.8127709669,2800.0,0.0035128436,16.67,0.15,4
617.0,833.0,354.3942220091,7000.0,0.0044303708,22.22,0.15,4
618.0,619.0,127.159767299,2800.0,0.0021189057,16.67,0.15,4
618.0,620.0,180.6266005409,2800.0,0.0030098414,16.67,0.15,4
619.0,776.0,46.9598227185,2800.0,0.0007825072,16.67,0.15,4
620.0,621.0,192.9334275639,2800.0,0.0032149141,16.67,0.15,4
620.0,622.0,96.0832090869,7000.0,0.0012011602,22.22,0.15,4
621.0,624.0,98.3455137829,2800.0,0.0016387641,16.67,0.15,4
621.0,833.0,151.1838841459,2800.0,0.0025192276,16.67,0.15,4
622.0,623.0,67.1485686694,7000.0,0.0008394411,22.22,0.15,4
622.0,624.0,193.8104219369,2800.0,0.0032295278,16.67,0.15,4
624.0,636.0,126.4212164684,2800.0,0.002106599,16.67,0.15,4
626.0,863.0,52.6635748495,2800.0,0.0008775507,16.67,0.15,4
626.0,757.0,72.5505879606,2800.0,0.0012089347,16.67,0.15,4
626.0,775.0,62.5454630643,8750.0,0.0007818965,22.22,0.15,4
626.0,939.0,64.3205569868,5250.0,0.0008040874,22.22,0.15,4
628.0,690.0,126.9124064956,7000.0,0.0015865637,22.22,0.15,4
628.0,723.0,122.9105051352,5250.0,0.001536535,22.22,0.15,4
629.0,630.0,277.6746589137,1300.0,0.0069425607,11.11,0.15,4
629.0,631.0,57.8521939379,5250.0,0.0007232247,22.22,0.15,4
630.0,690.0,66.9342548128,5250.0,0.0008367619,22.22,0.15,4
631.0,720.0,88.5436700023,1300.0,0.0022138131,11.11,0.15,4
632.0,633.0,100.0517245433,2800.0,0.0016671953,16.67,0.15,4
633.0,835.0,179.2399776654,1300.0,0.0044814476,11.11,0.15,4
634.0,635.0,66.5045456742,8750.0,0.00083139,22.22,0.15,4
636.0,883.0,296.1392893306,7000.0,0.0037021113,22.22,0.15,4
636.0,876.0,83.7127718758,2800.0,0.0013949339,16.67,0.15,4
636.0,833.0,268.6026200815,2800.0,0.0044758152,16.67,0.15,4
638.0,836.0,47.4863853947,5250.0,0.0005936392,22.22,0.15,4
638.0,836.0,283.4048753615,1300.0,0.0070858305,11.11,0.15,4
640.0,641.0,72.3768573164,2800.0,0.0012060397,16.67,0.15,4
640.0,642.0,104.3579438007,5250.0,0.0013046048,22.22,0.15,4
641.0,659.0,225.4702368541,2800.0,0.0037570859,16.67,0.15,4
641.0,659.0,115.7610782397,2800.0,0.0019289655,16.67,0.15,4
642.0,857.0,66.9867907441,7000.0,0.0008374186,22.22,0.15,4
642.0,644.0,63.4281611796,5250.0,0.0007929313,22.22,0.15,4
642.0,644.0,65.8934600447,1300.0,0.0016475013,11.11,0.15,4
643.0,644.0,223.7317976245,5250.0,0.0027969272,22.22,0.15,4
643.0,760.0,66.848466059,5250.0,0.0008356894,22.22,0.15,4
643.0,645.0,69.4333981913,1300.0,0.0017360086,11.11,0.15,4
643.0,645.0,67.3341055292,5250.0,0.0008417605,22.22,0.15,4
646.0,760.0,129.1709126759,2800.0,0.0021524181,16.67,0.15,4
647.0,660.0,192.9918316614,2800.0,0.0032158874,16.67,0.15,4
648.0,661.0,125.2335128692,1300.0,0.0031311509,11.11,0.15,4
649.0,650.0,73.4653489332,5250.0,0.0009184087,22.22,0.15,4
650.0,651.0,67.4501557402,5250.0,0.0008432113,22.22,0.15,4
650.0,652.0,191.8691945966,7000.0,0.0023986048,22.22,0.15,4
650.0,841.0,67.0512024956,7000.0,0.0008382239,22.22,0.15,4
651.0,842.0,192.8401747369,1300.0,0.0048214865,11.11,0.15,4
651.0,865.0,56.5422325409,5250.0,0.0007068486,22.22,0.15,4
652.0,653.0,67.2908369763,7000.0,0.0008412196,22.22,0.15,4
652.0,842.0,67.2140917472,7000.0,0.0008402602,22.22,0.15,4
653.0,840.0,59.8551546821,7000.0,0.0007482643,22.22,0.15,4
653.0,841.0,191.7288897748,2800.0,0.0031948425,16.67,0.15,4
656.0,657.0,179.670764072,2800.0,0.002993914,16.67,0.15,4
657.0,831.0,96.3001416381,7000.0,0.0012038722,22.22,0.15,4
658.0,938.0,125.8697798918,2800.0,0.0020974102,16.67,0.15,4
658.0,691.0,92.2576569772,2800.0,0.0015373202,16.67,0.15,4
660.0,661.0,71.787379334,8750.0,0.000897432,22.22,0.15,4
663.0,842.0,49.9485940469,7000.0,0.0006244199,22.22,0.15,4
663.0,843.0,148.9023008454,2800.0,0.0024812088,16.67,0.15,4
664.0,665.0,74.4409002515,8750.0,0.0009306043,22.22,0.15,4
665.0,666.0,148.1227537233,7000.0,0.0018517196,22.22,0.15,4
665.0,843.0,76.1428647409,7000.0,0.000951881,22.22,0.15,4
667.0,950.0,59.7239205422,5250.0,0.0007466237,22.22,0.15,4
669.0,670.0,97.4089017021,5250.0,0.001217733,22.22,0.15,4
669.0,671.0,243.6130530559,2800.0,0.0040594057,16.67,0.15,4
669.0,799.0,110.5130681197,5250.0,0.0013815515,22.22,0.15,4
670.0,818.0,148.2552130077,2800.0,0.0024704261,16.67,0.15,4
671.0,799.0,142.0395737207,2800.0,0.0023668529,16.67,0.15,4
671.0,800.0,52.7672864368,2800.0,0.0008792789,16.67,0.15,4
672.0,820.0,146.6024528072,2800.0,0.0024428856,16.67,0.15,4
673.0,674.0,104.6739462103,2800.0,0.0017442169,16.67,0.15,4
673.0,675.0,146.2094087474,2800.0,0.0024363362,16.67,0.15,4
673.0,676.0,146.537913593,2800.0,0.0024418102,16.67,0.15,4
673.0,822.0,105.3378605839,2800.0,0.00175528,16.67,0.15,4
675.0,819.0,105.3092676785,5250.0,0.0013164975,22.22,0.15,4
675.0,820.0,146.3093207375,2800.0,0.0024380011,16.67,0.15,4
676.0,677.0,105.3792180397,5250.0,0.001317372,22.22,0.15,4
676.0,678.0,146.2642528164,2800.0,0.0024372501,16.67,0.15,4
677.0,795.0,146.3318769405,2800.0,0.0024383769,16.67,0.15,4
677.0,822.0,146.4929375696,2800.0,0.0024410607,16.67,0.15,4
677.0,823.0,104.7709733379,5250.0,0.0013097681,22.22,0.15,4
678.0,679.0,52.4135553132,5250.0,0.000655235,22.22,0.15,4
678.0,680.0,146.4848776621,2800.0,0.0024409264,16.67,0.15,4
678.0,745.0,52.7532371623,5250.0,0.0006594814,22.22,0.15,4
679.0,827.0,52.1883976453,5250.0,0.0006524202,22.22,0.15,4
679.0,681.0,146.492803521,2800.0,0.0024410585,16.67,0.15,4
680.0,681.0,52.3586549151,2800.0,0.0008724698,16.67,0.15,4
680.0,682.0,52.7073698683,2800.0,0.0008782805,16.67,0.15,4
681.0,869.0,135.0614206361,2800.0,0.0022505736,16.67,0.15,4
682.0,745.0,146.4874120924,2800.0,0.0024409687,16.67,0.15,4
682.0,746.0,52.7428672246,2800.0,0.000878872,16.67,0.15,4
682.0,747.0,137.2694651536,2800.0,0.0022873669,16.67,0.15,4
683.0,743.0,136.3741290348,2800.0,0.0022724477,16.67,0.15,4
683.0,744.0,62.4126287718,5250.0,0.0007802359,22.22,0.15,4
684.0,685.0,172.2142294211,2800.0,0.0028696632,16.67,0.15,4
684.0,686.0,127.2235693778,7000.0,0.0015904537,22.22,0.15,4
684.0,798.0,117.6188164318,2800.0,0.0019599216,16.67,0.15,4
685.0,798.0,67.3981265571,2800.0,0.0011230775,16.67,0.15,4
686.0,878.0,129.5041245414,2800.0,0.0021579705,16.67,0.15,4
686.0,878.0,120.198303499,2800.0,0.0020029045,16.67,0.15,4
686.0,706.0,119.4479027513,2800.0,0.0019904003,16.67,0.15,4
686.0,706.0,129.3391752059,1300.0,0.0032338028,11.11,0.15,4
687.0,688.0,102.7114903804,2800.0,0.0017115159,16.67,0.15,4
689.0,709.0,78.985820647,5250.0,0.0009874215,22.22,0.15,4
691.0,803.0,184.1970342133,2800.0,0.0030693367,16.67,0.15,4
691.0,695.0,154.5307935803,5250.0,0.0019318281,22.22,0.15,4
691.0,801.0,66.7063765114,7000.0,0.0008339131,22.22,0.15,4
691.0,940.0,94.5136271978,1300.0,0.002363077,11.11,0.15,4
691.0,940.0,97.876019737,1300.0,0.0024471452,11.11,0.15,4
692.0,693.0,128.9994954984,2800.0,0.0021495617,16.67,0.15,4
693.0,936.0,102.4549188279,2800.0,0.0017072405,16.67,0.15,4
693.0,880.0,87.094678257,1300.0,0.0021775847,11.11,0.15,4
693.0,880.0,83.2026230093,2800.0,0.0013864331,16.67,0.15,4
693.0,937.0,92.4814159394,1300.0,0.0023122666,11.11,0.15,4
693.0,937.0,86.6678669321,1300.0,0.0021669134,11.11,0.15,4
694.0,837.0,142.5107840704,2800.0,0.0023747048,16.67,0.15,4
695.0,804.0,113.9562139789,2800.0,0.0018988905,16.67,0.15,4
695.0,802.0,66.1740756516,2800.0,0.0011026807,16.67,0.15,4
695.0,837.0,66.1444766438,2800.0,0.0011021875,16.67,0.15,4
695.0,887.0,86.2463827743,2800.0,0.0014371523,16.67,0.15,4
695.0,887.0,96.0659109733,1300.0,0.002401888,11.11,0.15,4
696.0,928.0,66.3710364052,1300.0,0.0016594419,11.11,0.15,4
696.0,807.0,189.0692890781,1300.0,0.0047272049,11.11,0.15,4
696.0,805.0,136.8038231418,5250.0,0.0017102188,22.22,0.15,4
697.0,773.0,146.7394091834,2800.0,0.0024451678,16.67,0.15,4
697.0,756.0,52.5248824254,2800.0,0.0008752397,16.67,0.15,4
698.0,756.0,146.0491838119,2800.0,0.0024336663,16.67,0.15,4
699.0,756.0,52.4438817208,2800.0,0.0008738899,16.67,0.15,4
699.0,854.0,146.5181432901,7000.0,0.00183166,22.22,0.15,4
700.0,742.0,52.6957622565,5250.0,0.0006587629,22.22,0.15,4
700.0,943.0,104.7009395646,5250.0,0.0013088926,22.22,0.15,4
701.0,702.0,50.3232629918,2800.0,0.0008385533,16.67,0.15,4
702.0,703.0,292.6519088607,2800.0,0.0048765565,16.67,0.15,4
702.0,704.0,105.2351558876,2800.0,0.0017535686,16.67,0.15,4
703.0,809.0,52.0650227851,5250.0,0.0006508779,22.22,0.15,4
703.0,824.0,146.5936892365,2800.0,0.0024427396,16.67,0.15,4
704.0,705.0,241.0613052186,2800.0,0.004016885,16.67,0.15,4
707.0,739.0,146.5644405749,5250.0,0.0018322387,22.22,0.15,4
708.0,709.0,277.1124072957,1300.0,0.006928503,11.11,0.15,4
710.0,711.0,57.2295294383,5250.0,0.0007154407,22.22,0.15,4
710.0,712.0,191.5343900556,2800.0,0.0031916015,16.67,0.15,4
710.0,778.0,68.3835857521,5250.0,0.0008548803,22.22,0.15,4
711.0,766.0,191.2619501578,2800.0,0.0031870618,16.67,0.15,4
712.0,766.0,56.905980492,7000.0,0.0007113959,22.22,0.15,4
713.0,714.0,57.7001445765,7000.0,0.0007213239,22.22,0.15,4
713.0,715.0,149.8644317687,2800.0,0.0024972411,16.67,0.15,4
714.0,716.0,149.8132782647,2800.0,0.0024963887,16.67,0.15,4
715.0,716.0,57.8424946126,5250.0,0.0007231035,22.22,0.15,4
715.0,717.0,114.8268769802,2800.0,0.0019133986,16.67,0.15,4
715.0,718.0,67.4864512208,5250.0,0.000843665,22.22,0.15,4
716.0,719.0,106.456844807,2800.0,0.001773926,16.67,0.15,4
717.0,719.0,59.8744095638,2800.0,0.0009977073,16.67,0.15,4
717.0,757.0,76.7712020013,2800.0,0.0012792642,16.67,0.15,4
718.0,757.0,133.2429348992,7000.0,0.0016657033,22.22,0.15,4
718.0,758.0,191.6023383479,2800.0,0.0031927338,16.67,0.15,4
721.0,722.0,107.0690822452,2800.0,0.0017841279,16.67,0.15,4
722.0,812.0,193.1381863997,2800.0,0.0032183261,16.67,0.15,4
722.0,814.0,86.7749219259,2800.0,0.0014459595,16.67,0.15,4
723.0,724.0,48.8487050633,2800.0,0.0008139823,16.67,0.15,4
723.0,724.0,51.0376350396,2800.0,0.0008504572,16.67,0.15,4
731.0,732.0,146.0017078961,5250.0,0.0018252039,22.22,0.15,4
732.0,733.0,104.9039310504,2800.0,0.0017480492,16.67,0.15,4
732.0,734.0,146.4638560687,7000.0,0.0018309813,22.22,0.15,4
734.0,735.0,146.6280312988,5250.0,0.0018330337,22.22,0.15,4
735.0,736.0,62.1777000472,2800.0,0.0010360878,16.67,0.15,4
735.0,737.0,146.6469872744,5250.0,0.0018332707,22.22,0.15,4
735.0,838.0,62.44517856,5250.0,0.0007806428,22.22,0.15,4
737.0,738.0,104.9574687119,7000.0,0.0013120996,22.22,0.15,4
737.0,739.0,146.270662485,5250.0,0.0018285661,22.22,0.15,4
739.0,740.0,52.3366462729,5250.0,0.0006542735,22.22,0.15,4
743.0,824.0,53.0606284086,5250.0,0.0006633242,22.22,0.15,4
744.0,824.0,145.9423051588,5250.0,0.0018244613,22.22,0.15,4
744.0,825.0,61.5322445572,5250.0,0.00076923,22.22,0.15,4
744.0,747.0,62.3295596115,5250.0,0.0007791974,22.22,0.15,4
744.0,962.0,64.5846356783,2800.0,0.0010761954,16.67,0.15,4
744.0,746.0,146.9425173722,5250.0,0.0018369652,22.22,0.15,4
744.0,846.0,61.5495221001,5250.0,0.000769446,22.22,0.15,4
745.0,795.0,52.6497047198,5250.0,0.0006581871,22.22,0.15,4
746.0,793.0,52.0335092582,2800.0,0.0008670517,16.67,0.15,4
746.0,795.0,146.4851085661,2800.0,0.0024409303,16.67,0.15,4
749.0,750.0,137.9680286301,2800.0,0.0022990073,16.67,0.15,4
749.0,751.0,51.561160049,2800.0,0.0008591808,16.67,0.15,4
749.0,785.0,58.0311184908,2800.0,0.0009669919,16.67,0.15,4
750.0,752.0,65.221294168,5250.0,0.0008153477,22.22,0.15,4
750.0,769.0,61.2868139694,5250.0,0.0007661618,22.22,0.15,4
751.0,769.0,147.0307077573,7000.0,0.0018380677,22.22,0.15,4
751.0,770.0,129.3455761367,2800.0,0.0021553285,16.67,0.15,4
751.0,767.0,98.1320699192,2800.0,0.0016352075,16.67,0.15,4
752.0,785.0,147.7982045242,7000.0,0.0018476623,22.22,0.15,4
752.0,769.0,123.8167654991,5250.0,0.0015478644,22.22,0.15,4
752.0,769.0,113.9566070254,2800.0,0.001898897,16.67,0.15,4
752.0,755.0,146.2959490174,7000.0,0.0018288823,22.22,0.15,4
752.0,959.0,165.3508898747,2800.0,0.0027552971,16.67,0.15,4
753.0,754.0,146.4906849946,2800.0,0.0024410232,16.67,0.15,4
753.0,755.0,52.5056771429,5250.0,0.0006563866,22.22,0.15,4
753.0,772.0,52.8557386555,5250.0,0.0006607628,22.22,0.15,4
754.0,756.0,146.6356066233,2800.0,0.0024434381,16.67,0.15,4
754.0,773.0,52.4398151621,5250.0,0.0006555632,22.22,0.15,4
754.0,854.0,52.2709433309,5250.0,0.0006534521,22.22,0.15,4
755.0,854.0,146.572221024,7000.0,0.001832336,22.22,0.15,4
758.0,770.0,156.5102973228,2800.0,0.0026079834,16.67,0.15,4
759.0,848.0,59.893222496,2800.0,0.0009980208,16.67,0.15,4
760.0,857.0,276.260326377,2800.0,0.0046034181,16.67,0.15,4
761.0,857.0,57.8625101211,7000.0,0.0007233537,22.22,0.15,4
762.0,763.0,360.8185929102,2800.0,0.0060124407,16.67,0.15,4
762.0,764.0,84.558029668,2800.0,0.0014090187,16.67,0.15,4
762.0,765.0,276.7754070011,2800.0,0.004612001,16.67,0.15,4
763.0,910.0,307.3062131992,2800.0,0.0051207461,16.67,0.15,4
763.0,909.0,57.9947662746,2800.0,0.0009663862,16.67,0.15,4
764.0,834.0,296.9992021968,5250.0,0.0037128613,22.22,0.15,4
764.0,881.0,971.649053138,2800.0,0.0161909127,16.67,0.15,4
765.0,896.0,94.1416235473,2800.0,0.0015687133,16.67,0.15,4
765.0,834.0,96.0098087577,2800.0,0.0015998435,16.67,0.15,4
768.0,786.0,204.3305935833,5250.0,0.0025543879,22.22,0.15,4
768.0,858.0,161.1961228499,2800.0,0.0026860648,16.67,0.15,4
768.0,785.0,145.1774469821,7000.0,0.0018148996,22.22,0.15,4
769.0,771.0,122.1790475704,2800.0,0.0020359103,16.67,0.15,4
769.0,771.0,110.8335870946,2800.0,0.0018468571,16.67,0.15,4
769.0,772.0,146.2327917777,7000.0,0.0018280927,22.22,0.15,4
770.0,771.0,181.0414855076,2800.0,0.0030167547,16.67,0.15,4
772.0,773.0,146.4174740349,5250.0,0.0018304015,22.22,0.15,4
772.0,808.0,52.1157661667,5250.0,0.0006515122,22.22,0.15,4
773.0,807.0,52.6360995078,5250.0,0.000658017,22.22,0.15,4
774.0,775.0,178.4451980682,7000.0,0.0022307881,22.22,0.15,4
777.0,778.0,117.6652645575,2800.0,0.0019606956,16.67,0.15,4
778.0,858.0,210.9040612662,7000.0,0.0026365644,22.22,0.15,4
779.0,820.0,104.9878355908,2800.0,0.0017494474,16.67,0.15,4
780.0,819.0,146.2795965447,2800.0,0.0024375058,16.67,0.15,4
780.0,820.0,105.0557099726,2800.0,0.0017505784,16.67,0.15,4
780.0,783.0,104.7167393556,1300.0,0.0026181803,11.11,0.15,4
781.0,782.0,251.2131776463,2800.0,0.0041860491,16.67,0.15,4
781.0,783.0,146.4317141822,5250.0,0.0018305795,22.22,0.15,4
782.0,783.0,104.8552047849,1300.0,0.0026216423,11.11,0.15,4
782.0,847.0,146.2013625928,2800.0,0.0024362021,16.67,0.15,4
783.0,821.0,146.2283423628,2800.0,0.0024366517,16.67,0.15,4
784.0,785.0,201.0137387411,5250.0,0.002512923,22.22,0.15,4
784.0,786.0,145.1191853107,7000.0,0.0018141712,22.22,0.15,4
787.0,856.0,30.3738049163,2800.0,0.0005061289,16.67,0.15,4
788.0,791.0,61.2864940892,5250.0,0.0007661578,22.22,0.15,4
789.0,790.0,104.95928007,2800.0,0.0017489715,16.67,0.15,4
789.0,791.0,147.0444675246,5250.0,0.0018382397,22.22,0.15,4
790.0,792.0,146.3167192059,2800.0,0.0024381244,16.67,0.15,4
790.0,793.0,52.743485859,2800.0,0.0008788823,16.67,0.15,4
790.0,794.0,146.7030713633,2800.0,0.0024445623,16.67,0.15,4
791.0,794.0,124.6909637863,5250.0,0.0015587929,22.22,0.15,4
791.0,961.0,69.8522214744,2800.0,0.0011639709,16.67,0.15,4
791.0,851.0,62.0092697292,5250.0,0.0007751934,22.22,0.15,4
792.0,823.0,146.397936874,2800.0,0.0024394777,16.67,0.15,4
792.0,845.0,52.76368693,5250.0,0.000659612,22.22,0.15,4
793.0,845.0,146.399197115,2800.0,0.0024394987,16.67,0.15,4
793.0,846.0,137.1983543761,2800.0,0.002286182,16.67,0.15,4
794.0,846.0,63.0771529028,5250.0,0.0007885433,22.22,0.15,4
794.0,851.0,62.5960539768,5250.0,0.0007825289,22.22,0.15,4
794.0,853.0,146.5359444484,2800.0,0.0024417774,16.67,0.15,4
794.0,962.0,43.2984871031,2800.0,0.0007214972,16.67,0.15,4
794.0,961.0,38.4079011196,2800.0,0.0006400037,16.67,0.15,4
794.0,825.0,62.9956023171,5250.0,0.0007875238,22.22,0.15,4
795.0,845.0,52.0195659349,5250.0,0.0006503096,22.22,0.15,4
799.0,923.0,142.2926118014,5250.0,0.0017788355,22.22,0.15,4
799.0,934.0,74.6065977508,2800.0,0.0012431947,16.67,0.15,4
799.0,934.0,72.8485740279,2800.0,0.0012139001,16.67,0.15,4
800.0,826.0,138.9516686086,1300.0,0.0034741391,11.11,0.15,4
801.0,802.0,123.848175314,1300.0,0.003096514,11.11,0.15,4
801.0,940.0,102.2403872577,2800.0,0.0017036657,16.67,0.15,4
802.0,804.0,56.4481020737,2800.0,0.0009406136,16.67,0.15,4
803.0,940.0,78.8930650072,2800.0,0.0013146215,16.67,0.15,4
804.0,907.0,57.1261382825,1300.0,0.0014282963,11.11,0.15,4
805.0,806.0,105.3311572638,7000.0,0.0013167711,22.22,0.15,4
805.0,807.0,52.1748230533,7000.0,0.0006522505,22.22,0.15,4
807.0,808.0,146.402419861,2800.0,0.0024395524,16.67,0.15,4
809.0,810.0,52.6936620641,5250.0,0.0006587366,22.22,0.15,4
810.0,855.0,104.9844441012,5250.0,0.0013124368,22.22,0.15,4
810.0,853.0,146.4289574851,2800.0,0.0024399946,16.67,0.15,4
812.0,813.0,95.4494183692,5250.0,0.0011932371,22.22,0.15,4
812.0,815.0,98.2798625275,5250.0,0.0012286211,22.22,0.15,4
814.0,875.0,107.8763102931,2800.0,0.001797579,16.67,0.15,4
814.0,815.0,188.1023171277,2800.0,0.0031344117,16.67,0.15,4
816.0,817.0,83.96218236,7000.0,0.0010496322,22.22,0.15,4
817.0,908.0,117.7598834039,2800.0,0.0019622723,16.67,0.15,4
819.0,821.0,104.7681855158,5250.0,0.0013097333,22.22,0.15,4
819.0,822.0,146.2425346852,2800.0,0.0024368882,16.67,0.15,4
821.0,847.0,104.8360327691,2800.0,0.0017469178,16.67,0.15,4
821.0,861.0,146.270360681,2800.0,0.0024373519,16.67,0.15,4
822.0,861.0,104.764039866,2800.0,0.0017457182,16.67,0.15,4
823.0,860.0,104.8176989904,5250.0,0.0013103523,22.22,0.15,4
823.0,861.0,146.4513572046,7000.0,0.001830825,22.22,0.15,4
824.0,844.0,51.8865818305,8750.0,0.0006486471,22.22,0.15,4
825.0,844.0,135.4817322013,2800.0,0.0022575774,16.67,0.15,4
830.0,831.0,63.8325126885,5250.0,0.0007979862,22.22,0.15,4
830.0,866.0,96.5114985771,1300.0,0.0024130288,11.11,0.15,4
831.0,832.0,102.7924166601,7000.0,0.0012850337,22.22,0.15,4
832.0,849.0,89.9735558871,7000.0,0.0011247819,22.22,0.15,4
832.0,866.0,64.4564008381,2800.0,0.0010740585,16.67,0.15,4
834.0,883.0,282.7003947333,2800.0,0.0047107311,16.67,0.15,4
844.0,853.0,52.7449286801,8750.0,0.0006593775,22.22,0.15,4
851.0,852.0,136.4766840475,2800.0,0.0022741566,16.67,0.15,4
852.0,853.0,53.0245596087,7000.0,0.0006628733,22.22,0.15,4
855.0,891.0,292.8366015484,2800.0,0.0048796341,16.67,0.15,4
859.0,860.0,113.0266942458,2800.0,0.0018834016,16.67,0.15,4
862.0,888.0,70.4031298451,2800.0,0.0011731509,16.67,0.15,4
864.0,892.0,94.7474373629,2800.0,0.0015788082,16.67,0.15,4
868.0,904.0,61.476222936,2800.0,0.0010243988,16.67,0.15,4
868.0,885.0,52.4494823023,1300.0,0.0013113682,11.11,0.15,4
871.0,953.0,68.1975686697,2800.0,0.0011363989,16.67,0.15,4
872.0,873.0,48.8852636735,1300.0,0.0012222538,11.11,0.15,4
874.0,886.0,99.9266852313,1300.0,0.002498417,11.11,0.15,4
875.0,886.0,47.1426556778,1300.0,0.0011786843,11.11,0.15,4
876.0,876.0,35.9467962904,2800.0,0.0005989935,16.67,0.15,4
876.0,876.0,35.9467962904,2800.0,0.0005989935,16.67,0.15,4
879.0,930.0,619.6932072812,5250.0,0.0077469398,22.22,0.15,4
879.0,888.0,404.6722581821,1300.0,0.0101178182,11.11,0.15,4
885.0,905.0,41.1657556567,2800.0,0.0006859587,16.67,0.15,4
889.0,945.0,59.9925818361,7000.0,0.0007499823,22.22,0.15,4
890.0,891.0,50.2417483564,2800.0,0.000837195,16.67,0.15,4
893.0,920.0,141.3697992294,2800.0,0.0023556922,16.67,0.15,4
894.0,920.0,103.3405057364,2800.0,0.0017219974,16.67,0.15,4
894.0,921.0,76.2284470603,2800.0,0.0012702201,16.67,0.15,4
895.0,896.0,65.8575175789,2800.0,0.0010974058,16.67,0.15,4
895.0,897.0,73.5177002016,2800.0,0.00122505,16.67,0.15,4
897.0,912.0,267.0177181694,2800.0,0.0044494054,16.67,0.15,4
897.0,921.0,106.0451176207,2800.0,0.0017670652,16.67,0.15,4
898.0,900.0,47.2672624726,2800.0,0.0007876302,16.67,0.15,4
899.0,900.0,286.2020534936,2800.0,0.0047690804,16.67,0.15,4
899.0,914.0,71.7057355248,7000.0,0.0008964113,22.22,0.15,4
900.0,915.0,164.8883932291,2800.0,0.0027475904,16.67,0.15,4
902.0,957.0,73.5403495316,2800.0,0.0012254274,16.67,0.15,4
903.0,921.0,155.803972367,2800.0,0.0025962136,16.67,0.15,4
906.0,916.0,254.5324297312,7000.0,0.0031819736,22.22,0.15,4
912.0,913.0,31.9914649299,2800.0,0.0005330845,16.67,0.15,4
912.0,927.0,82.7437513827,1300.0,0.0020688007,11.11,0.15,4
913.0,941.0,234.7658614383,2800.0,0.003911982,16.67,0.15,4
913.0,926.0,81.3268683079,1300.0,0.002033375,11.11,0.15,4
916.0,930.0,546.4944911872,2800.0,0.0091064202,16.67,0.15,4
917.0,918.0,146.3794980795,2800.0,0.0024391705,16.67,0.15,4
917.0,919.0,100.7684126256,2800.0,0.0016791377,16.67,0.15,4
918.0,942.0,46.7980875076,2800.0,0.0007798122,16.67,0.15,4
918.0,925.0,148.979196695,2800.0,0.0024824901,16.67,0.15,4
918.0,933.0,46.9854633904,2800.0,0.0007829345,16.67,0.15,4
919.0,920.0,146.5106124731,2800.0,0.0024413553,16.67,0.15,4
919.0,925.0,53.6280037621,2800.0,0.0008936213,16.67,0.15,4
921.0,927.0,208.2087903547,2800.0,0.0034694526,16.67,0.15,4
923.0,924.0,51.1683025118,7000.0,0.0006396677,22.22,0.15,4
925.0,926.0,31.4115999617,2800.0,0.000523422,16.67,0.15,4
926.0,927.0,31.1786222855,2800.0,0.0005195398,16.67,0.15,4
933.0,942.0,48.1206943079,2800.0,0.0008018512,16.67,0.15,4
938.0,939.0,156.3578251712,2800.0,0.0026054427,16.67,0.15,4
946.0,957.0,61.9805387846,2800.0,0.0010328024,16.67,0.15,4
947.0,948.0,103.2632635331,1300.0,0.0025818398,11.11,0.15,4
947.0,948.0,68.089788983,7000.0,0.0008512075,22.22,0.15,4
948.0,949.0,197.4948158797,1300.0,0.0049378642,11.11,0.15,4
949.0,954.0,51.7539682035,2800.0,0.0008623937,16.67,0.15,4
949.0,954.0,40.0032872153,2800.0,0.0006665881,16.67,0.15,4
951.0,952.0,50.8728480075,1300.0,0.0012719484,11.11,0.15,4
951.0,953.0,60.5409976707,2800.0,0.0010088149,16.67,0.15,4
952.0,953.0,60.4345631591,1300.0,0.0015110152,11.11,0.15,4
