0.0,1.0,340.4444013153,1300.0,0.0085119612,11.11,0.15,4
0.0,60.0,208.2100743254,7000.0,0.0026028862,22.22,0.15,4
1.0,917.0,267.8518821019,1300.0,0.0066969667,11.11,0.15,4
1.0,630.0,100.6740475198,1300.0,0.0025171029,11.11,0.15,4
1.0,627.0,131.3804361484,5250.0,0.0016424197,22.22,0.15,4
1.0,631.0,82.8632220457,2800.0,0.0013807775,16.67,0.15,4
2.0,3.0,227.6955430891,2800.0,0.0037941669,16.67,0.15,4
2.0,4.0,426.1067161771,2800.0,0.0071003585,16.67,0.15,4
2.0,55.0,525.5137777284,5250.0,0.0065695792,22.22,0.15,4
3.0,190.0,69.7689635463,2800.0,0.0011625835,16.67,0.15,4
3.0,66.0,86.7074682042,2800.0,0.0014448355,16.67,0.15,4
3.0,96.0,90.273734651,1300.0,0.0022570691,11.11,0.15,4
4.0,5.0,287.5840402964,5250.0,0.00359516,22.22,0.15,4
4.0,85.0,322.8303509811,1300.0,0.0080715659,11.11,0.15,4
5.0,316.0,279.3685010285,1300.0,0.006984911,11.11,0.15,4
6.0,7.0,795.7545045901,2800.0,0.0132599231,16.67,0.15,4
6.0,8.0,94.2384847193,7000.0,0.0011780989,22.22,0.15,4
7.0,30.0,709.8908338134,7000.0,0.0088745229,22.22,0.15,4
8.0,628.0,444.4888831833,2800.0,0.0074066667,16.67,0.15,4
9.0,10.0,411.2943367594,5250.0,0.0051416934,22.22,0.15,4
9.0,11.0,623.8562063108,2800.0,0.0103955243,16.67,0.15,4
9.0,106.0,397.5761910963,1300.0,0.0099403988,11.11,0.15,4
10.0,15.0,524.2270172876,2800.0,0.0087353699,16.67,0.15,4
10.0,100.0,507.1878952847,2800.0,0.0084514413,16.67,0.15,4
11.0,12.0,398.6722164447,1300.0,0.0099678022,11.11,0.15,4
11.0,940.0,202.6786500552,5250.0,0.0025337365,22.22,0.15,4
12.0,84.0,89.0217860777,5250.0,0.0011128836,22.22,0.15,4
12.0,85.0,77.3209563226,2800.0,0.0012884249,16.67,0.15,4
13.0,14.0,91.6940971452,2800.0,0.0015279294,16.67,0.15,4
13.0,20.0,107.5766291312,2800.0,0.0017925853,16.67,0.15,4
13.0,21.0,213.8034383535,2800.0,0.0035626781,16.67,0.15,4
14.0,743.0,81.7914799106,2800.0,0.0013629187,16.67,0.15,4
15.0,16.0,87.2553477192,2800.0,0.001453965,16.67,0.15,4
15.0,541.0,303.4717120836,1300.0,0.0075875516,11.11,0.15,4
16.0,126.0,613.3741025333,1300.0,0.0153358862,11.11,0.15,4
17.0,18.0,89.5054353626,2800.0,0.001491459,16.67,0.15,4
17.0,19.0,93.3091226101,2800.0,0.0015548411,16.67,0.15,4
17.0,885.0,265.4008593522,1300.0,0.0066356851,11.11,0.15,4
18.0,752.0,77.9411444465,5250.0,0.0009743617,22.22,0.15,4
18.0,751.0,78.1765997032,2800.0,0.0013026828,16.67,0.15,4
18.0,131.0,89.7088811279,5250.0,0.0011214732,22.22,0.15,4
19.0,750.0,89.6654141449,5250.0,0.0011209298,22.22,0.15,4
19.0,954.0,168.3629000784,1300.0,0.0042094935,11.11,0.15,4
19.0,751.0,85.6208894585,2800.0,0.0014267295,16.67,0.15,4
20.0,741.0,51.619787629,2800.0,0.0008601578,16.67,0.15,4
21.0,932.0,69.0177626455,2800.0,0.001150066,16.67,0.15,4
22.0,23.0,54.272015228,1300.0,0.0013569361,11.11,0.15,4
22.0,24.0,55.1631804861,2800.0,0.0009192025,16.67,0.15,4
22.0,938.0,88.1241024435,2800.0,0.0014684414,16.67,0.15,4
23.0,131.0,49.5610647419,2800.0,0.0008258526,16.67,0.15,4
23.0,24.0,34.1736671714,2800.0,0.0005694472,16.67,0.15,4
24.0,25.0,77.6715263158,5250.0,0.0009709912,22.22,0.15,4
24.0,883.0,84.2829259723,2800.0,0.0014044345,16.67,0.15,4
25.0,692.0,84.3693735086,2800.0,0.0014058751,16.67,0.15,4
25.0,693.0,80.6733972376,5250.0,0.0010085183,22.22,0.15,4
25.0,813.0,77.5941789817,2800.0,0.0012929777,16.67,0.15,4
26.0,27.0,78.26081145,2800.0,0.001304086,16.67,0.15,4
26.0,792.0,49.9680954683,2800.0,0.0008326351,16.67,0.15,4
26.0,758.0,168.7668410173,1300.0,0.004219593,11.11,0.15,4
27.0,871.0,88.0429961294,2800.0,0.0014670899,16.67,0.15,4
27.0,793.0,93.4403264988,2800.0,0.0015570274,16.67,0.15,4
27.0,794.0,103.1643118464,7000.0,0.0012896829,22.22,0.15,4
27.0,889.0,67.5693027214,5250.0,0.0008447008,22.22,0.15,4
28.0,29.0,268.1745089235,2800.0,0.0044686814,16.67,0.15,4
28.0,936.0,372.5811265,1300.0,0.0093154597,11.11,0.15,4
28.0,961.0,46.3122938621,2800.0,0.0007717172,16.67,0.15,4
29.0,42.0,317.0615405891,2800.0,0.0052833023,16.67,0.15,4
29.0,70.0,517.7031786994,1300.0,0.0129438739,11.11,0.15,4
30.0,31.0,308.484390932,2800.0,0.0051403784,16.67,0.15,4
30.0,32.0,1084.7052531413,2800.0,0.0180748059,16.67,0.15,4
31.0,33.0,192.9429015418,2800.0,0.003215072,16.67,0.15,4
31.0,34.0,781.288331767,2800.0,0.0130188684,16.67,0.15,4
32.0,431.0,830.0209622694,2800.0,0.0138309165,16.67,0.15,4
32.0,35.0,176.9529800163,2800.0,0.0029486266,16.67,0.15,4
33.0,129.0,79.3659768203,2800.0,0.0013225018,16.67,0.15,4
33.0,69.0,42.6547442026,2800.0,0.0007107702,16.67,0.15,4
33.0,130.0,159.1994267273,2800.0,0.0026527932,16.67,0.15,4
34.0,113.0,698.8438068196,2800.0,0.0116450678,16.67,0.15,4
34.0,36.0,390.6018277929,1300.0,0.0097660223,11.11,0.15,4
35.0,36.0,206.4352295557,2800.0,0.0034398992,16.67,0.15,4
35.0,93.0,360.2420908354,2800.0,0.0060028343,16.67,0.15,4
36.0,65.0,331.5098596362,1300.0,0.0082885753,11.11,0.15,4
37.0,38.0,109.769622753,1300.0,0.002744515,11.11,0.15,4
37.0,39.0,69.5556353273,2800.0,0.0011590288,16.67,0.15,4
38.0,781.0,614.2702007593,1300.0,0.0153582908,11.11,0.15,4
38.0,39.0,88.9093398441,1300.0,0.0022229558,11.11,0.15,4
39.0,836.0,90.2065323432,1300.0,0.0022553888,11.11,0.15,4
40.0,41.0,52.7484017023,5250.0,0.000659421,22.22,0.15,4
40.0,42.0,267.632939486,10500.0,0.0033457463,22.22,0.15,4
40.0,77.0,46.5560782811,5250.0,0.0005820092,22.22,0.15,4
41.0,43.0,200.659739489,1300.0,0.0050169952,11.11,0.15,4
41.0,44.0,115.6236286306,5250.0,0.0014454399,22.22,0.15,4
42.0,65.0,44.9084265326,5250.0,0.0005614115,22.22,0.15,4
42.0,93.0,281.2298867191,2800.0,0.0046862275,16.67,0.15,4
43.0,76.0,175.7558846377,5250.0,0.0021971683,22.22,0.15,4
43.0,843.0,58.6462863496,2800.0,0.0009772427,16.67,0.15,4
44.0,45.0,73.0816789578,1300.0,0.0018272247,11.11,0.15,4
44.0,45.0,58.5339822644,5250.0,0.000731748,22.22,0.15,4
45.0,83.0,66.0289548478,2800.0,0.0011002625,16.67,0.15,4
45.0,46.0,95.5943720513,5250.0,0.0011950492,22.22,0.15,4
45.0,122.0,92.0472477815,5250.0,0.0011507057,22.22,0.15,4
45.0,879.0,174.2973633895,1300.0,0.0043578699,11.11,0.15,4
46.0,863.0,79.0733967957,5250.0,0.0009885163,22.22,0.15,4
46.0,864.0,85.5917855851,2800.0,0.0014262445,16.67,0.15,4
46.0,861.0,79.0280606203,5250.0,0.0009879496,22.22,0.15,4
47.0,48.0,105.4266583725,2800.0,0.0017567596,16.67,0.15,4
47.0,49.0,85.1481483861,2800.0,0.001418852,16.67,0.15,4
47.0,50.0,54.958143975,2800.0,0.0009157859,16.67,0.15,4
48.0,737.0,108.9466296027,2800.0,0.0018154141,16.67,0.15,4
48.0,738.0,160.699406353,2800.0,0.0026777879,16.67,0.15,4
48.0,739.0,91.4198703252,2800.0,0.0015233598,16.67,0.15,4
48.0,739.0,90.6237254023,2800.0,0.0015100934,16.67,0.15,4
48.0,728.0,182.8777764434,2800.0,0.0030473535,16.67,0.15,4
48.0,740.0,94.8411427435,2800.0,0.0015803696,16.67,0.15,4
49.0,737.0,91.194637891,2800.0,0.0015196067,16.67,0.15,4
49.0,741.0,211.6064964857,1300.0,0.0052906915,11.11,0.15,4
49.0,742.0,105.4716329989,1300.0,0.0026370545,11.11,0.15,4
50.0,50.0,35.9412559176,2800.0,0.0005989012,16.67,0.15,4
51.0,52.0,79.3916507838,2800.0,0.0013229296,16.67,0.15,4
51.0,53.0,88.2954022409,2800.0,0.0014712958,16.67,0.15,4
51.0,56.0,34.4999434552,5250.0,0.0004312924,22.22,0.15,4
51.0,313.0,81.4446875153,2800.0,0.00135714,16.67,0.15,4
52.0,312.0,77.4891886093,2800.0,0.0012912282,16.67,0.15,4
52.0,311.0,81.845347392,2800.0,0.0013638164,16.67,0.15,4
52.0,534.0,83.4987230223,2800.0,0.0013913671,16.67,0.15,4
53.0,535.0,79.8296771871,2800.0,0.0013302286,16.67,0.15,4
53.0,536.0,82.2271298859,2800.0,0.0013701781,16.67,0.15,4
53.0,534.0,83.1407680928,2800.0,0.0013854024,16.67,0.15,4
54.0,55.0,410.7828118767,2800.0,0.0068450112,16.67,0.15,4
54.0,56.0,509.7555274303,1300.0,0.0127451627,11.11,0.15,4
55.0,124.0,715.0549513629,1300.0,0.0178781616,11.11,0.15,4
56.0,539.0,205.6983905154,1300.0,0.0051429741,11.11,0.15,4
57.0,58.0,79.5881106209,2800.0,0.0013262033,16.67,0.15,4
57.0,59.0,78.6769164328,5250.0,0.0009835598,22.22,0.15,4
57.0,316.0,84.640233023,7000.0,0.0010581087,22.22,0.15,4
57.0,746.0,80.4562427148,1300.0,0.0020116072,11.11,0.15,4
57.0,940.0,281.8780606436,2800.0,0.0046970283,16.67,0.15,4
58.0,928.0,80.0519462866,2800.0,0.0013339323,16.67,0.15,4
58.0,194.0,78.1836934905,2800.0,0.001302801,16.67,0.15,4
58.0,872.0,80.2271489898,2800.0,0.0013368518,16.67,0.15,4
59.0,106.0,79.4092319672,5250.0,0.0009927147,22.22,0.15,4
60.0,79.0,548.9102605902,2800.0,0.009146675,16.67,0.15,4
61.0,62.0,154.662597268,1300.0,0.0038669516,11.11,0.15,4
61.0,63.0,74.8949921806,7000.0,0.000936281,22.22,0.15,4
61.0,228.0,38.3627596936,7000.0,0.0004795825,22.22,0.15,4
62.0,64.0,482.9149251532,2800.0,0.0080469727,16.67,0.15,4
62.0,229.0,53.7583110118,2800.0,0.0008957927,16.67,0.15,4
63.0,114.0,48.4418831865,7000.0,0.0006055841,22.22,0.15,4
63.0,890.0,46.6252174592,1300.0,0.001165747,11.11,0.15,4
64.0,937.0,64.2087113352,2800.0,0.0010699312,16.67,0.15,4
64.0,933.0,72.6993205433,2800.0,0.0012114131,16.67,0.15,4
65.0,69.0,203.8540081344,1300.0,0.0050968599,11.11,0.15,4
65.0,70.0,340.1340134573,2800.0,0.0056677667,16.67,0.15,4
66.0,187.0,79.1513684215,2800.0,0.0013189257,16.67,0.15,4
66.0,442.0,79.5573129912,2800.0,0.0013256901,16.67,0.15,4
66.0,188.0,79.2209437553,2800.0,0.001320085,16.67,0.15,4
67.0,68.0,102.9971320941,2800.0,0.0017162756,16.67,0.15,4
67.0,74.0,58.4507716258,2800.0,0.0009739847,16.67,0.15,4
67.0,98.0,136.4969215324,2800.0,0.0022744938,16.67,0.15,4
68.0,92.0,499.7519453041,1300.0,0.0124950481,11.11,0.15,4
68.0,435.0,212.9867687219,1300.0,0.0053252017,11.11,0.15,4
69.0,349.0,37.4685720906,2800.0,0.0006243513,16.67,0.15,4
70.0,758.0,87.6319263578,5250.0,0.0010955086,22.22,0.15,4
71.0,72.0,82.57641996,2800.0,0.0013759985,16.67,0.15,4
71.0,73.0,87.6017284922,1300.0,0.0021902622,11.11,0.15,4
71.0,530.0,78.7561199808,2800.0,0.0013123395,16.67,0.15,4
71.0,674.0,83.458057588,1300.0,0.0020866601,11.11,0.15,4
72.0,533.0,82.6448729903,1300.0,0.0020663285,11.11,0.15,4
72.0,534.0,82.1828751501,2800.0,0.0013694407,16.67,0.15,4
72.0,312.0,88.2313091873,1300.0,0.0022060033,11.11,0.15,4
73.0,307.0,80.6908937374,1300.0,0.0020174741,11.11,0.15,4
73.0,308.0,79.4003483756,2800.0,0.0013230745,16.67,0.15,4
73.0,312.0,81.6660892328,2800.0,0.0013608293,16.67,0.15,4
74.0,75.0,87.1474769127,1300.0,0.0021789048,11.11,0.15,4
74.0,166.0,94.7188500483,1300.0,0.0023682081,11.11,0.15,4
74.0,134.0,86.9124966894,2800.0,0.001448252,16.67,0.15,4
74.0,168.0,75.0431129366,5250.0,0.0009381327,22.22,0.15,4
75.0,136.0,73.8806092203,2800.0,0.0012310973,16.67,0.15,4
75.0,779.0,145.6843721507,1300.0,0.0036424736,11.11,0.15,4
76.0,77.0,200.2775202627,1300.0,0.0050074388,11.11,0.15,4
76.0,845.0,91.7904455454,2800.0,0.0015295349,16.67,0.15,4
76.0,123.0,91.447832035,2800.0,0.0015238258,16.67,0.15,4
76.0,843.0,233.9132515494,1300.0,0.0058484161,11.11,0.15,4
77.0,122.0,167.5502326167,2800.0,0.0027919455,16.67,0.15,4
78.0,79.0,1783.1730332885,7000.0,0.0222918921,22.22,0.15,4
78.0,936.0,407.3175925335,2800.0,0.0067872691,16.67,0.15,4
78.0,961.0,79.6385838176,2800.0,0.0013270443,16.67,0.15,4
80.0,81.0,226.4493521698,1300.0,0.0056618,11.11,0.15,4
80.0,82.0,162.9040032275,7000.0,0.0020365037,22.22,0.15,4
80.0,452.0,79.8710935631,7000.0,0.0009984885,22.22,0.15,4
80.0,455.0,77.1511737276,2800.0,0.0012855958,16.67,0.15,4
81.0,113.0,154.2482851911,5250.0,0.0019282964,22.22,0.15,4
82.0,772.0,220.2694218746,5250.0,0.0027536431,22.22,0.15,4
82.0,926.0,81.1895651252,7000.0,0.0010149711,22.22,0.15,4
82.0,453.0,77.1786423293,7000.0,0.0009648295,22.22,0.15,4
83.0,878.0,79.1267544978,2800.0,0.0013185155,16.67,0.15,4
83.0,879.0,77.8342386904,1300.0,0.0019460506,11.11,0.15,4
83.0,861.0,82.1079962524,1300.0,0.0020529052,11.11,0.15,4
84.0,305.0,71.9044521028,7000.0,0.0008988955,22.22,0.15,4
84.0,94.0,112.576719211,7000.0,0.0014073497,22.22,0.15,4
84.0,306.0,87.4731673432,2800.0,0.0014575946,16.67,0.15,4
85.0,96.0,45.308150474,2800.0,0.0007549848,16.67,0.15,4
85.0,94.0,90.8986365088,2800.0,0.0015146743,16.67,0.15,4
86.0,87.0,79.7201209452,1300.0,0.0019932023,11.11,0.15,4
86.0,88.0,76.8784247283,2800.0,0.0012810509,16.67,0.15,4
86.0,106.0,80.1385543782,1300.0,0.0020036642,11.11,0.15,4
87.0,305.0,91.6473893577,2800.0,0.0015271511,16.67,0.15,4
87.0,910.0,78.5027928616,2800.0,0.0013081183,16.67,0.15,4
88.0,193.0,79.3949419135,2800.0,0.0013229844,16.67,0.15,4
88.0,432.0,78.7232112105,2800.0,0.0013117912,16.67,0.15,4
89.0,90.0,119.5954417574,1300.0,0.0029901851,11.11,0.15,4
89.0,91.0,102.9324586854,1300.0,0.0025735688,11.11,0.15,4
89.0,956.0,54.4004006354,2800.0,0.000906492,16.67,0.15,4
90.0,221.0,99.9841397405,2800.0,0.0016660691,16.67,0.15,4
90.0,262.0,184.9417574845,2800.0,0.0030817463,16.67,0.15,4
90.0,91.0,76.8111004784,2800.0,0.001279929,16.67,0.15,4
91.0,127.0,78.6831430206,2800.0,0.0013111235,16.67,0.15,4
92.0,222.0,233.9055920599,2800.0,0.003897647,16.67,0.15,4
92.0,223.0,79.4576947542,2800.0,0.0013240301,16.67,0.15,4
92.0,836.0,77.1658289879,2800.0,0.00128584,16.67,0.15,4
93.0,101.0,264.383346496,5250.0,0.0033051223,22.22,0.15,4
94.0,95.0,85.2876260526,7000.0,0.0010662019,22.22,0.15,4
94.0,96.0,80.4939365853,1300.0,0.0020125497,11.11,0.15,4
94.0,531.0,53.0696721946,5250.0,0.0006634372,22.22,0.15,4
95.0,471.0,79.4209022029,7000.0,0.0009928606,22.22,0.15,4
95.0,442.0,79.1405021771,2800.0,0.0013187446,16.67,0.15,4
95.0,474.0,88.4265288399,1300.0,0.0022108843,11.11,0.15,4
96.0,442.0,78.5706845899,2800.0,0.0013092496,16.67,0.15,4
97.0,98.0,241.0627372405,1300.0,0.0060271711,11.11,0.15,4
97.0,99.0,382.6802027959,2800.0,0.006376728,16.67,0.15,4
97.0,167.0,212.0061564769,1300.0,0.005300684,11.11,0.15,4
98.0,166.0,162.185852288,1300.0,0.0040550518,11.11,0.15,4
99.0,167.0,34.8975752942,8750.0,0.0004362633,22.22,0.15,4
100.0,945.0,195.2443707561,2800.0,0.0032534222,16.67,0.15,4
100.0,534.0,733.573791196,1300.0,0.0183411789,11.11,0.15,4
101.0,757.0,95.0086918234,7000.0,0.0011877274,22.22,0.15,4
101.0,354.0,91.2823199423,2800.0,0.0015210678,16.67,0.15,4
101.0,103.0,117.2804634271,1300.0,0.0029323048,11.11,0.15,4
101.0,102.0,82.5641662415,2800.0,0.0013757943,16.67,0.15,4
101.0,791.0,84.1837812522,7000.0,0.0010524025,22.22,0.15,4
102.0,103.0,42.8745841465,7000.0,0.0005359859,22.22,0.15,4
102.0,759.0,46.0252804481,8750.0,0.0005753735,22.22,0.15,4
103.0,368.0,69.095830193,7000.0,0.0008637843,22.22,0.15,4
103.0,909.0,87.8449628096,7000.0,0.0010981719,22.22,0.15,4
104.0,105.0,39.603923348,2800.0,0.0006599334,16.67,0.15,4
104.0,917.0,333.3103896885,2800.0,0.0055540623,16.67,0.15,4
105.0,944.0,75.9239834171,2800.0,0.0012651467,16.67,0.15,4
106.0,107.0,76.8259788095,2800.0,0.0012801769,16.67,0.15,4
106.0,193.0,81.492070432,2800.0,0.0013579296,16.67,0.15,4
107.0,190.0,77.7585112614,2800.0,0.001295716,16.67,0.15,4
107.0,192.0,80.0371205738,2800.0,0.0013336853,16.67,0.15,4
108.0,109.0,105.9910036437,2800.0,0.0017661635,16.67,0.15,4
108.0,110.0,96.1583692307,2800.0,0.001602319,16.67,0.15,4
108.0,797.0,92.623606759,2800.0,0.0015434181,16.67,0.15,4
109.0,629.0,67.2326650457,5250.0,0.0008404924,22.22,0.15,4
110.0,572.0,123.7114785749,1300.0,0.0030930963,11.11,0.15,4
111.0,112.0,84.0538855355,2800.0,0.001400618,16.67,0.15,4
111.0,223.0,155.7177699747,2800.0,0.0025947772,16.67,0.15,4
111.0,962.0,436.8820450713,1300.0,0.0109231434,11.11,0.15,4
112.0,443.0,160.9221528736,2800.0,0.0026814996,16.67,0.15,4
113.0,963.0,844.9403662409,1300.0,0.0211256217,11.11,0.15,4
114.0,115.0,82.9873409789,5250.0,0.0010374455,22.22,0.15,4
114.0,116.0,75.600331041,5250.0,0.0009450986,22.22,0.15,4
114.0,117.0,78.9959526737,8750.0,0.0009875482,22.22,0.15,4
114.0,939.0,126.4283302054,1300.0,0.0031610244,11.11,0.15,4
115.0,546.0,81.0311699591,7000.0,0.0010129909,22.22,0.15,4
115.0,333.0,77.9766730851,2800.0,0.0012993513,16.67,0.15,4
115.0,329.0,79.1171550432,7000.0,0.0009890633,22.22,0.15,4
116.0,326.0,78.609472127,2800.0,0.0013098959,16.67,0.15,4
116.0,227.0,80.4497689418,2800.0,0.0013405614,16.67,0.15,4
116.0,327.0,78.3603481658,2800.0,0.0013057447,16.67,0.15,4
117.0,329.0,82.2486710438,2800.0,0.0013705371,16.67,0.15,4
117.0,327.0,75.4707068958,2800.0,0.0012575936,16.67,0.15,4
117.0,330.0,79.0567117358,8750.0,0.0009883077,22.22,0.15,4
118.0,119.0,78.7853770238,2800.0,0.0013128271,16.67,0.15,4
118.0,120.0,158.0540568931,2800.0,0.0026337075,16.67,0.15,4
118.0,121.0,157.1967724157,2800.0,0.0026194223,16.67,0.15,4
119.0,513.0,79.6259662192,2800.0,0.0013268341,16.67,0.15,4
119.0,907.0,157.5992030339,2800.0,0.0026261282,16.67,0.15,4
119.0,515.0,158.3080247203,2800.0,0.0026379395,16.67,0.15,4
120.0,927.0,157.9373417987,2800.0,0.0026317627,16.67,0.15,4
120.0,907.0,78.5172872365,2800.0,0.0013083598,16.67,0.15,4
120.0,873.0,80.0306649801,2800.0,0.0013335777,16.67,0.15,4
121.0,511.0,78.5162999294,2800.0,0.0013083433,16.67,0.15,4
121.0,509.0,79.7419716469,1300.0,0.0019937487,11.11,0.15,4
121.0,515.0,79.0493407406,1300.0,0.0019764312,11.11,0.15,4
122.0,123.0,152.1053197768,1300.0,0.0038030133,11.11,0.15,4
122.0,863.0,81.7408487652,5250.0,0.0010218628,22.22,0.15,4
122.0,924.0,78.2468887577,5250.0,0.0009781839,22.22,0.15,4
123.0,923.0,79.6409465065,1300.0,0.0019912228,11.11,0.15,4
123.0,879.0,241.4623335233,2800.0,0.0040235675,16.67,0.15,4
123.0,924.0,78.4050515962,1300.0,0.0019603223,11.11,0.15,4
124.0,125.0,154.1673051243,2800.0,0.0025689413,16.67,0.15,4
125.0,945.0,362.380145121,1300.0,0.0090604097,11.11,0.15,4
125.0,956.0,243.2597478279,1300.0,0.0060821019,11.11,0.15,4
126.0,127.0,181.2650043431,1300.0,0.0045320783,11.11,0.15,4
127.0,128.0,80.6873588895,2800.0,0.0013445204,16.67,0.15,4
128.0,930.0,76.8216129011,2800.0,0.0012801042,16.67,0.15,4
129.0,719.0,79.2936836109,2800.0,0.0013212971,16.67,0.15,4
129.0,731.0,158.1655363631,2800.0,0.0026355652,16.67,0.15,4
130.0,756.0,78.4459228489,2800.0,0.0013071706,16.67,0.15,4
130.0,731.0,79.2059230189,2800.0,0.0013198348,16.67,0.15,4
130.0,352.0,80.7889513591,2800.0,0.0013462133,16.67,0.15,4
131.0,938.0,108.0256560622,1300.0,0.0027009115,11.11,0.15,4
131.0,954.0,131.9715134784,1300.0,0.0032996178,11.11,0.15,4
131.0,813.0,87.8884619084,5250.0,0.0010987156,22.22,0.15,4
132.0,133.0,75.8269040519,2800.0,0.001263529,16.67,0.15,4
132.0,948.0,85.8885522434,1300.0,0.0021474285,11.11,0.15,4
132.0,898.0,152.9764472074,2800.0,0.0025490976,16.67,0.15,4
132.0,134.0,85.4727332985,2800.0,0.0014242607,16.67,0.15,4
133.0,135.0,79.5314326724,2800.0,0.0013252588,16.67,0.15,4
133.0,436.0,80.7082557646,2800.0,0.0013448686,16.67,0.15,4
133.0,464.0,78.9687415981,2800.0,0.0013158825,16.67,0.15,4
134.0,135.0,77.3573324393,2800.0,0.0012890311,16.67,0.15,4
134.0,435.0,96.1338728776,2800.0,0.0016019108,16.67,0.15,4
135.0,168.0,79.1876832981,1300.0,0.0019798901,11.11,0.15,4
135.0,170.0,79.4394396235,2800.0,0.0013237259,16.67,0.15,4
136.0,779.0,79.7565800554,2800.0,0.0013290105,16.67,0.15,4
136.0,780.0,77.0321502231,1300.0,0.0019259964,11.11,0.15,4
136.0,168.0,79.2895844615,2800.0,0.0013212288,16.67,0.15,4
137.0,138.0,34.4106003405,2800.0,0.0005733953,16.67,0.15,4
137.0,137.0,64.9758933715,2800.0,0.001082715,16.67,0.15,4
138.0,908.0,120.0293348111,2800.0,0.0020000889,16.67,0.15,4
138.0,726.0,79.1650042104,2800.0,0.0013191529,16.67,0.15,4
139.0,140.0,85.9396587003,5250.0,0.0010743532,22.22,0.15,4
139.0,468.0,69.668989325,2800.0,0.0011609176,16.67,0.15,4
139.0,736.0,112.9927384658,2800.0,0.0018828357,16.67,0.15,4
140.0,736.0,54.95539825,2800.0,0.0009157402,16.67,0.15,4
140.0,263.0,87.0718906719,5250.0,0.0010885075,22.22,0.15,4
140.0,142.0,86.8183296785,2800.0,0.0014466828,16.67,0.15,4
140.0,143.0,79.6873967534,5250.0,0.0009961921,22.22,0.15,4
141.0,142.0,73.1128418838,1300.0,0.0018280038,11.11,0.15,4
141.0,143.0,81.1497651883,2800.0,0.0013522256,16.67,0.15,4
141.0,144.0,48.1151396663,2800.0,0.0008017586,16.67,0.15,4
141.0,145.0,79.40860896,1300.0,0.0019854138,11.11,0.15,4
142.0,468.0,55.6176368563,2800.0,0.0009267753,16.67,0.15,4
143.0,147.0,79.3982996615,5250.0,0.000992578,22.22,0.15,4
143.0,265.0,76.6994765783,2800.0,0.001278069,16.67,0.15,4
144.0,146.0,79.4356779119,1300.0,0.0019860906,11.11,0.15,4
144.0,439.0,79.0923911782,2800.0,0.0013179429,16.67,0.15,4
144.0,468.0,79.7456751164,1300.0,0.0019938413,11.11,0.15,4
145.0,146.0,48.6360074546,2800.0,0.000810438,16.67,0.15,4
145.0,147.0,81.1484416122,2800.0,0.0013522036,16.67,0.15,4
145.0,148.0,79.2346018573,1300.0,0.0019810632,11.11,0.15,4
146.0,181.0,78.5998704505,2800.0,0.0013097359,16.67,0.15,4
146.0,177.0,79.2307579103,1300.0,0.001980967,11.11,0.15,4
147.0,149.0,79.2194536686,5250.0,0.0009903422,22.22,0.15,4
147.0,266.0,76.9510848906,2800.0,0.0012822616,16.67,0.15,4
148.0,149.0,81.1549144153,2800.0,0.0013523114,16.67,0.15,4
148.0,150.0,79.4308380553,1300.0,0.0019859695,11.11,0.15,4
148.0,177.0,48.635389528,2800.0,0.0008104277,16.67,0.15,4
149.0,175.0,76.8164058661,2800.0,0.0012800174,16.67,0.15,4
149.0,151.0,79.9751164713,5250.0,0.0009997889,22.22,0.15,4
150.0,151.0,81.1939114928,2800.0,0.0013529613,16.67,0.15,4
150.0,152.0,79.2307524542,1300.0,0.0019809669,11.11,0.15,4
151.0,270.0,78.7754186293,5250.0,0.0009847912,22.22,0.15,4
151.0,176.0,76.8440610596,2800.0,0.0012804783,16.67,0.15,4
152.0,153.0,48.4795192982,2800.0,0.0008078304,16.67,0.15,4
152.0,270.0,81.1551958948,2800.0,0.0013523161,16.67,0.15,4
153.0,592.0,80.8355985468,2800.0,0.0013469906,16.67,0.15,4
153.0,593.0,78.848722613,2800.0,0.0013138826,16.67,0.15,4
153.0,178.0,79.2052013519,1300.0,0.0019803281,11.11,0.15,4
154.0,155.0,113.2859865507,2800.0,0.0018877222,16.67,0.15,4
154.0,156.0,102.6632579804,2800.0,0.0017107122,16.67,0.15,4
154.0,157.0,72.7769233536,2800.0,0.0012127062,16.67,0.15,4
155.0,807.0,51.8868927073,2800.0,0.0008646086,16.67,0.15,4
156.0,810.0,106.793545381,2800.0,0.0017795365,16.67,0.15,4
157.0,959.0,105.1856587366,2800.0,0.0017527438,16.67,0.15,4
157.0,957.0,132.8773883809,2800.0,0.0022141803,16.67,0.15,4
157.0,946.0,194.9857186917,2800.0,0.0032491122,16.67,0.15,4
158.0,159.0,78.8647865847,2800.0,0.0013141503,16.67,0.15,4
158.0,160.0,86.0714807579,2800.0,0.0014342378,16.67,0.15,4
158.0,161.0,79.0184997701,2800.0,0.0013167117,16.67,0.15,4
159.0,162.0,79.6678072479,2800.0,0.0013275313,16.67,0.15,4
159.0,163.0,78.9185024553,2800.0,0.0013150454,16.67,0.15,4
159.0,164.0,103.7678580599,2800.0,0.0017291185,16.67,0.15,4
160.0,164.0,128.2966249934,2800.0,0.0021378495,16.67,0.15,4
160.0,811.0,108.7404064291,1300.0,0.002718782,11.11,0.15,4
160.0,660.0,74.8968311425,5250.0,0.000936304,22.22,0.15,4
161.0,398.0,79.5948607046,2800.0,0.0013263157,16.67,0.15,4
161.0,401.0,77.5235954134,2800.0,0.0012918016,16.67,0.15,4
161.0,163.0,80.2120537749,2800.0,0.0013366002,16.67,0.15,4
162.0,165.0,105.1128472012,2800.0,0.0017515305,16.67,0.15,4
162.0,806.0,78.6537184888,2800.0,0.0013106332,16.67,0.15,4
163.0,399.0,79.5605238528,2800.0,0.0013257436,16.67,0.15,4
163.0,806.0,79.379698592,2800.0,0.0013227304,16.67,0.15,4
164.0,165.0,80.0662902047,5250.0,0.0010009287,22.22,0.15,4
166.0,167.0,617.7616204688,1300.0,0.0154455851,11.11,0.15,4
166.0,435.0,89.3444317307,1300.0,0.0022338342,11.11,0.15,4
168.0,169.0,76.3151743218,2800.0,0.0012716652,16.67,0.15,4
169.0,170.0,79.6561696672,2800.0,0.0013273374,16.67,0.15,4
169.0,171.0,79.9025341828,2800.0,0.0013314426,16.67,0.15,4
169.0,780.0,79.0953756904,2800.0,0.0013179927,16.67,0.15,4
170.0,436.0,78.9053047116,2800.0,0.0013148254,16.67,0.15,4
170.0,437.0,78.6473084956,2800.0,0.0013105264,16.67,0.15,4
171.0,172.0,79.2564883944,2800.0,0.0013206773,16.67,0.15,4
171.0,173.0,78.3267930784,2800.0,0.0013051855,16.67,0.15,4
171.0,437.0,79.2941447245,2800.0,0.0013213048,16.67,0.15,4
172.0,875.0,79.9512527685,2800.0,0.0013322544,16.67,0.15,4
172.0,268.0,78.2865461534,2800.0,0.0013045149,16.67,0.15,4
172.0,780.0,80.1466509454,2800.0,0.0013355104,16.67,0.15,4
173.0,174.0,79.4900036729,2800.0,0.0013245685,16.67,0.15,4
173.0,175.0,80.7155187341,2800.0,0.0013449896,16.67,0.15,4
173.0,268.0,79.2014865255,2800.0,0.0013197608,16.67,0.15,4
174.0,266.0,80.8214183229,2800.0,0.0013467543,16.67,0.15,4
174.0,267.0,79.1559120877,2800.0,0.0013190014,16.67,0.15,4
174.0,437.0,77.9506075312,2800.0,0.001298917,16.67,0.15,4
175.0,176.0,79.1353637793,2800.0,0.001318659,16.67,0.15,4
175.0,266.0,79.5022735443,2800.0,0.0013247729,16.67,0.15,4
176.0,268.0,80.5775884843,2800.0,0.0013426913,16.67,0.15,4
176.0,269.0,79.3071738118,2800.0,0.0013215219,16.67,0.15,4
177.0,178.0,79.4905307387,1300.0,0.001987462,11.11,0.15,4
177.0,179.0,78.6300272111,2800.0,0.0013102384,16.67,0.15,4
178.0,180.0,77.5272768129,2800.0,0.0012918629,16.67,0.15,4
179.0,180.0,79.0535135443,2800.0,0.0013172951,16.67,0.15,4
179.0,181.0,79.2315696107,2800.0,0.0013202621,16.67,0.15,4
179.0,182.0,79.4487521862,2800.0,0.0013238811,16.67,0.15,4
180.0,183.0,79.3981645627,2800.0,0.0013230381,16.67,0.15,4
180.0,593.0,79.4649978402,2800.0,0.0013241518,16.67,0.15,4
181.0,438.0,79.4960996979,2800.0,0.0013246701,16.67,0.15,4
181.0,439.0,79.4538808211,2800.0,0.0013239666,16.67,0.15,4
182.0,183.0,79.1634576722,2800.0,0.0013191271,16.67,0.15,4
182.0,186.0,78.2326214775,2800.0,0.0013036163,16.67,0.15,4
182.0,438.0,79.2193575651,2800.0,0.0013200586,16.67,0.15,4
183.0,876.0,79.2861330405,2800.0,0.0013211713,16.67,0.15,4
183.0,707.0,78.5019723049,1300.0,0.0019627456,11.11,0.15,4
184.0,185.0,79.365284666,2800.0,0.0013224902,16.67,0.15,4
184.0,186.0,79.4953979265,2800.0,0.0013246584,16.67,0.15,4
184.0,187.0,79.2308317277,2800.0,0.0013202498,16.67,0.15,4
184.0,188.0,79.1680499536,2800.0,0.0013192037,16.67,0.15,4
185.0,877.0,78.9258109174,2800.0,0.0013151671,16.67,0.15,4
185.0,189.0,79.1642640774,2800.0,0.0013191406,16.67,0.15,4
185.0,707.0,79.2423910026,2800.0,0.0013204424,16.67,0.15,4
186.0,440.0,79.2276816035,2800.0,0.0013201973,16.67,0.15,4
186.0,707.0,79.2606893555,2800.0,0.0013207473,16.67,0.15,4
187.0,440.0,79.387380152,2800.0,0.0013228584,16.67,0.15,4
187.0,441.0,79.5313324916,2800.0,0.0013252572,16.67,0.15,4
188.0,189.0,79.4756061916,2800.0,0.0013243286,16.67,0.15,4
188.0,190.0,80.0426656148,2800.0,0.0013337777,16.67,0.15,4
189.0,557.0,78.7303407964,2800.0,0.00131191,16.67,0.15,4
189.0,191.0,79.2424423056,2800.0,0.0013204433,16.67,0.15,4
190.0,191.0,79.6736933545,5250.0,0.0009960208,22.22,0.15,4
191.0,558.0,78.5517567147,5250.0,0.0009819952,22.22,0.15,4
191.0,192.0,78.6812950891,1300.0,0.0019672291,11.11,0.15,4
192.0,316.0,83.0635122303,2800.0,0.001384115,16.67,0.15,4
193.0,194.0,79.1323638957,2800.0,0.001318609,16.67,0.15,4
193.0,195.0,79.7842764063,2800.0,0.001329472,16.67,0.15,4
194.0,196.0,80.4112308235,2800.0,0.0013399192,16.67,0.15,4
195.0,196.0,78.7474945495,1300.0,0.0019688843,11.11,0.15,4
195.0,197.0,78.3924098197,2800.0,0.0013062789,16.67,0.15,4
195.0,432.0,79.016719277,2800.0,0.001316682,16.67,0.15,4
196.0,507.0,79.0106028923,2800.0,0.0013165801,16.67,0.15,4
196.0,872.0,79.0457883732,1300.0,0.0019763423,11.11,0.15,4
197.0,198.0,78.260653473,2800.0,0.0013040834,16.67,0.15,4
197.0,199.0,78.0420101866,1300.0,0.0019512454,11.11,0.15,4
197.0,507.0,78.8644671044,1300.0,0.0019718089,11.11,0.15,4
198.0,432.0,79.1798887064,2800.0,0.0013194009,16.67,0.15,4
198.0,433.0,81.0666787411,2800.0,0.0013508411,16.67,0.15,4
199.0,200.0,79.8769188337,1300.0,0.0019971227,11.11,0.15,4
199.0,478.0,207.8111621511,2800.0,0.0034628268,16.67,0.15,4
200.0,201.0,199.9369600931,2800.0,0.0033316163,16.67,0.15,4
200.0,202.0,79.1721519909,1300.0,0.0019795017,11.11,0.15,4
200.0,508.0,79.2114190521,1300.0,0.0019804835,11.11,0.15,4
201.0,502.0,40.476848681,5250.0,0.0005060112,22.22,0.15,4
201.0,203.0,89.8416970554,7000.0,0.0011231335,22.22,0.15,4
201.0,478.0,80.909077067,7000.0,0.0010114646,22.22,0.15,4
202.0,203.0,201.4880205761,2800.0,0.0033574622,16.67,0.15,4
202.0,204.0,78.790306799,1300.0,0.0019699547,11.11,0.15,4
203.0,481.0,51.4742962835,7000.0,0.0006434931,22.22,0.15,4
203.0,887.0,140.8059637473,2800.0,0.0023462968,16.67,0.15,4
203.0,502.0,83.3257232273,1300.0,0.0020833514,11.11,0.15,4
204.0,205.0,79.5642254881,2800.0,0.0013258053,16.67,0.15,4
204.0,206.0,78.9398435497,2800.0,0.001315401,16.67,0.15,4
204.0,207.0,158.3833770535,1300.0,0.0039599804,11.11,0.15,4
205.0,208.0,158.3150297613,2800.0,0.0026380562,16.67,0.15,4
205.0,873.0,78.8835302036,2800.0,0.0013144626,16.67,0.15,4
205.0,508.0,157.670661056,2800.0,0.0026273189,16.67,0.15,4
206.0,482.0,105.3642203466,2800.0,0.0017557192,16.67,0.15,4
206.0,434.0,83.1757228307,2800.0,0.0013859849,16.67,0.15,4
207.0,208.0,79.4249761203,2800.0,0.0013234849,16.67,0.15,4
207.0,209.0,78.7034438875,2800.0,0.0013114618,16.67,0.15,4
207.0,210.0,80.3257121365,1300.0,0.0020083436,11.11,0.15,4
208.0,212.0,157.9640917354,2800.0,0.0026322084,16.67,0.15,4
208.0,874.0,79.304948108,2800.0,0.0013214848,16.67,0.15,4
209.0,434.0,74.8618754064,2800.0,0.0012474484,16.67,0.15,4
209.0,488.0,90.2563101338,2800.0,0.001503971,16.67,0.15,4
210.0,211.0,77.3955478192,1300.0,0.0019350822,11.11,0.15,4
210.0,487.0,161.1482737405,2800.0,0.0026852675,16.67,0.15,4
211.0,212.0,79.3085652525,2800.0,0.0013215451,16.67,0.15,4
211.0,213.0,91.3131520327,2800.0,0.0015215816,16.67,0.15,4
212.0,827.0,79.5084508509,2800.0,0.0013248759,16.67,0.15,4
213.0,778.0,71.4184924826,5250.0,0.0008928204,22.22,0.15,4
213.0,943.0,66.726851525,1300.0,0.0016683381,11.11,0.15,4
213.0,966.0,50.0677353881,1300.0,0.0012518186,11.11,0.15,4
214.0,215.0,95.32434074,2800.0,0.0015884213,16.67,0.15,4
214.0,216.0,88.3312018298,2800.0,0.0014718923,16.67,0.15,4
214.0,217.0,78.9754322103,5250.0,0.0009872916,22.22,0.15,4
214.0,623.0,79.8624502635,5250.0,0.0009983805,22.22,0.15,4
215.0,918.0,252.3260675836,2800.0,0.0042045935,16.67,0.15,4
215.0,941.0,72.9163014747,5250.0,0.0009115449,22.22,0.15,4
215.0,624.0,73.067704833,1300.0,0.0018268753,11.11,0.15,4
215.0,624.0,69.3394826056,2800.0,0.001155427,16.67,0.15,4
216.0,218.0,158.9077605637,7000.0,0.0019865457,22.22,0.15,4
216.0,219.0,82.8727092036,2800.0,0.0013809356,16.67,0.15,4
216.0,626.0,78.9747201802,7000.0,0.0009872827,22.22,0.15,4
217.0,624.0,83.8919674931,2800.0,0.0013979199,16.67,0.15,4
217.0,625.0,79.1268472966,2800.0,0.0013185171,16.67,0.15,4
217.0,626.0,88.3321095229,2800.0,0.0014719074,16.67,0.15,4
218.0,925.0,78.9376487479,7000.0,0.0009868193,22.22,0.15,4
218.0,900.0,82.8522930413,1300.0,0.0020715145,11.11,0.15,4
218.0,621.0,88.329376976,2800.0,0.0014718619,16.67,0.15,4
219.0,220.0,79.3176300511,2800.0,0.0013216962,16.67,0.15,4
219.0,900.0,158.5643195603,2800.0,0.0026422102,16.67,0.15,4
220.0,626.0,82.8548431998,2800.0,0.0013806379,16.67,0.15,4
220.0,797.0,79.1269457305,2800.0,0.0013185187,16.67,0.15,4
222.0,223.0,190.2228084138,2800.0,0.0031697462,16.67,0.15,4
222.0,454.0,65.3117312593,2800.0,0.0010883112,16.67,0.15,4
224.0,225.0,78.8549579017,2800.0,0.0013139865,16.67,0.15,4
224.0,226.0,76.6310238321,2800.0,0.0012769283,16.67,0.15,4
224.0,227.0,81.0946829384,2800.0,0.0013513078,16.67,0.15,4
224.0,228.0,76.2212608465,2800.0,0.0012701003,16.67,0.15,4
225.0,545.0,77.592157568,2800.0,0.001292944,16.67,0.15,4
225.0,717.0,76.8137924735,2800.0,0.0012799739,16.67,0.15,4
225.0,718.0,157.7332837653,2800.0,0.0026283624,16.67,0.15,4
226.0,721.0,79.3377239614,2800.0,0.001322031,16.67,0.15,4
226.0,722.0,76.1975691488,2800.0,0.0012697055,16.67,0.15,4
226.0,717.0,79.6650149425,2800.0,0.0013274848,16.67,0.15,4
227.0,890.0,44.6341452188,2800.0,0.0007437537,16.67,0.15,4
227.0,545.0,78.9965806476,2800.0,0.0013163464,16.67,0.15,4
228.0,722.0,76.4549784888,7000.0,0.0009557828,22.22,0.15,4
229.0,230.0,80.8650373995,7000.0,0.0010109141,22.22,0.15,4
229.0,231.0,78.694441683,5250.0,0.0009837789,22.22,0.15,4
229.0,546.0,76.2174894466,7000.0,0.0009528139,22.22,0.15,4
230.0,233.0,78.9091749034,2800.0,0.0013148899,16.67,0.15,4
230.0,722.0,81.659722734,2800.0,0.0013607232,16.67,0.15,4
230.0,723.0,79.338828235,7000.0,0.0009918345,22.22,0.15,4
231.0,232.0,77.2376794205,2800.0,0.0012870372,16.67,0.15,4
231.0,233.0,80.0500511607,2800.0,0.0013339007,16.67,0.15,4
231.0,234.0,82.0269536081,5250.0,0.0010254395,22.22,0.15,4
232.0,333.0,80.7063356373,2800.0,0.0013448366,16.67,0.15,4
232.0,235.0,82.5246215109,7000.0,0.0010316609,22.22,0.15,4
232.0,546.0,78.0430259396,5250.0,0.0009756354,22.22,0.15,4
233.0,236.0,82.0649568956,2800.0,0.0013674758,16.67,0.15,4
233.0,653.0,92.1416235999,2800.0,0.0015353866,16.67,0.15,4
234.0,235.0,77.8269161952,2800.0,0.0012968559,16.67,0.15,4
234.0,236.0,80.0279771125,2800.0,0.0013335329,16.67,0.15,4
234.0,237.0,76.2189770354,5250.0,0.0009528325,22.22,0.15,4
235.0,239.0,76.1215905674,5250.0,0.000951615,22.22,0.15,4
235.0,337.0,80.1286659062,2800.0,0.0013352107,16.67,0.15,4
236.0,651.0,81.3898957241,5250.0,0.0010174754,22.22,0.15,4
236.0,238.0,76.1975870786,2800.0,0.0012697058,16.67,0.15,4
237.0,238.0,80.7952499628,2800.0,0.0013463182,16.67,0.15,4
237.0,239.0,77.0590268472,2800.0,0.0012840603,16.67,0.15,4
237.0,240.0,78.4190333166,5250.0,0.000980336,22.22,0.15,4
238.0,242.0,78.4962237457,2800.0,0.0013080088,16.67,0.15,4
238.0,388.0,79.3385743534,2800.0,0.0013220452,16.67,0.15,4
239.0,339.0,80.1280530133,2800.0,0.0013352005,16.67,0.15,4
239.0,241.0,78.2956125269,5250.0,0.000978793,22.22,0.15,4
240.0,241.0,76.1477452881,2800.0,0.0012688753,16.67,0.15,4
240.0,242.0,81.7076233341,2800.0,0.0013615214,16.67,0.15,4
240.0,243.0,78.9975166618,5250.0,0.0009875677,22.22,0.15,4
241.0,343.0,80.1286354541,2800.0,0.0013352102,16.67,0.15,4
241.0,244.0,79.0359086343,5250.0,0.0009880477,22.22,0.15,4
242.0,245.0,79.2286550485,2800.0,0.0013202135,16.67,0.15,4
242.0,386.0,79.3391640302,2800.0,0.001322055,16.67,0.15,4
243.0,244.0,76.9591439424,2800.0,0.0012823959,16.67,0.15,4
243.0,245.0,80.9091081923,2800.0,0.0013482155,16.67,0.15,4
243.0,246.0,80.1887041018,2800.0,0.0013362112,16.67,0.15,4
244.0,346.0,80.1165807299,2800.0,0.0013350093,16.67,0.15,4
244.0,247.0,80.2959254491,5250.0,0.0010037994,22.22,0.15,4
245.0,724.0,79.6662542449,2800.0,0.0013275054,16.67,0.15,4
245.0,387.0,79.3377026,2800.0,0.0013220306,16.67,0.15,4
246.0,247.0,76.7177559047,2800.0,0.0012783736,16.67,0.15,4
246.0,724.0,79.2383975465,2800.0,0.0013203759,16.67,0.15,4
247.0,547.0,81.8802299067,2800.0,0.0013643976,16.67,0.15,4
248.0,249.0,78.2605603752,2800.0,0.0013040819,16.67,0.15,4
248.0,250.0,80.1873157007,2800.0,0.001336188,16.67,0.15,4
248.0,251.0,79.0750035175,5250.0,0.0009885364,22.22,0.15,4
248.0,641.0,78.6776918327,5250.0,0.0009835695,22.22,0.15,4
249.0,252.0,79.3939371624,2800.0,0.0013229677,16.67,0.15,4
249.0,253.0,79.0043395652,2800.0,0.0013164757,16.67,0.15,4
249.0,369.0,79.0199440761,2800.0,0.0013167357,16.67,0.15,4
250.0,375.0,78.9946274346,2800.0,0.0013163139,16.67,0.15,4
250.0,371.0,79.239473655,2800.0,0.0013203938,16.67,0.15,4
250.0,642.0,78.8343911706,2800.0,0.0013136438,16.67,0.15,4
251.0,369.0,78.1833930976,2800.0,0.001302796,16.67,0.15,4
251.0,370.0,78.919235804,5250.0,0.0009865891,22.22,0.15,4
251.0,371.0,80.139339237,2800.0,0.0013353886,16.67,0.15,4
252.0,254.0,78.8085010369,2800.0,0.0013132124,16.67,0.15,4
252.0,255.0,79.1278999668,2800.0,0.0013185346,16.67,0.15,4
252.0,256.0,79.1155614623,2800.0,0.001318329,16.67,0.15,4
253.0,255.0,79.4173816359,2800.0,0.0013233584,16.67,0.15,4
253.0,641.0,78.3288909296,2800.0,0.0013052205,16.67,0.15,4
253.0,838.0,79.1132835393,2800.0,0.0013182911,16.67,0.15,4
254.0,257.0,79.126701147,2800.0,0.0013185146,16.67,0.15,4
254.0,369.0,79.3822259164,2800.0,0.0013227725,16.67,0.15,4
254.0,822.0,79.2603964118,2800.0,0.0013207425,16.67,0.15,4
255.0,837.0,78.979880099,2800.0,0.0013160681,16.67,0.15,4
255.0,258.0,79.1042935077,2800.0,0.0013181413,16.67,0.15,4
256.0,257.0,78.8152427211,2800.0,0.0013133247,16.67,0.15,4
256.0,258.0,79.1969599953,2800.0,0.0013196854,16.67,0.15,4
256.0,259.0,80.1196747447,2800.0,0.0013350609,16.67,0.15,4
257.0,261.0,80.0576434033,2800.0,0.0013340273,16.67,0.15,4
257.0,840.0,79.1736482158,2800.0,0.0013192969,16.67,0.15,4
258.0,839.0,78.4334643688,2800.0,0.001306963,16.67,0.15,4
258.0,912.0,79.4489867112,2800.0,0.001323885,16.67,0.15,4
259.0,260.0,168.5211841305,2800.0,0.0028081248,16.67,0.15,4
259.0,261.0,79.2118579686,2800.0,0.0013199336,16.67,0.15,4
259.0,912.0,77.9192405472,2800.0,0.0012983943,16.67,0.15,4
260.0,261.0,88.1567854742,2800.0,0.001468986,16.67,0.15,4
260.0,826.0,78.0338108049,2800.0,0.0013003035,16.67,0.15,4
261.0,824.0,78.3152102334,2800.0,0.0013049925,16.67,0.15,4
263.0,264.0,94.990884737,5250.0,0.0011875048,22.22,0.15,4
263.0,265.0,79.7028159696,2800.0,0.0013281146,16.67,0.15,4
263.0,735.0,80.914177078,5250.0,0.0010115284,22.22,0.15,4
264.0,466.0,88.7898503213,2800.0,0.0014795349,16.67,0.15,4
264.0,595.0,58.3248046565,5250.0,0.000729133,22.22,0.15,4
264.0,267.0,79.0969278603,2800.0,0.0013180185,16.67,0.15,4
265.0,266.0,79.1801504321,2800.0,0.0013194053,16.67,0.15,4
265.0,267.0,80.7126966909,2800.0,0.0013449426,16.67,0.15,4
267.0,467.0,77.9879505246,2800.0,0.0012995393,16.67,0.15,4
268.0,850.0,79.2076025134,2800.0,0.0013198627,16.67,0.15,4
269.0,270.0,76.9232881716,2800.0,0.0012817984,16.67,0.15,4
269.0,271.0,79.2515927003,2800.0,0.0013205958,16.67,0.15,4
269.0,850.0,80.5821223083,2800.0,0.0013427668,16.67,0.15,4
270.0,272.0,91.4503085698,7000.0,0.0011432432,22.22,0.15,4
271.0,272.0,90.0272260837,2800.0,0.0015001537,16.67,0.15,4
271.0,273.0,78.9224349138,2800.0,0.0013151109,16.67,0.15,4
272.0,275.0,92.2453280765,5250.0,0.0011531819,22.22,0.15,4
272.0,592.0,116.7543849019,5250.0,0.0014595758,22.22,0.15,4
272.0,274.0,209.2008505819,1300.0,0.0052305443,11.11,0.15,4
273.0,274.0,112.1388106547,2800.0,0.0018686065,16.67,0.15,4
273.0,275.0,79.0390163617,2800.0,0.0013170535,16.67,0.15,4
273.0,276.0,158.9032777067,2800.0,0.0026478584,16.67,0.15,4
274.0,919.0,170.5922091975,2800.0,0.002842635,16.67,0.15,4
275.0,744.0,207.3363506283,7000.0,0.0025919636,22.22,0.15,4
276.0,851.0,78.4025615097,2800.0,0.0013064481,16.67,0.15,4
276.0,850.0,78.8710700398,2800.0,0.001314255,16.67,0.15,4
277.0,278.0,78.9041092627,2800.0,0.0013148055,16.67,0.15,4
277.0,279.0,158.8222925976,2800.0,0.0026465089,16.67,0.15,4
277.0,280.0,80.3577789817,2800.0,0.0013390285,16.67,0.15,4
278.0,281.0,80.3105605046,2800.0,0.0013382417,16.67,0.15,4
278.0,729.0,209.5128809062,2800.0,0.0034911831,16.67,0.15,4
278.0,730.0,79.6007085042,2800.0,0.0013264132,16.67,0.15,4
279.0,444.0,79.6584296567,2800.0,0.001327375,16.67,0.15,4
279.0,773.0,80.3161213332,2800.0,0.0013383344,16.67,0.15,4
280.0,281.0,80.5274985912,2800.0,0.0013418566,16.67,0.15,4
280.0,282.0,80.0741285647,2800.0,0.0013343019,16.67,0.15,4
280.0,283.0,64.7044270324,2800.0,0.0010781915,16.67,0.15,4
281.0,888.0,78.9873092532,2800.0,0.0013161919,16.67,0.15,4
281.0,285.0,75.9871172457,2800.0,0.0012661987,16.67,0.15,4
282.0,773.0,77.87014164,2800.0,0.0012975762,16.67,0.15,4
282.0,774.0,76.3366397518,2800.0,0.0012720229,16.67,0.15,4
283.0,284.0,93.9594637615,2800.0,0.0015656779,16.67,0.15,4
283.0,285.0,91.6604724941,7000.0,0.0011458705,22.22,0.15,4
283.0,774.0,92.2143555189,7000.0,0.0011527947,22.22,0.15,4
284.0,286.0,78.9400663728,2800.0,0.0013154047,16.67,0.15,4
284.0,287.0,79.7910381721,7000.0,0.0009974877,22.22,0.15,4
284.0,787.0,79.6493674149,7000.0,0.0009957167,22.22,0.15,4
285.0,787.0,82.0529954875,5250.0,0.001025765,22.22,0.15,4
285.0,789.0,79.1293586034,7000.0,0.0009892159,22.22,0.15,4
286.0,288.0,79.5866184348,2800.0,0.0013261784,16.67,0.15,4
286.0,289.0,79.661869372,2800.0,0.0013274323,16.67,0.15,4
286.0,290.0,79.5379311539,2800.0,0.0013253671,16.67,0.15,4
287.0,775.0,78.5276266992,7000.0,0.0009816935,22.22,0.15,4
287.0,290.0,78.5810253525,2800.0,0.0013094219,16.67,0.15,4
287.0,774.0,81.5554126683,2800.0,0.0013589851,16.67,0.15,4
288.0,291.0,79.6636039736,2800.0,0.0013274612,16.67,0.15,4
288.0,292.0,79.0721510546,2800.0,0.0013176057,16.67,0.15,4
288.0,293.0,74.5122658286,2800.0,0.0012416228,16.67,0.15,4
289.0,787.0,78.6067268958,2800.0,0.0013098501,16.67,0.15,4
289.0,293.0,80.7406809137,2800.0,0.0013454089,16.67,0.15,4
289.0,491.0,79.2396028013,2800.0,0.001320396,16.67,0.15,4
290.0,291.0,79.4994780134,2800.0,0.0013247264,16.67,0.15,4
290.0,645.0,78.792681516,2800.0,0.0013129488,16.67,0.15,4
291.0,644.0,78.7164839256,2800.0,0.0013116791,16.67,0.15,4
291.0,294.0,79.6699646699,2800.0,0.0013275672,16.67,0.15,4
292.0,294.0,79.86130184,2800.0,0.0013307555,16.67,0.15,4
292.0,295.0,49.8529740306,2800.0,0.0008307168,16.67,0.15,4
292.0,297.0,51.1479053603,2800.0,0.0008522946,16.67,0.15,4
293.0,489.0,85.3185533365,2800.0,0.0014216916,16.67,0.15,4
293.0,376.0,72.2789046008,2800.0,0.0012044075,16.67,0.15,4
294.0,299.0,95.6375092253,2800.0,0.0015936398,16.67,0.15,4
294.0,375.0,78.5600107155,2800.0,0.0013090717,16.67,0.15,4
295.0,296.0,52.8043114158,2800.0,0.0008798959,16.67,0.15,4
295.0,297.0,62.4695060583,5250.0,0.0007809469,22.22,0.15,4
295.0,299.0,71.6786109398,1300.0,0.0017921445,11.11,0.15,4
296.0,298.0,77.8250579109,2800.0,0.0012968249,16.67,0.15,4
296.0,299.0,71.57818275,2800.0,0.0011927312,16.67,0.15,4
296.0,300.0,79.6393420763,2800.0,0.001327057,16.67,0.15,4
297.0,376.0,41.0551168487,5250.0,0.0005132403,22.22,0.15,4
298.0,301.0,79.2586335223,2800.0,0.0013207131,16.67,0.15,4
298.0,302.0,79.6387331323,2800.0,0.0013270468,16.67,0.15,4
298.0,303.0,78.9753463886,2800.0,0.0013159926,16.67,0.15,4
299.0,373.0,90.5583119027,2800.0,0.0015090034,16.67,0.15,4
299.0,303.0,82.8133637514,2800.0,0.0013799467,16.67,0.15,4
299.0,374.0,118.660605891,5250.0,0.0014834059,22.22,0.15,4
300.0,302.0,77.9429038977,2800.0,0.0012987886,16.67,0.15,4
300.0,376.0,86.7078020141,2800.0,0.0014448411,16.67,0.15,4
300.0,377.0,79.1834475601,2800.0,0.0013194602,16.67,0.15,4
301.0,304.0,79.9937592717,2800.0,0.0013329627,16.67,0.15,4
301.0,776.0,78.993634996,2800.0,0.0013162973,16.67,0.15,4
302.0,304.0,79.6140452908,2800.0,0.0013266354,16.67,0.15,4
302.0,378.0,79.1605926378,2800.0,0.0013190794,16.67,0.15,4
303.0,776.0,79.0705490743,2800.0,0.001317579,16.67,0.15,4
303.0,374.0,81.0848936472,2800.0,0.0013511447,16.67,0.15,4
304.0,801.0,78.7818679465,2800.0,0.0013127686,16.67,0.15,4
305.0,475.0,69.3975853364,7000.0,0.0008675566,22.22,0.15,4
305.0,634.0,82.1344763574,1300.0,0.0020535673,11.11,0.15,4
306.0,307.0,79.0116188469,2800.0,0.001316597,16.67,0.15,4
306.0,308.0,80.8737516873,2800.0,0.0013476263,16.67,0.15,4
306.0,634.0,81.0177493065,2800.0,0.0013500258,16.67,0.15,4
307.0,309.0,81.15297575,2800.0,0.0013522791,16.67,0.15,4
307.0,310.0,81.7184627416,1300.0,0.0020431659,11.11,0.15,4
308.0,530.0,87.6014160469,5250.0,0.0010951272,22.22,0.15,4
308.0,531.0,79.8679655049,5250.0,0.0009984494,22.22,0.15,4
309.0,311.0,77.9738870333,2800.0,0.0012993049,16.67,0.15,4
309.0,312.0,81.1372339597,1300.0,0.0020286337,11.11,0.15,4
309.0,636.0,81.8767409054,1300.0,0.0020471232,11.11,0.15,4
310.0,504.0,83.7800258854,1300.0,0.0020947101,11.11,0.15,4
310.0,634.0,79.0940621245,1300.0,0.0019775493,11.11,0.15,4
310.0,636.0,81.0027613363,1300.0,0.0020252716,11.11,0.15,4
311.0,313.0,79.0437934298,2800.0,0.0013171331,16.67,0.15,4
311.0,314.0,81.3669049325,2800.0,0.0013558439,16.67,0.15,4
313.0,315.0,81.646996797,2800.0,0.0013605112,16.67,0.15,4
314.0,635.0,82.8333767714,2800.0,0.0013802802,16.67,0.15,4
314.0,636.0,77.5979592774,1300.0,0.001940143,11.11,0.15,4
314.0,315.0,79.0216357529,1300.0,0.0019757385,11.11,0.15,4
315.0,637.0,82.4055821601,2800.0,0.0013731517,16.67,0.15,4
316.0,317.0,75.2265973627,2800.0,0.0012535259,16.67,0.15,4
316.0,558.0,84.6639719833,2800.0,0.001410784,16.67,0.15,4
317.0,318.0,158.4352463268,2800.0,0.0026400594,16.67,0.15,4
317.0,319.0,79.6473088737,2800.0,0.0013271897,16.67,0.15,4
318.0,320.0,78.7532403674,2800.0,0.0013122915,16.67,0.15,4
318.0,321.0,79.0235150998,2800.0,0.0013167952,16.67,0.15,4
318.0,665.0,79.1556171141,1300.0,0.0019790883,11.11,0.15,4
319.0,556.0,79.8077849934,1300.0,0.0019953942,11.11,0.15,4
319.0,709.0,158.351716774,2800.0,0.0026386675,16.67,0.15,4
319.0,558.0,79.1517454587,2800.0,0.001318932,16.67,0.15,4
320.0,322.0,79.036040134,2800.0,0.0013170039,16.67,0.15,4
320.0,323.0,79.4883446768,2800.0,0.0013245408,16.67,0.15,4
320.0,324.0,78.529654667,2800.0,0.0013085659,16.67,0.15,4
321.0,323.0,78.6845897929,1300.0,0.0019673115,11.11,0.15,4
321.0,551.0,79.0627536975,1300.0,0.0019767665,11.11,0.15,4
321.0,556.0,79.5521159728,1300.0,0.0019890018,11.11,0.15,4
322.0,901.0,79.6588984933,2800.0,0.0013273828,16.67,0.15,4
322.0,913.0,78.022523077,2800.0,0.0013001154,16.67,0.15,4
323.0,550.0,79.0127064082,2800.0,0.0013166151,16.67,0.15,4
323.0,901.0,79.0403905668,2800.0,0.0013170764,16.67,0.15,4
324.0,662.0,79.0517036818,2800.0,0.0013172649,16.67,0.15,4
324.0,665.0,78.8141003403,1300.0,0.0019705496,11.11,0.15,4
324.0,913.0,79.0295031647,1300.0,0.0019759352,11.11,0.15,4
325.0,326.0,78.0367136237,2800.0,0.0013003518,16.67,0.15,4
325.0,327.0,78.2251564071,2800.0,0.0013034919,16.67,0.15,4
326.0,545.0,83.5855050573,2800.0,0.0013928132,16.67,0.15,4
326.0,542.0,157.8932864713,2800.0,0.0026310286,16.67,0.15,4
327.0,328.0,78.7623635896,2800.0,0.0013124436,16.67,0.15,4
328.0,520.0,81.0161217669,2800.0,0.0013499987,16.67,0.15,4
328.0,330.0,76.3451242408,2800.0,0.0012721643,16.67,0.15,4
329.0,331.0,78.9609614348,2800.0,0.0013157529,16.67,0.15,4
329.0,795.0,78.8930276833,7000.0,0.0009862615,22.22,0.15,4
330.0,795.0,80.7163811401,2800.0,0.001345004,16.67,0.15,4
330.0,522.0,67.4599250202,7000.0,0.0008433334,22.22,0.15,4
331.0,332.0,82.5756098731,2800.0,0.001375985,16.67,0.15,4
331.0,333.0,79.3274917084,2800.0,0.0013218605,16.67,0.15,4
331.0,334.0,79.1718204084,2800.0,0.0013192665,16.67,0.15,4
332.0,335.0,79.1601977659,5250.0,0.0009896014,22.22,0.15,4
332.0,336.0,76.0699225069,2800.0,0.0012675785,16.67,0.15,4
332.0,337.0,79.3272237333,2800.0,0.001321856,16.67,0.15,4
333.0,337.0,82.512227462,2800.0,0.0013749288,16.67,0.15,4
334.0,335.0,82.701279844,2800.0,0.001378079,16.67,0.15,4
334.0,795.0,78.7302106576,2800.0,0.0013119078,16.67,0.15,4
334.0,524.0,80.1948412304,2800.0,0.0013363134,16.67,0.15,4
335.0,338.0,75.9608535404,2800.0,0.0012657611,16.67,0.15,4
335.0,525.0,80.3611237525,5250.0,0.0010046145,22.22,0.15,4
336.0,338.0,79.1606273159,2800.0,0.00131908,16.67,0.15,4
336.0,339.0,79.3274544968,2800.0,0.0013218599,16.67,0.15,4
336.0,340.0,78.0871646341,2800.0,0.0013011925,16.67,0.15,4
337.0,339.0,76.1225646682,2800.0,0.0012684557,16.67,0.15,4
338.0,342.0,77.97131948,2800.0,0.0012992621,16.67,0.15,4
338.0,392.0,80.4961020734,2800.0,0.0013413334,16.67,0.15,4
339.0,343.0,78.1875234539,2800.0,0.0013028648,16.67,0.15,4
340.0,341.0,79.1781798007,2800.0,0.0013193725,16.67,0.15,4
340.0,342.0,79.1723738888,2800.0,0.0013192757,16.67,0.15,4
340.0,343.0,79.3168777312,2800.0,0.0013216836,16.67,0.15,4
341.0,344.0,79.8170910524,2800.0,0.0013300188,16.67,0.15,4
341.0,345.0,79.1712932137,2800.0,0.0013192577,16.67,0.15,4
341.0,346.0,79.3283426587,2800.0,0.0013218747,16.67,0.15,4
342.0,345.0,79.9116553234,2800.0,0.0013315946,16.67,0.15,4
342.0,389.0,80.6556100502,2800.0,0.0013439914,16.67,0.15,4
343.0,346.0,79.2316679154,2800.0,0.0013202637,16.67,0.15,4
344.0,347.0,79.1717840056,2800.0,0.0013192659,16.67,0.15,4
344.0,547.0,79.3165728614,2800.0,0.0013216785,16.67,0.15,4
345.0,391.0,79.3214340909,2800.0,0.0013217595,16.67,0.15,4
345.0,347.0,79.1947188266,2800.0,0.0013196481,16.67,0.15,4
346.0,547.0,79.7070428827,2800.0,0.0013281851,16.67,0.15,4
347.0,528.0,79.3164493969,2800.0,0.0013216765,16.67,0.15,4
348.0,349.0,76.15090758,2800.0,0.001268928,16.67,0.15,4
348.0,350.0,81.1643069461,2800.0,0.001352468,16.67,0.15,4
348.0,351.0,157.0515478199,2800.0,0.0026170024,16.67,0.15,4
349.0,352.0,157.4054977481,2800.0,0.0026229004,16.67,0.15,4
350.0,729.0,79.4561885252,2800.0,0.001324005,16.67,0.15,4
350.0,353.0,157.6605715249,2800.0,0.0026271508,16.67,0.15,4
351.0,352.0,76.4592167655,2800.0,0.0012740655,16.67,0.15,4
351.0,353.0,80.4553508213,2800.0,0.0013406544,16.67,0.15,4
351.0,354.0,80.2210714865,2800.0,0.0013367505,16.67,0.15,4
352.0,355.0,80.1250844807,2800.0,0.001335151,16.67,0.15,4
353.0,730.0,79.6807875251,2800.0,0.0013277476,16.67,0.15,4
353.0,356.0,78.5992653938,2800.0,0.0013097258,16.67,0.15,4
354.0,355.0,76.98252853,2800.0,0.0012827856,16.67,0.15,4
354.0,356.0,81.2086397178,2800.0,0.0013532067,16.67,0.15,4
355.0,756.0,80.0859139544,2800.0,0.0013344983,16.67,0.15,4
355.0,757.0,80.1923170256,2800.0,0.0013362714,16.67,0.15,4
355.0,757.0,81.4711894533,2800.0,0.0013575816,16.67,0.15,4
356.0,888.0,78.9821798436,2800.0,0.0013161064,16.67,0.15,4
356.0,791.0,77.1899289707,2800.0,0.0012862416,16.67,0.15,4
357.0,358.0,74.1628195264,7000.0,0.000927128,22.22,0.15,4
357.0,359.0,78.2614655453,2800.0,0.0013040969,16.67,0.15,4
357.0,360.0,79.5897106691,7000.0,0.0009949709,22.22,0.15,4
358.0,490.0,78.4293177447,7000.0,0.0009804645,22.22,0.15,4
358.0,909.0,83.704798083,7000.0,0.0010464146,22.22,0.15,4
358.0,646.0,78.945752029,2800.0,0.0013154994,16.67,0.15,4
359.0,362.0,79.4486868212,2800.0,0.00132388,16.67,0.15,4
359.0,490.0,74.2985986486,2800.0,0.0012380624,16.67,0.15,4
359.0,379.0,79.2972585216,2800.0,0.0013213567,16.67,0.15,4
360.0,361.0,78.6941978389,2800.0,0.0013113077,16.67,0.15,4
360.0,362.0,78.2191387689,2800.0,0.0013033916,16.67,0.15,4
360.0,363.0,78.3041031308,7000.0,0.0009788992,22.22,0.15,4
361.0,364.0,78.4229900744,2800.0,0.0013067885,16.67,0.15,4
361.0,380.0,80.8069127361,2800.0,0.0013465126,16.67,0.15,4
361.0,647.0,78.9217019636,2800.0,0.0013150987,16.67,0.15,4
362.0,365.0,78.1865125608,2800.0,0.001302848,16.67,0.15,4
362.0,377.0,79.3391637756,2800.0,0.001322055,16.67,0.15,4
363.0,364.0,78.8826094104,2800.0,0.0013144473,16.67,0.15,4
363.0,365.0,78.1598112323,2800.0,0.001302403,16.67,0.15,4
363.0,366.0,79.5361561606,7000.0,0.0009943014,22.22,0.15,4
364.0,381.0,80.5728479719,2800.0,0.0013426123,16.67,0.15,4
364.0,367.0,80.191867469,2800.0,0.0013362639,16.67,0.15,4
365.0,802.0,79.6668435384,2800.0,0.0013275152,16.67,0.15,4
365.0,378.0,79.3829811091,2800.0,0.0013227851,16.67,0.15,4
366.0,367.0,78.3294293336,2800.0,0.0013052294,16.67,0.15,4
366.0,802.0,78.8959857349,2800.0,0.0013146702,16.67,0.15,4
367.0,761.0,159.9579489444,2800.0,0.0026654327,16.67,0.15,4
368.0,790.0,79.309172688,2800.0,0.0013215552,16.67,0.15,4
368.0,788.0,79.2974970008,7000.0,0.0009913178,22.22,0.15,4
368.0,791.0,81.3570544346,2800.0,0.0013556798,16.67,0.15,4
369.0,821.0,78.9263657349,2800.0,0.0013151764,16.67,0.15,4
370.0,372.0,80.0954414791,2800.0,0.0013346571,16.67,0.15,4
370.0,821.0,78.1153897567,2800.0,0.0013016628,16.67,0.15,4
370.0,799.0,79.3167727594,5250.0,0.0009915588,22.22,0.15,4
371.0,372.0,79.0388102683,2800.0,0.0013170501,16.67,0.15,4
371.0,373.0,78.8391245352,2800.0,0.0013137227,16.67,0.15,4
372.0,374.0,77.5390010426,2800.0,0.0012920583,16.67,0.15,4
372.0,892.0,46.6197309908,2800.0,0.0007768401,16.67,0.15,4
373.0,374.0,79.2431433786,2800.0,0.001320455,16.67,0.15,4
373.0,375.0,79.4661642626,2800.0,0.0013241712,16.67,0.15,4
374.0,492.0,78.6848799068,2800.0,0.0013111524,16.67,0.15,4
374.0,493.0,112.2424006493,2800.0,0.0018703326,16.67,0.15,4
375.0,644.0,78.8592994432,2800.0,0.0013140588,16.67,0.15,4
376.0,489.0,95.4523040946,5250.0,0.0011932731,22.22,0.15,4
376.0,379.0,80.4231270922,2800.0,0.0013401174,16.67,0.15,4
377.0,378.0,78.0606543404,2800.0,0.0013007508,16.67,0.15,4
377.0,379.0,79.2137346,2800.0,0.0013199649,16.67,0.15,4
378.0,801.0,79.8292906471,2800.0,0.0013302221,16.67,0.15,4
379.0,489.0,63.8578584978,2800.0,0.0010640848,16.67,0.15,4
380.0,381.0,78.5474578446,2800.0,0.0013088625,16.67,0.15,4
380.0,382.0,78.8124074862,2800.0,0.0013132775,16.67,0.15,4
381.0,384.0,79.5386511388,2800.0,0.0013253791,16.67,0.15,4
382.0,648.0,76.194189904,2800.0,0.0012696492,16.67,0.15,4
382.0,385.0,79.3941711814,2800.0,0.0013229716,16.67,0.15,4
382.0,647.0,81.0398422427,2800.0,0.001350394,16.67,0.15,4
383.0,384.0,78.6656541592,2800.0,0.0013108321,16.67,0.15,4
383.0,385.0,78.7123995832,2800.0,0.001311611,16.67,0.15,4
383.0,386.0,79.1056109115,2800.0,0.0013181632,16.67,0.15,4
384.0,387.0,79.1049959359,2800.0,0.001318153,16.67,0.15,4
384.0,761.0,79.8813096222,2800.0,0.0013310889,16.67,0.15,4
385.0,650.0,76.1956578895,2800.0,0.0012696737,16.67,0.15,4
385.0,388.0,79.1050313568,2800.0,0.0013181536,16.67,0.15,4
386.0,387.0,78.7835247186,2800.0,0.0013127962,16.67,0.15,4
386.0,388.0,78.6043114172,2800.0,0.0013098099,16.67,0.15,4
387.0,803.0,80.0771100858,2800.0,0.0013343516,16.67,0.15,4
388.0,651.0,77.5547821864,2800.0,0.0012923212,16.67,0.15,4
389.0,390.0,78.0476900739,2800.0,0.0013005347,16.67,0.15,4
389.0,391.0,78.5894591949,2800.0,0.0013095624,16.67,0.15,4
389.0,392.0,78.845949029,2800.0,0.0013138364,16.67,0.15,4
390.0,393.0,78.7609122649,2800.0,0.0013124194,16.67,0.15,4
390.0,394.0,79.1351130145,2800.0,0.0013186548,16.67,0.15,4
390.0,395.0,77.7699421137,2800.0,0.0012959065,16.67,0.15,4
391.0,394.0,79.4969596124,2800.0,0.0013246844,16.67,0.15,4
391.0,528.0,79.7733885685,2800.0,0.0013292906,16.67,0.15,4
392.0,525.0,75.7132194402,2800.0,0.0012616347,16.67,0.15,4
392.0,395.0,78.4269798951,2800.0,0.001306855,16.67,0.15,4
393.0,396.0,79.6809095875,2800.0,0.0013277496,16.67,0.15,4
393.0,397.0,77.530153892,2800.0,0.0012919108,16.67,0.15,4
393.0,398.0,79.6726955725,2800.0,0.0013276127,16.67,0.15,4
394.0,396.0,78.6371944851,2800.0,0.0013103578,16.67,0.15,4
394.0,529.0,80.4115452371,2800.0,0.0013399244,16.67,0.15,4
395.0,527.0,75.7261372702,2800.0,0.0012618499,16.67,0.15,4
395.0,397.0,78.5151972421,2800.0,0.001308325,16.67,0.15,4
396.0,399.0,79.4490410007,2800.0,0.0013238859,16.67,0.15,4
396.0,804.0,80.1095076863,2800.0,0.0013348915,16.67,0.15,4
397.0,654.0,75.7455438034,2800.0,0.0012621733,16.67,0.15,4
397.0,400.0,79.9178221907,2800.0,0.0013316974,16.67,0.15,4
398.0,399.0,80.000680551,2800.0,0.0013330781,16.67,0.15,4
398.0,400.0,77.608263564,2800.0,0.0012932124,16.67,0.15,4
399.0,805.0,79.5880006633,2800.0,0.0013262014,16.67,0.15,4
400.0,656.0,75.4584275195,2800.0,0.001257389,16.67,0.15,4
400.0,401.0,79.5611279111,2800.0,0.0013257536,16.67,0.15,4
401.0,658.0,72.988633681,2800.0,0.001216234,16.67,0.15,4
401.0,660.0,76.4782332435,2800.0,0.0012743823,16.67,0.15,4
402.0,403.0,77.9492406014,2800.0,0.0012988942,16.67,0.15,4
402.0,404.0,79.6264465332,5250.0,0.0009954301,22.22,0.15,4
402.0,750.0,86.4512387923,2800.0,0.0014405659,16.67,0.15,4
402.0,751.0,79.3173229919,2800.0,0.001321691,16.67,0.15,4
403.0,405.0,79.3200410139,2800.0,0.0013217363,16.67,0.15,4
403.0,406.0,85.6908125002,2800.0,0.0014278946,16.67,0.15,4
403.0,868.0,79.6160021996,2800.0,0.001326668,16.67,0.15,4
404.0,847.0,85.7596381775,7000.0,0.0010721027,22.22,0.15,4
404.0,918.0,236.3273348968,1300.0,0.0059087742,11.11,0.15,4
404.0,868.0,77.9540206266,5250.0,0.0009745227,22.22,0.15,4
405.0,752.0,78.1753756147,2800.0,0.0013026624,16.67,0.15,4
405.0,751.0,77.9411541865,2800.0,0.0012987595,16.67,0.15,4
405.0,753.0,84.8658783872,2800.0,0.0014141485,16.67,0.15,4
406.0,407.0,79.7842336239,2800.0,0.0013294713,16.67,0.15,4
406.0,408.0,81.5333946698,2800.0,0.0013586182,16.67,0.15,4
406.0,753.0,79.2693768509,2800.0,0.0013208921,16.67,0.15,4
407.0,868.0,86.6931646148,5250.0,0.0010837729,22.22,0.15,4
407.0,622.0,80.5216903092,5250.0,0.0010066218,22.22,0.15,4
408.0,409.0,83.6435047102,2800.0,0.0013937797,16.67,0.15,4
408.0,410.0,79.3172421039,2800.0,0.0013216897,16.67,0.15,4
408.0,622.0,79.6304909284,2800.0,0.0013269095,16.67,0.15,4
409.0,411.0,88.3279683235,2800.0,0.0014718384,16.67,0.15,4
409.0,412.0,79.6262758885,5250.0,0.000995428,22.22,0.15,4
409.0,619.0,79.3199438762,5250.0,0.0009915985,22.22,0.15,4
410.0,754.0,78.1648903538,5250.0,0.0009771588,22.22,0.15,4
410.0,753.0,82.3617494561,2800.0,0.0013724213,16.67,0.15,4
410.0,619.0,83.6338175923,2800.0,0.0013936182,16.67,0.15,4
411.0,413.0,82.8436579444,2800.0,0.0013804515,16.67,0.15,4
411.0,414.0,79.3098354302,5250.0,0.0009914721,22.22,0.15,4
411.0,925.0,79.6262106645,7000.0,0.0009954272,22.22,0.15,4
412.0,621.0,78.9395513488,2800.0,0.0013153961,16.67,0.15,4
412.0,622.0,83.6428495246,5250.0,0.0010456402,22.22,0.15,4
412.0,925.0,88.328499421,5250.0,0.0011042167,22.22,0.15,4
413.0,415.0,82.3314808325,2800.0,0.001371917,16.67,0.15,4
413.0,416.0,79.6306126568,2800.0,0.0013269115,16.67,0.15,4
413.0,591.0,79.3066460512,2800.0,0.0013215131,16.67,0.15,4
414.0,619.0,88.322725051,2800.0,0.0014717511,16.67,0.15,4
414.0,620.0,78.1755317419,5250.0,0.0009772919,22.22,0.15,4
414.0,591.0,82.8497628777,2800.0,0.0013805533,16.67,0.15,4
415.0,417.0,79.3197693969,1300.0,0.0019831926,11.11,0.15,4
415.0,418.0,45.4303378186,2800.0,0.0007570209,16.67,0.15,4
415.0,569.0,79.6157161432,1300.0,0.001990592,11.11,0.15,4
416.0,900.0,78.9403681191,2800.0,0.0013154097,16.67,0.15,4
416.0,925.0,82.844133022,5250.0,0.0010356552,22.22,0.15,4
416.0,569.0,82.3362838062,5250.0,0.0010293065,22.22,0.15,4
417.0,590.0,78.1647364108,1300.0,0.0019543138,11.11,0.15,4
417.0,591.0,82.3273268261,2800.0,0.0013718477,16.67,0.15,4
417.0,566.0,45.0938381774,2800.0,0.0007514137,16.67,0.15,4
418.0,419.0,79.6223691342,1300.0,0.0019907583,11.11,0.15,4
418.0,420.0,80.1342145884,2800.0,0.0013353032,16.67,0.15,4
418.0,566.0,79.6154010188,1300.0,0.0019905841,11.11,0.15,4
419.0,568.0,78.3683850107,1300.0,0.0019594056,11.11,0.15,4
419.0,569.0,45.2284464791,5250.0,0.0005654121,22.22,0.15,4
419.0,687.0,79.8849553434,5250.0,0.0009986618,22.22,0.15,4
420.0,421.0,85.9899607638,2800.0,0.0014328794,16.67,0.15,4
420.0,422.0,79.3757729997,2800.0,0.001322665,16.67,0.15,4
420.0,687.0,79.4501327708,2800.0,0.0013239041,16.67,0.15,4
421.0,931.0,85.2104534175,2800.0,0.0014198902,16.67,0.15,4
421.0,686.0,79.6155970968,1300.0,0.001990589,11.11,0.15,4
421.0,685.0,79.9744412079,2800.0,0.0013326408,16.67,0.15,4
422.0,566.0,79.7553312229,2800.0,0.0013289897,16.67,0.15,4
422.0,567.0,78.315771294,2800.0,0.0013050019,16.67,0.15,4
422.0,685.0,86.7085113638,2800.0,0.0014448529,16.67,0.15,4
423.0,424.0,237.7656849754,2800.0,0.003961969,16.67,0.15,4
423.0,425.0,272.4458189441,2800.0,0.0045398557,16.67,0.15,4
423.0,426.0,80.1714103694,2800.0,0.001335923,16.67,0.15,4
424.0,425.0,80.2615941062,2800.0,0.0013374257,16.67,0.15,4
424.0,427.0,77.9486688305,2800.0,0.0012988847,16.67,0.15,4
424.0,428.0,78.5214767934,2800.0,0.0013084296,16.67,0.15,4
425.0,430.0,78.6619861727,2800.0,0.0013107709,16.67,0.15,4
426.0,539.0,77.0018668548,2800.0,0.0012831078,16.67,0.15,4
426.0,538.0,89.6163327667,2800.0,0.0014933069,16.67,0.15,4
426.0,640.0,162.4582789322,2800.0,0.0027070966,16.67,0.15,4
427.0,429.0,117.5944912174,2800.0,0.0019595163,16.67,0.15,4
427.0,430.0,82.026970048,2800.0,0.0013668428,16.67,0.15,4
428.0,640.0,83.1088694166,2800.0,0.0013848708,16.67,0.15,4
428.0,639.0,66.7819569597,2800.0,0.0011128101,16.67,0.15,4
428.0,429.0,117.1483231554,2800.0,0.0019520816,16.67,0.15,4
429.0,498.0,108.7601570717,1300.0,0.0027192759,11.11,0.15,4
429.0,499.0,94.6130365801,2800.0,0.0015765686,16.67,0.15,4
429.0,501.0,142.3474976579,1300.0,0.0035590433,11.11,0.15,4
429.0,639.0,118.1315297795,5250.0,0.0014767918,22.22,0.15,4
430.0,505.0,77.5104199738,2800.0,0.001291582,16.67,0.15,4
431.0,962.0,310.164391917,1300.0,0.0077548853,11.11,0.15,4
432.0,911.0,80.0564518298,2800.0,0.0013340074,16.67,0.15,4
433.0,911.0,79.2519978999,2800.0,0.0013206025,16.67,0.15,4
433.0,476.0,56.3985824295,2800.0,0.0009397884,16.67,0.15,4
434.0,484.0,97.6587406448,2800.0,0.0016273202,16.67,0.15,4
435.0,948.0,87.3614809992,2800.0,0.0014557335,16.67,0.15,4
436.0,467.0,79.271345443,2800.0,0.0013209249,16.67,0.15,4
436.0,465.0,78.7147695079,2800.0,0.0013116505,16.67,0.15,4
437.0,467.0,79.2232145229,2800.0,0.0013201229,16.67,0.15,4
438.0,440.0,78.3429216906,2800.0,0.0013054543,16.67,0.15,4
438.0,706.0,79.4862978933,2800.0,0.0013245067,16.67,0.15,4
439.0,469.0,79.2103954865,2800.0,0.0013199093,16.67,0.15,4
439.0,706.0,79.5387762105,2800.0,0.0013253812,16.67,0.15,4
440.0,705.0,78.7549853437,2800.0,0.0013123206,16.67,0.15,4
441.0,442.0,78.9306212609,2800.0,0.0013152473,16.67,0.15,4
441.0,705.0,79.5453590013,2800.0,0.0013254909,16.67,0.15,4
441.0,471.0,79.2108343048,2800.0,0.0013199166,16.67,0.15,4
443.0,461.0,75.5527293495,7000.0,0.0009445036,22.22,0.15,4
443.0,463.0,78.819698103,2800.0,0.001313399,16.67,0.15,4
444.0,451.0,79.3329247779,2800.0,0.001321951,16.67,0.15,4
445.0,446.0,79.3498084035,7000.0,0.0009919718,22.22,0.15,4
445.0,447.0,81.876856813,7000.0,0.0010235631,22.22,0.15,4
445.0,448.0,79.8522716012,7000.0,0.0009982532,22.22,0.15,4
445.0,449.0,53.4750162319,7000.0,0.0006685046,22.22,0.15,4
446.0,786.0,81.9748147842,2800.0,0.0013659737,16.67,0.15,4
446.0,451.0,76.6921215019,2800.0,0.0012779464,16.67,0.15,4
446.0,785.0,79.0608345102,7000.0,0.0009883593,22.22,0.15,4
447.0,783.0,78.837559488,7000.0,0.0009855681,22.22,0.15,4
447.0,784.0,79.3165436489,5250.0,0.000991556,22.22,0.15,4
447.0,786.0,79.738925676,7000.0,0.0009968363,22.22,0.15,4
448.0,449.0,97.2552761856,2800.0,0.0016205972,16.67,0.15,4
448.0,450.0,78.7824655498,7000.0,0.0009848793,22.22,0.15,4
448.0,783.0,81.1866881311,2800.0,0.0013528409,16.67,0.15,4
449.0,949.0,63.7649962228,2800.0,0.0010625374,16.67,0.15,4
450.0,451.0,313.9190638182,2800.0,0.0052309382,16.67,0.15,4
450.0,452.0,80.9977328981,2800.0,0.0013496923,16.67,0.15,4
450.0,455.0,79.4954143749,5250.0,0.0009937921,22.22,0.15,4
451.0,773.0,79.7942999028,2800.0,0.0013296391,16.67,0.15,4
452.0,837.0,78.7418013761,2800.0,0.0013121009,16.67,0.15,4
452.0,783.0,79.3654088019,7000.0,0.0009921668,22.22,0.15,4
453.0,454.0,169.1178614687,7000.0,0.0021141847,22.22,0.15,4
453.0,455.0,163.3468806586,7000.0,0.0020420402,22.22,0.15,4
453.0,456.0,80.7357828519,8750.0,0.0010092982,22.22,0.15,4
456.0,457.0,76.5161591,8750.0,0.0009565476,22.22,0.15,4
456.0,926.0,78.0173941047,2800.0,0.0013000299,16.67,0.15,4
457.0,458.0,78.0721136895,2800.0,0.0013009417,16.67,0.15,4
457.0,459.0,74.965650789,8750.0,0.0009371644,22.22,0.15,4
458.0,768.0,78.6156317139,2800.0,0.0013099985,16.67,0.15,4
458.0,460.0,75.1916860286,7000.0,0.0009399901,22.22,0.15,4
458.0,926.0,75.9583763953,7000.0,0.0009495747,22.22,0.15,4
459.0,460.0,78.2109353814,2800.0,0.0013032549,16.67,0.15,4
459.0,461.0,77.2606225931,7000.0,0.0009658544,22.22,0.15,4
460.0,770.0,78.5458868213,2800.0,0.0013088363,16.67,0.15,4
460.0,462.0,77.237611613,7000.0,0.0009655667,22.22,0.15,4
461.0,462.0,79.1829564499,2800.0,0.0013194521,16.67,0.15,4
462.0,835.0,78.3339974232,2800.0,0.0013053056,16.67,0.15,4
462.0,463.0,76.7259449191,7000.0,0.0009591702,22.22,0.15,4
463.0,894.0,90.3076935305,1300.0,0.0022579181,11.11,0.15,4
464.0,465.0,92.4802091909,2800.0,0.0015410286,16.67,0.15,4
464.0,953.0,73.5692738711,5250.0,0.0009197079,22.22,0.15,4
464.0,897.0,67.7388637505,2800.0,0.0011287553,16.67,0.15,4
465.0,466.0,91.1991777715,2800.0,0.0015196824,16.67,0.15,4
465.0,967.0,63.9805887697,2800.0,0.0010661299,16.67,0.15,4
466.0,467.0,79.2705764374,2800.0,0.0013209121,16.67,0.15,4
466.0,734.0,77.8812174342,5250.0,0.0009736126,22.22,0.15,4
468.0,469.0,73.6556738073,7000.0,0.000920788,22.22,0.15,4
469.0,472.0,91.0121839144,7000.0,0.0011377661,22.22,0.15,4
469.0,574.0,53.7551126203,2800.0,0.0008957394,16.67,0.15,4
470.0,471.0,79.0851264148,7000.0,0.0009886629,22.22,0.15,4
470.0,472.0,90.109614679,7000.0,0.0011264828,22.22,0.15,4
470.0,473.0,74.1638245379,2800.0,0.0012358166,16.67,0.15,4
470.0,705.0,80.008498047,2800.0,0.0013332083,16.67,0.15,4
471.0,882.0,41.1650050302,5250.0,0.000514614,22.22,0.15,4
472.0,706.0,90.1878341618,2800.0,0.00150283,16.67,0.15,4
472.0,574.0,97.1628802225,2800.0,0.0016190575,16.67,0.15,4
472.0,669.0,95.1491397988,7000.0,0.0011894832,22.22,0.15,4
473.0,668.0,79.3038297733,5250.0,0.000991397,22.22,0.15,4
473.0,669.0,84.5469002184,1300.0,0.0021138839,11.11,0.15,4
473.0,882.0,85.494671709,1300.0,0.0021375806,11.11,0.15,4
474.0,530.0,78.8182221742,2800.0,0.0013133744,16.67,0.15,4
474.0,531.0,86.6008362154,2800.0,0.0014430587,16.67,0.15,4
474.0,671.0,84.5440939705,2800.0,0.0014087865,16.67,0.15,4
475.0,958.0,30.8470853395,7000.0,0.0003856271,22.22,0.15,4
475.0,910.0,72.3142424976,2800.0,0.0012049964,16.67,0.15,4
476.0,477.0,71.2986391682,7000.0,0.0008913221,22.22,0.15,4
476.0,478.0,79.2824665695,7000.0,0.0009911299,22.22,0.15,4
476.0,479.0,53.6888303767,1300.0,0.001342355,11.11,0.15,4
476.0,480.0,87.7456573068,1300.0,0.0021938608,11.11,0.15,4
477.0,958.0,56.6742764844,7000.0,0.0007084993,22.22,0.15,4
477.0,911.0,66.30462881,2800.0,0.0011048562,16.67,0.15,4
477.0,479.0,32.8682019282,1300.0,0.0008217872,11.11,0.15,4
479.0,633.0,73.2444194333,2800.0,0.0012204962,16.67,0.15,4
479.0,480.0,70.8891588922,1300.0,0.0017724062,11.11,0.15,4
480.0,502.0,201.4667304018,2800.0,0.0033571074,16.67,0.15,4
480.0,503.0,281.8878789672,1300.0,0.0070479018,11.11,0.15,4
480.0,504.0,93.1732916551,2800.0,0.0015525777,16.67,0.15,4
480.0,942.0,169.6841759677,1300.0,0.0042425287,11.11,0.15,4
481.0,482.0,35.108985899,7000.0,0.0004389062,22.22,0.15,4
482.0,483.0,162.1136804979,2800.0,0.0027013544,16.67,0.15,4
482.0,484.0,85.7635153863,7000.0,0.0010721512,22.22,0.15,4
483.0,852.0,111.7472407065,2800.0,0.0018620816,16.67,0.15,4
483.0,777.0,93.4397256985,2800.0,0.0015570174,16.67,0.15,4
484.0,488.0,73.4666469967,7000.0,0.0009184249,22.22,0.15,4
484.0,798.0,78.6282967116,2800.0,0.0013102096,16.67,0.15,4
485.0,486.0,89.2546082387,2800.0,0.0014872793,16.67,0.15,4
485.0,487.0,44.3153678884,7000.0,0.0005539975,22.22,0.15,4
485.0,488.0,36.7342732634,7000.0,0.0004592243,22.22,0.15,4
486.0,798.0,110.2828161634,2800.0,0.0018376794,16.67,0.15,4
486.0,702.0,137.1501643031,2800.0,0.002285379,16.67,0.15,4
487.0,778.0,83.8311513034,7000.0,0.0010479942,22.22,0.15,4
489.0,490.0,83.7590894287,5250.0,0.0010470933,22.22,0.15,4
489.0,491.0,95.0232674217,2800.0,0.0015834044,16.67,0.15,4
490.0,790.0,83.8430890305,2800.0,0.0013971054,16.67,0.15,4
491.0,788.0,78.9897970341,2800.0,0.0013162334,16.67,0.15,4
491.0,790.0,79.2271729526,2800.0,0.0013201888,16.67,0.15,4
492.0,776.0,79.3491123369,2800.0,0.0013222208,16.67,0.15,4
492.0,493.0,79.3061590881,1300.0,0.0019828523,11.11,0.15,4
493.0,799.0,79.778262405,2800.0,0.0013293718,16.67,0.15,4
493.0,892.0,34.991582621,2800.0,0.0005830764,16.67,0.15,4
494.0,495.0,84.3759038929,2800.0,0.0014059839,16.67,0.15,4
494.0,496.0,81.201857294,2800.0,0.0013530937,16.67,0.15,4
494.0,497.0,81.7731926618,2800.0,0.001362614,16.67,0.15,4
495.0,498.0,94.1992085422,1300.0,0.0023552157,11.11,0.15,4
495.0,503.0,98.1122413328,1300.0,0.0024530513,11.11,0.15,4
496.0,688.0,121.6262584541,2800.0,0.002026699,16.67,0.15,4
496.0,500.0,81.0084724537,2800.0,0.0013498712,16.67,0.15,4
496.0,689.0,82.8258192834,2800.0,0.0013801543,16.67,0.15,4
497.0,498.0,83.9905719243,2800.0,0.001399563,16.67,0.15,4
497.0,499.0,80.7291284799,2800.0,0.0013452164,16.67,0.15,4
497.0,500.0,81.6805196782,2800.0,0.0013610698,16.67,0.15,4
498.0,638.0,108.0130682985,2800.0,0.0017998578,16.67,0.15,4
499.0,501.0,44.0866998628,2800.0,0.0007346314,16.67,0.15,4
500.0,817.0,85.2403107632,2800.0,0.0014203878,16.67,0.15,4
501.0,817.0,46.6443225837,2800.0,0.0007772499,16.67,0.15,4
501.0,905.0,55.0279389748,2800.0,0.0009169489,16.67,0.15,4
502.0,887.0,79.4229696225,2800.0,0.0013234515,16.67,0.15,4
503.0,689.0,178.1783103056,2800.0,0.0029690447,16.67,0.15,4
503.0,942.0,111.5812729111,1300.0,0.0027898108,11.11,0.15,4
503.0,637.0,100.4287564816,2800.0,0.0016734779,16.67,0.15,4
504.0,632.0,80.485926782,1300.0,0.0020123494,11.11,0.15,4
504.0,633.0,79.3405289892,1300.0,0.0019837116,11.11,0.15,4
505.0,506.0,345.8398740272,2800.0,0.0057628453,16.67,0.15,4
506.0,704.0,188.181643227,2800.0,0.0031357336,16.67,0.15,4
507.0,508.0,156.7120433157,2800.0,0.0026113451,16.67,0.15,4
507.0,509.0,79.0143223725,2800.0,0.001316642,16.67,0.15,4
508.0,510.0,78.9466650784,2800.0,0.0013155146,16.67,0.15,4
509.0,510.0,157.4765740176,2800.0,0.0026240848,16.67,0.15,4
509.0,872.0,78.6522841064,2800.0,0.0013106093,16.67,0.15,4
510.0,873.0,157.3277073157,2800.0,0.0026216041,16.67,0.15,4
511.0,928.0,79.9361282956,1300.0,0.0019986031,11.11,0.15,4
511.0,929.0,79.1906461773,1300.0,0.0019799642,11.11,0.15,4
511.0,872.0,79.6451122847,1300.0,0.0019913269,11.11,0.15,4
512.0,513.0,157.9614364038,2800.0,0.0026321642,16.67,0.15,4
512.0,514.0,77.8624452724,2800.0,0.0012974479,16.67,0.15,4
512.0,515.0,79.5568439639,1300.0,0.00198912,11.11,0.15,4
512.0,517.0,79.024619763,1300.0,0.0019758131,11.11,0.15,4
513.0,902.0,79.1700081504,2800.0,0.0013192363,16.67,0.15,4
513.0,906.0,157.9147129754,2800.0,0.0026313856,16.67,0.15,4
514.0,667.0,78.9572700983,1300.0,0.0019741292,11.11,0.15,4
514.0,664.0,42.6637283086,1300.0,0.0010666999,11.11,0.15,4
514.0,929.0,79.5174087444,1300.0,0.001988134,11.11,0.15,4
515.0,929.0,77.63069553,2800.0,0.0012935862,16.67,0.15,4
516.0,517.0,78.9970340208,1300.0,0.0019751234,11.11,0.15,4
516.0,518.0,157.8376709007,2800.0,0.0026301018,16.67,0.15,4
516.0,519.0,78.4034324981,2800.0,0.0013064626,16.67,0.15,4
517.0,902.0,157.5582120725,2800.0,0.0026254451,16.67,0.15,4
517.0,667.0,77.883107569,2800.0,0.0012977922,16.67,0.15,4
518.0,902.0,78.9601716774,2800.0,0.0013157397,16.67,0.15,4
518.0,915.0,158.0633173622,2800.0,0.0026338619,16.67,0.15,4
519.0,666.0,80.0339643273,2800.0,0.0013336327,16.67,0.15,4
519.0,667.0,78.9639831499,1300.0,0.001974297,11.11,0.15,4
520.0,521.0,291.2545545235,2800.0,0.0048532719,16.67,0.15,4
521.0,659.0,88.7094760134,2800.0,0.0014781956,16.67,0.15,4
521.0,796.0,59.7470009281,2800.0,0.0009955842,16.67,0.15,4
522.0,523.0,86.6612273496,1300.0,0.0021667474,11.11,0.15,4
523.0,795.0,78.8066020478,7000.0,0.000985181,22.22,0.15,4
523.0,782.0,80.4976123603,2800.0,0.0013413586,16.67,0.15,4
523.0,796.0,159.5338670236,1300.0,0.0039887456,11.11,0.15,4
524.0,525.0,82.8279515723,2800.0,0.0013801898,16.67,0.15,4
524.0,526.0,78.2711138129,2800.0,0.0013042577,16.67,0.15,4
525.0,527.0,77.9814863759,5250.0,0.0009748661,22.22,0.15,4
526.0,527.0,82.9603023218,2800.0,0.0013823952,16.67,0.15,4
526.0,655.0,78.9494336846,2800.0,0.0013155608,16.67,0.15,4
527.0,654.0,79.0934810997,5250.0,0.0009887674,22.22,0.15,4
528.0,529.0,79.0597934275,2800.0,0.0013173997,16.67,0.15,4
529.0,804.0,79.0822899652,2800.0,0.0013177746,16.67,0.15,4
530.0,532.0,83.3712525626,2800.0,0.001389243,16.67,0.15,4
532.0,670.0,85.6703839056,2800.0,0.0014275542,16.67,0.15,4
532.0,671.0,79.7717043726,5250.0,0.000997246,22.22,0.15,4
532.0,674.0,77.4624070189,5250.0,0.0009683769,22.22,0.15,4
533.0,675.0,85.5501373851,1300.0,0.0021389673,11.11,0.15,4
533.0,674.0,82.435423337,5250.0,0.0010305458,22.22,0.15,4
533.0,679.0,77.7475795636,5250.0,0.0009719419,22.22,0.15,4
534.0,679.0,86.8389600733,2800.0,0.0014470266,16.67,0.15,4
535.0,537.0,159.9687188374,2800.0,0.0026656122,16.67,0.15,4
535.0,682.0,82.2273260301,2800.0,0.0013701814,16.67,0.15,4
536.0,679.0,79.1985163631,5250.0,0.0009900805,22.22,0.15,4
536.0,678.0,85.2000429009,2800.0,0.0014197168,16.67,0.15,4
536.0,682.0,79.5680692543,5250.0,0.0009947003,22.22,0.15,4
537.0,538.0,76.8551939303,2800.0,0.0012806638,16.67,0.15,4
537.0,539.0,89.1302531719,2800.0,0.0014852072,16.67,0.15,4
537.0,684.0,82.2290404624,2800.0,0.00137021,16.67,0.15,4
538.0,540.0,82.2336095811,2800.0,0.0013702861,16.67,0.15,4
538.0,541.0,78.5070915304,2800.0,0.0013081899,16.67,0.15,4
539.0,755.0,169.6935690621,2800.0,0.0028276606,16.67,0.15,4
540.0,685.0,85.213345484,2800.0,0.0014199384,16.67,0.15,4
540.0,684.0,77.1274394824,2800.0,0.0012852003,16.67,0.15,4
540.0,931.0,80.354123435,2800.0,0.0013389676,16.67,0.15,4
541.0,956.0,81.7356132099,2800.0,0.0013619878,16.67,0.15,4
541.0,931.0,82.3173545883,2800.0,0.0013716816,16.67,0.15,4
542.0,543.0,77.9647434409,2800.0,0.0012991526,16.67,0.15,4
542.0,544.0,74.149918206,5250.0,0.0009269667,22.22,0.15,4
543.0,933.0,53.5403212889,2800.0,0.0008921603,16.67,0.15,4
543.0,718.0,84.0432056928,2800.0,0.00140044,16.67,0.15,4
543.0,545.0,165.3025337309,2800.0,0.0027544913,16.67,0.15,4
544.0,732.0,354.135660386,2800.0,0.0059010808,16.67,0.15,4
546.0,939.0,169.1214015975,2800.0,0.0028181264,16.67,0.15,4
548.0,549.0,79.2113140064,2800.0,0.0013199246,16.67,0.15,4
548.0,550.0,78.4189026614,2800.0,0.0013067204,16.67,0.15,4
548.0,901.0,78.9644046814,2800.0,0.0013158102,16.67,0.15,4
549.0,552.0,78.5859220054,2800.0,0.0013095035,16.67,0.15,4
549.0,714.0,72.5732215353,2800.0,0.0012093118,16.67,0.15,4
550.0,551.0,79.3196809129,2800.0,0.0013217303,16.67,0.15,4
550.0,552.0,79.199853101,2800.0,0.0013197336,16.67,0.15,4
551.0,553.0,78.852615589,2800.0,0.0013139475,16.67,0.15,4
551.0,554.0,78.597153658,2800.0,0.0013096906,16.67,0.15,4
552.0,554.0,79.4734991584,2800.0,0.0013242935,16.67,0.15,4
553.0,555.0,78.416176571,2800.0,0.0013066749,16.67,0.15,4
553.0,556.0,79.1098509497,2800.0,0.0013182339,16.67,0.15,4
554.0,712.0,79.9376714658,1300.0,0.0019986417,11.11,0.15,4
554.0,555.0,78.6480921341,2800.0,0.0013105394,16.67,0.15,4
555.0,709.0,79.354575054,2800.0,0.0013223118,16.67,0.15,4
557.0,558.0,79.2148497804,2800.0,0.0013199835,16.67,0.15,4
557.0,877.0,79.1764533601,2800.0,0.0013193437,16.67,0.15,4
559.0,560.0,79.0106886993,1300.0,0.0019754648,11.11,0.15,4
559.0,561.0,44.2548765022,2800.0,0.0007374338,16.67,0.15,4
559.0,586.0,79.1309457432,1300.0,0.0019784715,11.11,0.15,4
559.0,680.0,81.6202025665,2800.0,0.0013600647,16.67,0.15,4
560.0,562.0,80.4244340032,1300.0,0.0020108119,11.11,0.15,4
560.0,563.0,81.2128061544,2800.0,0.0013532761,16.67,0.15,4
560.0,588.0,44.2514225363,2800.0,0.0007373762,16.67,0.15,4
561.0,587.0,82.3257605495,2800.0,0.0013718216,16.67,0.15,4
561.0,585.0,79.0808459325,1300.0,0.0019772189,11.11,0.15,4
561.0,588.0,78.9473717489,1300.0,0.0019738817,11.11,0.15,4
562.0,564.0,79.541607904,1300.0,0.0019887391,11.11,0.15,4
562.0,565.0,44.2565760984,2800.0,0.0007374621,16.67,0.15,4
563.0,681.0,86.0865624816,2800.0,0.0014344891,16.67,0.15,4
563.0,680.0,79.4002097317,2800.0,0.0013230722,16.67,0.15,4
563.0,567.0,159.8799178103,2800.0,0.0026641325,16.67,0.15,4
564.0,566.0,77.8830377495,1300.0,0.0019472707,11.11,0.15,4
564.0,567.0,80.3386927746,5250.0,0.0010043341,22.22,0.15,4
564.0,590.0,44.9258689624,2800.0,0.0007486148,16.67,0.15,4
565.0,589.0,82.3216897586,2800.0,0.0013717538,16.67,0.15,4
565.0,588.0,80.0084410051,1300.0,0.0020004111,11.11,0.15,4
565.0,590.0,79.9714936223,1300.0,0.0019994873,11.11,0.15,4
567.0,683.0,86.2963465975,2800.0,0.0014379848,16.67,0.15,4
568.0,570.0,157.1222482025,1300.0,0.003928449,11.11,0.15,4
568.0,571.0,80.2266636717,1300.0,0.0020058672,11.11,0.15,4
570.0,571.0,76.1196789345,1300.0,0.0019031823,11.11,0.15,4
571.0,687.0,77.9819401056,5250.0,0.0009748717,22.22,0.15,4
573.0,574.0,75.2869310617,1300.0,0.0018823615,11.11,0.15,4
573.0,575.0,79.6172666927,2800.0,0.0013266891,16.67,0.15,4
573.0,862.0,83.1803041324,1300.0,0.0020797156,11.11,0.15,4
574.0,762.0,84.9835226839,2800.0,0.0014161088,16.67,0.15,4
575.0,576.0,82.7774558838,1300.0,0.0020696434,11.11,0.15,4
575.0,577.0,78.8815066722,2800.0,0.0013144289,16.67,0.15,4
575.0,762.0,44.7505409764,1300.0,0.0011188754,11.11,0.15,4
576.0,881.0,78.9744314041,2800.0,0.0013159773,16.67,0.15,4
576.0,880.0,82.115316747,1300.0,0.0020530882,11.11,0.15,4
576.0,862.0,79.2804705848,2800.0,0.001321077,16.67,0.15,4
577.0,578.0,44.7872393574,2800.0,0.0007463047,16.67,0.15,4
577.0,579.0,79.3238965426,2800.0,0.0013218006,16.67,0.15,4
577.0,881.0,82.7223407403,2800.0,0.00137843,16.67,0.15,4
578.0,763.0,79.9873893295,2800.0,0.0013328566,16.67,0.15,4
578.0,764.0,79.60571723,2800.0,0.0013264967,16.67,0.15,4
579.0,580.0,82.0936567157,2800.0,0.001367954,16.67,0.15,4
579.0,581.0,77.6019146665,2800.0,0.0012931066,16.67,0.15,4
579.0,764.0,44.4476209103,2800.0,0.0007406456,16.67,0.15,4
580.0,869.0,82.1952352829,2800.0,0.0013696467,16.67,0.15,4
580.0,870.0,77.38296389,2800.0,0.0012894582,16.67,0.15,4
580.0,881.0,79.8959202705,2800.0,0.0013313324,16.67,0.15,4
581.0,582.0,45.4684835612,1300.0,0.0011368258,11.11,0.15,4
581.0,583.0,82.2853896358,2800.0,0.0013711489,16.67,0.15,4
581.0,870.0,81.7929075762,1300.0,0.0020450272,11.11,0.15,4
582.0,765.0,82.4023786099,1300.0,0.0020602655,11.11,0.15,4
582.0,766.0,80.7565415226,1300.0,0.0020191154,11.11,0.15,4
582.0,764.0,77.4183345655,1300.0,0.0019356519,11.11,0.15,4
583.0,584.0,81.4646267605,1300.0,0.0020368194,11.11,0.15,4
583.0,585.0,78.2679034125,1300.0,0.0019568933,11.11,0.15,4
583.0,765.0,46.4445959867,1300.0,0.001161231,11.11,0.15,4
584.0,856.0,82.6453865694,1300.0,0.0020663413,11.11,0.15,4
584.0,857.0,78.0919852363,2800.0,0.0013012728,16.67,0.15,4
584.0,870.0,81.9703295646,2800.0,0.001365899,16.67,0.15,4
585.0,586.0,45.1323266739,2800.0,0.000752055,16.67,0.15,4
585.0,857.0,82.3240158195,2800.0,0.0013717926,16.67,0.15,4
586.0,767.0,80.7014965964,2800.0,0.001344756,16.67,0.15,4
586.0,765.0,78.2505376522,1300.0,0.0019564591,11.11,0.15,4
587.0,696.0,80.8298297124,2800.0,0.0013468944,16.67,0.15,4
587.0,697.0,78.8672775763,2800.0,0.0013141918,16.67,0.15,4
587.0,857.0,79.1279929635,2800.0,0.0013185362,16.67,0.15,4
589.0,815.0,83.5161378926,2800.0,0.0013916573,16.67,0.15,4
589.0,816.0,79.9718284526,2800.0,0.0013325973,16.67,0.15,4
589.0,697.0,80.0082042106,2800.0,0.0013332034,16.67,0.15,4
590.0,816.0,82.322505547,2800.0,0.0013717674,16.67,0.15,4
591.0,816.0,78.1751424294,2800.0,0.0013026585,16.67,0.15,4
592.0,594.0,79.2284060097,5250.0,0.0009904541,22.22,0.15,4
593.0,876.0,79.3627017889,2800.0,0.0013224472,16.67,0.15,4
593.0,594.0,79.7986718468,2800.0,0.0013297119,16.67,0.15,4
594.0,747.0,78.8200792657,2800.0,0.0013134053,16.67,0.15,4
594.0,710.0,79.3284277173,2800.0,0.0013218761,16.67,0.15,4
595.0,596.0,52.5312716635,5250.0,0.0006567066,22.22,0.15,4
595.0,734.0,104.3463224371,1300.0,0.002608919,11.11,0.15,4
596.0,597.0,79.6680959062,5250.0,0.0009959508,22.22,0.15,4
596.0,598.0,84.1597760626,2800.0,0.0014023825,16.67,0.15,4
597.0,599.0,87.6519529221,1300.0,0.002191518,11.11,0.15,4
597.0,600.0,79.3143869521,5250.0,0.000991529,22.22,0.15,4
597.0,860.0,83.9963681281,1300.0,0.0021001192,11.11,0.15,4
598.0,733.0,85.4664051917,2800.0,0.0014241553,16.67,0.15,4
598.0,734.0,92.8127085302,5250.0,0.0011602749,22.22,0.15,4
598.0,860.0,79.7412938248,5250.0,0.0009968659,22.22,0.15,4
599.0,735.0,76.4866826406,5250.0,0.0009561792,22.22,0.15,4
599.0,862.0,82.4542518944,1300.0,0.0020615625,11.11,0.15,4
599.0,880.0,79.423557609,5250.0,0.0009928938,22.22,0.15,4
600.0,601.0,83.1956751176,1300.0,0.0020800999,11.11,0.15,4
600.0,602.0,79.0286902132,5250.0,0.0009879574,22.22,0.15,4
600.0,880.0,89.0485579401,1300.0,0.0022264366,11.11,0.15,4
601.0,861.0,85.4967608456,1300.0,0.0021376328,11.11,0.15,4
601.0,860.0,79.4794897862,2800.0,0.0013243933,16.67,0.15,4
601.0,864.0,78.932292924,2800.0,0.0013152752,16.67,0.15,4
602.0,603.0,79.5344252649,5250.0,0.0009942797,22.22,0.15,4
602.0,604.0,89.3983577925,2800.0,0.0014896747,16.67,0.15,4
602.0,864.0,83.1018235988,2800.0,0.0013847534,16.67,0.15,4
603.0,605.0,78.3187357834,5250.0,0.0009790821,22.22,0.15,4
603.0,606.0,83.6587910739,2800.0,0.0013940344,16.67,0.15,4
603.0,869.0,89.0371490256,2800.0,0.0014836558,16.67,0.15,4
604.0,880.0,78.9221114559,5250.0,0.0009866251,22.22,0.15,4
604.0,881.0,82.1292878947,2800.0,0.0013685478,16.67,0.15,4
604.0,869.0,79.7167645906,5250.0,0.0009965592,22.22,0.15,4
605.0,607.0,87.7953640752,1300.0,0.0021951036,11.11,0.15,4
605.0,608.0,81.6255618535,5250.0,0.0010204216,22.22,0.15,4
605.0,866.0,84.3841438579,1300.0,0.0021098146,11.11,0.15,4
606.0,863.0,85.3617287498,5250.0,0.0010671283,22.22,0.15,4
606.0,864.0,79.2857839546,2800.0,0.0013211655,16.67,0.15,4
606.0,866.0,78.0893450853,5250.0,0.0009762144,22.22,0.15,4
607.0,870.0,82.5341822652,1300.0,0.0020635609,11.11,0.15,4
607.0,869.0,76.8432375587,5250.0,0.0009606365,22.22,0.15,4
607.0,856.0,82.4609214472,5250.0,0.0010308646,22.22,0.15,4
608.0,609.0,84.6211180244,1300.0,0.0021157395,11.11,0.15,4
608.0,610.0,77.7236758045,5250.0,0.0009716431,22.22,0.15,4
608.0,856.0,87.8535129593,1300.0,0.0021965575,11.11,0.15,4
609.0,867.0,85.147730927,1300.0,0.0021289062,11.11,0.15,4
609.0,866.0,82.3552087136,2800.0,0.0013723123,16.67,0.15,4
609.0,854.0,76.9818531892,2800.0,0.0012827743,16.67,0.15,4
610.0,611.0,89.6561614537,2800.0,0.0014939706,16.67,0.15,4
610.0,612.0,79.3854159587,5250.0,0.0009924169,22.22,0.15,4
610.0,854.0,83.2110850761,2800.0,0.0013865741,16.67,0.15,4
611.0,856.0,78.3835674613,2800.0,0.0013061316,16.67,0.15,4
611.0,857.0,81.3626237229,2800.0,0.0013557726,16.67,0.15,4
611.0,696.0,78.9765720372,5250.0,0.0009873059,22.22,0.15,4
612.0,613.0,83.0252264887,2800.0,0.0013834771,16.67,0.15,4
612.0,614.0,79.0940575766,5250.0,0.0009887746,22.22,0.15,4
612.0,696.0,90.4684737834,2800.0,0.0015075064,16.67,0.15,4
613.0,855.0,84.9623803921,2800.0,0.0014157565,16.67,0.15,4
613.0,854.0,79.32615996,2800.0,0.0013218383,16.67,0.15,4
613.0,695.0,79.275991519,2800.0,0.0013210023,16.67,0.15,4
614.0,615.0,79.2922957864,5250.0,0.0009912528,22.22,0.15,4
614.0,616.0,90.2942494459,2800.0,0.0015046032,16.67,0.15,4
614.0,695.0,83.1029189157,2800.0,0.0013847717,16.67,0.15,4
615.0,617.0,79.9716180269,5250.0,0.0009997452,22.22,0.15,4
615.0,618.0,83.290017215,5250.0,0.0010412293,22.22,0.15,4
615.0,815.0,87.6574340664,2800.0,0.0014606651,16.67,0.15,4
616.0,696.0,79.0283547452,5250.0,0.0009879532,22.22,0.15,4
616.0,697.0,81.0041443169,1300.0,0.0020253061,11.11,0.15,4
616.0,815.0,79.7375735903,5250.0,0.0009968194,22.22,0.15,4
617.0,619.0,78.1648423747,5250.0,0.0009771582,22.22,0.15,4
617.0,620.0,88.3274290282,2800.0,0.0014718295,16.67,0.15,4
617.0,754.0,83.6329619563,5250.0,0.0010455166,22.22,0.15,4
618.0,694.0,82.6982665932,5250.0,0.0010338317,22.22,0.15,4
618.0,695.0,79.4333219376,2800.0,0.001323624,16.67,0.15,4
618.0,754.0,79.973535446,5250.0,0.0009997692,22.22,0.15,4
620.0,815.0,80.0422243437,5250.0,0.0010006279,22.22,0.15,4
620.0,816.0,82.8525047659,2800.0,0.001380599,16.67,0.15,4
621.0,623.0,79.0452060037,5250.0,0.0009881639,22.22,0.15,4
621.0,899.0,85.0134725983,2800.0,0.0014166079,16.67,0.15,4
622.0,899.0,78.777693985,2800.0,0.001312699,16.67,0.15,4
623.0,941.0,91.3445543016,1300.0,0.0022838422,11.11,0.15,4
624.0,627.0,79.2117124889,5250.0,0.0009902454,22.22,0.15,4
625.0,627.0,84.2667389712,2800.0,0.0014041648,16.67,0.15,4
625.0,628.0,90.9615191073,5250.0,0.0011371327,22.22,0.15,4
625.0,629.0,88.3330223117,2800.0,0.0014719227,16.67,0.15,4
626.0,629.0,79.126573873,7000.0,0.0009891811,22.22,0.15,4
628.0,630.0,67.6594597876,1300.0,0.0016916557,11.11,0.15,4
629.0,797.0,82.8592569833,2800.0,0.0013807115,16.67,0.15,4
630.0,631.0,163.8606980424,2800.0,0.0027304655,16.67,0.15,4
632.0,635.0,78.7416100861,1300.0,0.0019687371,11.11,0.15,4
632.0,636.0,80.101866928,1300.0,0.0020027469,11.11,0.15,4
633.0,634.0,83.3943106353,2800.0,0.0013896273,16.67,0.15,4
633.0,958.0,44.2848712262,2800.0,0.0007379336,16.67,0.15,4
635.0,942.0,77.1995646476,2800.0,0.0012864021,16.67,0.15,4
635.0,637.0,79.1164977404,2800.0,0.0013183446,16.67,0.15,4
638.0,639.0,68.9997675604,2800.0,0.0011497662,16.67,0.15,4
639.0,755.0,77.5428647405,1300.0,0.0019387655,11.11,0.15,4
639.0,755.0,75.3281112838,2800.0,0.0012552175,16.67,0.15,4
640.0,755.0,83.1821484586,2800.0,0.0013860919,16.67,0.15,4
641.0,642.0,80.226148637,2800.0,0.0013368351,16.67,0.15,4
641.0,784.0,78.9815235652,5250.0,0.0009873678,22.22,0.15,4
642.0,643.0,79.2472926688,2800.0,0.0013205241,16.67,0.15,4
642.0,644.0,78.8612866164,2800.0,0.001314092,16.67,0.15,4
643.0,784.0,80.2565051038,2800.0,0.001337341,16.67,0.15,4
643.0,645.0,78.7407183856,2800.0,0.0013120829,16.67,0.15,4
643.0,786.0,78.6286867843,2800.0,0.0013102161,16.67,0.15,4
644.0,645.0,79.4669061562,2800.0,0.0013241836,16.67,0.15,4
645.0,775.0,78.6271511036,2800.0,0.0013101905,16.67,0.15,4
646.0,647.0,75.4807804573,2800.0,0.0012577615,16.67,0.15,4
646.0,648.0,80.5904633696,2800.0,0.0013429058,16.67,0.15,4
646.0,760.0,82.8416449651,5250.0,0.0010356241,22.22,0.15,4
648.0,649.0,82.1713898607,2800.0,0.0013692493,16.67,0.15,4
648.0,650.0,79.2607380816,5250.0,0.0009908583,22.22,0.15,4
649.0,792.0,78.3689087262,2800.0,0.0013058873,16.67,0.15,4
649.0,760.0,80.6177547701,2800.0,0.0013433606,16.67,0.15,4
649.0,652.0,79.3495221761,2800.0,0.0013222276,16.67,0.15,4
650.0,651.0,76.9201702135,5250.0,0.0009615983,22.22,0.15,4
650.0,652.0,82.1330052751,2800.0,0.0013686097,16.67,0.15,4
651.0,653.0,95.7568488785,2800.0,0.0015956284,16.67,0.15,4
652.0,793.0,78.9932151236,2800.0,0.0013162903,16.67,0.15,4
652.0,653.0,91.9083288576,2800.0,0.0015314992,16.67,0.15,4
653.0,723.0,66.1969188244,2800.0,0.0011030614,16.67,0.15,4
654.0,655.0,83.0863637323,2800.0,0.0013844958,16.67,0.15,4
654.0,656.0,79.87187223,5250.0,0.0009984983,22.22,0.15,4
655.0,796.0,71.6232784129,2800.0,0.0011934826,16.67,0.15,4
655.0,657.0,80.3553248437,2800.0,0.0013389876,16.67,0.15,4
656.0,657.0,82.3777031314,2800.0,0.0013726872,16.67,0.15,4
656.0,658.0,86.0736843442,2800.0,0.0014342746,16.67,0.15,4
657.0,659.0,32.3767521572,2800.0,0.0005395046,16.67,0.15,4
658.0,659.0,112.1872653331,2800.0,0.0018694139,16.67,0.15,4
658.0,660.0,110.462821312,7000.0,0.0013809234,22.22,0.15,4
661.0,662.0,78.8925789226,2800.0,0.0013146134,16.67,0.15,4
661.0,663.0,79.47734237,2800.0,0.0013243575,16.67,0.15,4
661.0,664.0,37.879213395,2800.0,0.000631194,16.67,0.15,4
661.0,665.0,78.6027520098,2800.0,0.0013097839,16.67,0.15,4
662.0,666.0,79.0058804306,2800.0,0.0013165014,16.67,0.15,4
662.0,667.0,80.4701282272,2800.0,0.0013409006,16.67,0.15,4
663.0,929.0,80.7086666576,1300.0,0.0020179185,11.11,0.15,4
663.0,928.0,79.2731125358,2800.0,0.0013209544,16.67,0.15,4
663.0,745.0,78.6046290194,2800.0,0.0013098152,16.67,0.15,4
665.0,745.0,79.44378971,1300.0,0.0019862934,11.11,0.15,4
666.0,913.0,79.340213349,2800.0,0.0013220725,16.67,0.15,4
668.0,670.0,79.7913641016,5250.0,0.0009974918,22.22,0.15,4
668.0,671.0,85.5568176983,2800.0,0.0014256618,16.67,0.15,4
668.0,763.0,85.2741365038,2800.0,0.0014209514,16.67,0.15,4
669.0,762.0,84.7848310185,1300.0,0.0021198328,11.11,0.15,4
669.0,763.0,79.4146168913,5250.0,0.000992782,22.22,0.15,4
670.0,672.0,85.3616799118,2800.0,0.0014224102,16.67,0.15,4
670.0,673.0,77.0511516782,5250.0,0.0009632357,22.22,0.15,4
671.0,882.0,79.9706381517,5250.0,0.000999733,22.22,0.15,4
672.0,764.0,80.587908372,2800.0,0.0013428632,16.67,0.15,4
672.0,763.0,79.6029156918,5250.0,0.000995136,22.22,0.15,4
672.0,766.0,77.355160624,5250.0,0.0009670362,22.22,0.15,4
673.0,674.0,85.1602733067,1300.0,0.0021292198,11.11,0.15,4
673.0,675.0,83.8707784378,5250.0,0.0010484896,22.22,0.15,4
673.0,766.0,85.2642455908,1300.0,0.0021318193,11.11,0.15,4
675.0,676.0,76.5279029766,5250.0,0.0009566945,22.22,0.15,4
675.0,677.0,85.233630255,1300.0,0.0021310539,11.11,0.15,4
676.0,678.0,79.3580920994,5250.0,0.0009920754,22.22,0.15,4
676.0,679.0,85.9481406583,2800.0,0.0014321826,16.67,0.15,4
676.0,767.0,84.9662821776,2800.0,0.0014158215,16.67,0.15,4
677.0,766.0,82.6444893958,5250.0,0.0010331594,22.22,0.15,4
677.0,765.0,79.4455302539,1300.0,0.0019863369,11.11,0.15,4
677.0,767.0,77.56756583,5250.0,0.0009696915,22.22,0.15,4
678.0,680.0,85.6821120456,2800.0,0.0014277497,16.67,0.15,4
678.0,681.0,79.4002801471,2800.0,0.0013230734,16.67,0.15,4
680.0,767.0,79.2622941749,5250.0,0.0009908778,22.22,0.15,4
681.0,682.0,85.2030077904,2800.0,0.0014197662,16.67,0.15,4
681.0,683.0,159.9689090089,2800.0,0.0026656154,16.67,0.15,4
682.0,684.0,159.9689645114,5250.0,0.001999812,22.22,0.15,4
683.0,684.0,85.2047319106,2800.0,0.0014197949,16.67,0.15,4
683.0,685.0,77.5180921735,2800.0,0.0012917099,16.67,0.15,4
686.0,687.0,86.4420858846,2800.0,0.0014404133,16.67,0.15,4
686.0,930.0,85.2073932721,2800.0,0.0014198393,16.67,0.15,4
688.0,690.0,38.3861442162,2800.0,0.0006396411,16.67,0.15,4
688.0,691.0,35.2837608254,2800.0,0.0005879451,16.67,0.15,4
689.0,852.0,54.8217953299,2800.0,0.0009135139,16.67,0.15,4
689.0,887.0,180.3935269682,2800.0,0.0030059576,16.67,0.15,4
690.0,701.0,110.0179794867,2800.0,0.0018332663,16.67,0.15,4
691.0,698.0,108.9801482449,2800.0,0.0018159726,16.67,0.15,4
691.0,699.0,66.8625306716,2800.0,0.0011141527,16.67,0.15,4
692.0,694.0,78.9246479212,5250.0,0.0009866568,22.22,0.15,4
692.0,695.0,85.963554379,1300.0,0.0021493038,11.11,0.15,4
692.0,855.0,79.4631052654,5250.0,0.0009933882,22.22,0.15,4
693.0,883.0,77.9941181352,2800.0,0.001299642,16.67,0.15,4
693.0,886.0,79.2821265545,5250.0,0.0009911257,22.22,0.15,4
693.0,855.0,82.7423999098,2800.0,0.0013787642,16.67,0.15,4
694.0,814.0,79.9717348029,5250.0,0.0009997467,22.22,0.15,4
694.0,813.0,84.8575734802,5250.0,0.0010608258,22.22,0.15,4
698.0,700.0,108.3794653522,2800.0,0.0018059632,16.67,0.15,4
698.0,701.0,73.5788453923,2800.0,0.0012260689,16.67,0.15,4
698.0,702.0,79.2183289323,2800.0,0.0013200415,16.67,0.15,4
699.0,852.0,109.6391634534,2800.0,0.001826954,16.67,0.15,4
699.0,702.0,122.4514060972,2800.0,0.0020404487,16.67,0.15,4
699.0,777.0,84.0490606223,2800.0,0.0014005376,16.67,0.15,4
700.0,703.0,78.9410153411,2800.0,0.0013154205,16.67,0.15,4
700.0,704.0,78.0098792436,2800.0,0.0012999047,16.67,0.15,4
701.0,704.0,113.7477359528,2800.0,0.0018954165,16.67,0.15,4
702.0,703.0,109.5316904813,2800.0,0.0018251631,16.67,0.15,4
703.0,778.0,227.1700612764,2800.0,0.0037854106,16.67,0.15,4
705.0,706.0,78.3215797225,2800.0,0.0013050986,16.67,0.15,4
707.0,711.0,79.1062400547,2800.0,0.0013181737,16.67,0.15,4
708.0,709.0,79.3768910804,2800.0,0.0013226836,16.67,0.15,4
708.0,710.0,78.3832189181,2800.0,0.0013061258,16.67,0.15,4
708.0,711.0,79.2855201087,2800.0,0.0013211611,16.67,0.15,4
708.0,712.0,157.9210636443,2800.0,0.0026314914,16.67,0.15,4
709.0,877.0,79.4755095028,2800.0,0.001324327,16.67,0.15,4
710.0,748.0,79.2970453066,2800.0,0.0013213532,16.67,0.15,4
710.0,876.0,79.3748636159,2800.0,0.0013226499,16.67,0.15,4
711.0,877.0,79.3325056955,2800.0,0.001321944,16.67,0.15,4
711.0,876.0,78.41214415,2800.0,0.0013066077,16.67,0.15,4
712.0,713.0,78.4404906004,2800.0,0.0013070801,16.67,0.15,4
712.0,714.0,152.6444757494,2800.0,0.0025435659,16.67,0.15,4
713.0,715.0,157.3000581363,2800.0,0.0026211434,16.67,0.15,4
713.0,749.0,79.2228617752,2800.0,0.001320117,16.67,0.15,4
713.0,748.0,79.0078335558,2800.0,0.0013165339,16.67,0.15,4
714.0,715.0,98.364028807,2800.0,0.0016390727,16.67,0.15,4
715.0,858.0,71.1953810652,5250.0,0.0008900313,22.22,0.15,4
716.0,717.0,157.5022354387,2800.0,0.0026245124,16.67,0.15,4
716.0,718.0,77.1729703486,2800.0,0.001285959,16.67,0.15,4
716.0,719.0,79.3377170854,2800.0,0.0013220309,16.67,0.15,4
717.0,720.0,79.3393084973,2800.0,0.0013220574,16.67,0.15,4
719.0,720.0,157.9347226121,2800.0,0.002631719,16.67,0.15,4
720.0,721.0,79.2362236924,2800.0,0.0013203397,16.67,0.15,4
720.0,731.0,78.8946517442,2800.0,0.0013146479,16.67,0.15,4
721.0,794.0,63.966906059,2800.0,0.0010659019,16.67,0.15,4
721.0,871.0,78.8709355647,2800.0,0.0013142527,16.67,0.15,4
722.0,794.0,91.8954977321,7000.0,0.0011488086,22.22,0.15,4
723.0,793.0,79.1074594809,7000.0,0.0009889421,22.22,0.15,4
723.0,794.0,94.570239925,2800.0,0.0015758555,16.67,0.15,4
724.0,803.0,79.472411304,2800.0,0.0013242753,16.67,0.15,4
725.0,726.0,41.6851613503,2800.0,0.0006946138,16.67,0.15,4
725.0,727.0,118.4689122741,2800.0,0.0019740871,16.67,0.15,4
725.0,728.0,77.9942526625,2800.0,0.0012996443,16.67,0.15,4
726.0,849.0,39.0443445271,5250.0,0.0004881031,22.22,0.15,4
727.0,738.0,32.8088629279,1300.0,0.0008203036,11.11,0.15,4
729.0,730.0,157.1501141912,2800.0,0.0026186448,16.67,0.15,4
730.0,888.0,77.1568064706,2800.0,0.0012856896,16.67,0.15,4
731.0,871.0,78.6583701142,2800.0,0.0013107107,16.67,0.15,4
732.0,946.0,99.5557205148,2800.0,0.0016589302,16.67,0.15,4
733.0,968.0,82.2142354434,2800.0,0.0013699633,16.67,0.15,4
733.0,859.0,79.4685057905,2800.0,0.0013242103,16.67,0.15,4
733.0,934.0,79.2966699104,2800.0,0.0013213469,16.67,0.15,4
734.0,967.0,68.2161057529,1300.0,0.0017055732,11.11,0.15,4
734.0,934.0,72.059455567,1300.0,0.0018016666,11.11,0.15,4
735.0,736.0,61.3136909474,1300.0,0.0015329956,11.11,0.15,4
736.0,862.0,92.0372749479,2800.0,0.0015336479,16.67,0.15,4
737.0,932.0,139.6259488025,2800.0,0.0023266338,16.67,0.15,4
737.0,951.0,89.6800739443,2800.0,0.001494369,16.67,0.15,4
739.0,739.0,82.6872887924,2800.0,0.0013778459,16.67,0.15,4
739.0,739.0,82.6872887924,2800.0,0.0013778459,16.67,0.15,4
740.0,740.0,93.5039142049,2800.0,0.001558087,16.67,0.15,4
740.0,740.0,93.5039142049,2800.0,0.001558087,16.67,0.15,4
744.0,858.0,217.4932946509,7000.0,0.0027189381,22.22,0.15,4
745.0,746.0,79.2860981772,1300.0,0.0019823507,11.11,0.15,4
746.0,928.0,79.1974600095,2800.0,0.0013196937,16.67,0.15,4
747.0,748.0,79.2658716537,2800.0,0.0013208337,16.67,0.15,4
747.0,749.0,79.1646646844,2800.0,0.0013191472,16.67,0.15,4
749.0,858.0,157.9644058069,2800.0,0.0026322137,16.67,0.15,4
750.0,847.0,79.2009256395,12250.0,0.0009901106,22.22,0.15,4
750.0,849.0,277.5091335625,5250.0,0.0034692111,22.22,0.15,4
752.0,814.0,84.8594318585,2800.0,0.0014140411,16.67,0.15,4
752.0,813.0,79.9767520586,2800.0,0.0013326793,16.67,0.15,4
753.0,814.0,78.1753411542,2800.0,0.0013026618,16.67,0.15,4
754.0,814.0,82.3569682758,5250.0,0.0010295651,22.22,0.15,4
756.0,889.0,75.8764459966,2800.0,0.0012643546,16.67,0.15,4
756.0,871.0,79.3826939018,2800.0,0.0013227803,16.67,0.15,4
757.0,759.0,90.7249437601,1300.0,0.0022683504,11.11,0.15,4
757.0,889.0,70.3167716813,7000.0,0.0008790476,22.22,0.15,4
758.0,759.0,143.451489178,5250.0,0.0017933229,22.22,0.15,4
759.0,760.0,78.1846425042,5250.0,0.0009774058,22.22,0.15,4
759.0,792.0,79.9559438042,8750.0,0.0009995493,22.22,0.15,4
760.0,909.0,78.9097056932,2800.0,0.0013148988,16.67,0.15,4
761.0,803.0,79.1043524738,2800.0,0.0013181422,16.67,0.15,4
768.0,769.0,80.7348584682,2800.0,0.0013453119,16.67,0.15,4
768.0,770.0,74.8345657828,2800.0,0.0012469934,16.67,0.15,4
769.0,771.0,74.9420374919,2800.0,0.0012487842,16.67,0.15,4
769.0,772.0,39.5094308035,5250.0,0.0004939173,22.22,0.15,4
770.0,835.0,77.347769175,2800.0,0.0012888717,16.67,0.15,4
770.0,771.0,82.593969395,2800.0,0.0013762909,16.67,0.15,4
771.0,896.0,102.5868051105,2800.0,0.0017094382,16.67,0.15,4
771.0,891.0,160.2661359313,2800.0,0.0026705682,16.67,0.15,4
772.0,891.0,204.0919349547,2800.0,0.0034008521,16.67,0.15,4
773.0,785.0,76.6238011172,2800.0,0.001276808,16.67,0.15,4
774.0,785.0,77.9646294457,7000.0,0.0009746553,22.22,0.15,4
775.0,785.0,81.531766435,2800.0,0.0013585911,16.67,0.15,4
775.0,786.0,79.1745849629,7000.0,0.0009897813,22.22,0.15,4
777.0,798.0,68.4419689836,2800.0,0.0011404714,16.67,0.15,4
778.0,943.0,57.8569798056,7000.0,0.0007232846,22.22,0.15,4
779.0,781.0,102.6865411699,2800.0,0.0017111001,16.67,0.15,4
780.0,781.0,77.5157364157,2800.0,0.0012916706,16.67,0.15,4
781.0,875.0,93.0587655651,2800.0,0.0015506693,16.67,0.15,4
781.0,851.0,139.6224621494,1300.0,0.0034909106,11.11,0.15,4
783.0,838.0,79.234705756,2800.0,0.0013203144,16.67,0.15,4
784.0,838.0,78.4039001161,2800.0,0.0013064704,16.67,0.15,4
787.0,788.0,79.2854474921,7000.0,0.0009911672,22.22,0.15,4
788.0,789.0,81.9839282937,2800.0,0.0013661256,16.67,0.15,4
789.0,791.0,79.1499772949,7000.0,0.0009894737,22.22,0.15,4
789.0,888.0,77.4168926266,2800.0,0.0012900235,16.67,0.15,4
790.0,909.0,78.3489961495,2800.0,0.0013055555,16.67,0.15,4
792.0,793.0,79.1180640965,7000.0,0.0009890747,22.22,0.15,4
799.0,800.0,78.8153565435,2800.0,0.0013133266,16.67,0.15,4
800.0,820.0,79.3380784575,2800.0,0.0013220369,16.67,0.15,4
800.0,821.0,79.0588709574,2800.0,0.0013173844,16.67,0.15,4
801.0,802.0,79.4172848776,2800.0,0.0013233567,16.67,0.15,4
804.0,805.0,79.3517084096,2800.0,0.001322264,16.67,0.15,4
805.0,806.0,79.783888804,2800.0,0.0013294656,16.67,0.15,4
807.0,810.0,48.699091551,2800.0,0.0008114892,16.67,0.15,4
808.0,809.0,85.5794415502,2800.0,0.0014260388,16.67,0.15,4
808.0,810.0,62.338664676,2800.0,0.00103877,16.67,0.15,4
809.0,811.0,71.5590712184,5250.0,0.0008945778,22.22,0.15,4
809.0,955.0,96.7524646603,2800.0,0.0016122186,16.67,0.15,4
811.0,812.0,88.7153479073,2800.0,0.0014782935,16.67,0.15,4
817.0,916.0,311.1624106533,2800.0,0.0051850032,16.67,0.15,4
818.0,819.0,108.179445191,2800.0,0.0018026302,16.67,0.15,4
818.0,893.0,156.5572702047,1300.0,0.0039143232,11.11,0.15,4
819.0,891.0,203.4999808811,2800.0,0.0033909882,16.67,0.15,4
820.0,822.0,78.7539778014,2800.0,0.0013123038,16.67,0.15,4
821.0,822.0,79.3610063163,2800.0,0.001322419,16.67,0.15,4
822.0,840.0,79.1377696175,2800.0,0.0013186991,16.67,0.15,4
823.0,824.0,79.0167848525,2800.0,0.0013166831,16.67,0.15,4
823.0,825.0,88.4680444251,2800.0,0.0014741726,16.67,0.15,4
824.0,826.0,88.1112180553,2800.0,0.0014682267,16.67,0.15,4
824.0,840.0,80.1833220204,2800.0,0.0013361215,16.67,0.15,4
825.0,826.0,79.2797312137,2800.0,0.0013210646,16.67,0.15,4
827.0,828.0,80.5434086941,2800.0,0.0013421217,16.67,0.15,4
827.0,874.0,158.1044847509,2800.0,0.0026345478,16.67,0.15,4
828.0,927.0,158.1474285811,2800.0,0.0026352634,16.67,0.15,4
828.0,832.0,77.9737910943,2800.0,0.0012993033,16.67,0.15,4
829.0,830.0,158.7720892937,2800.0,0.0026456724,16.67,0.15,4
829.0,831.0,79.5864571712,2800.0,0.0013261757,16.67,0.15,4
829.0,832.0,79.8534378013,2800.0,0.0013306245,16.67,0.15,4
830.0,906.0,157.2601169669,2800.0,0.0026204779,16.67,0.15,4
830.0,834.0,79.440759424,2800.0,0.0013237479,16.67,0.15,4
830.0,964.0,79.786112754,2800.0,0.0013295026,16.67,0.15,4
831.0,833.0,78.8968757389,2800.0,0.001314685,16.67,0.15,4
831.0,834.0,158.8130858775,2800.0,0.0026463555,16.67,0.15,4
832.0,964.0,158.2538326961,2800.0,0.0026370365,16.67,0.15,4
833.0,914.0,158.6169796057,2800.0,0.0026430877,16.67,0.15,4
834.0,914.0,78.9243929589,2800.0,0.0013151435,16.67,0.15,4
834.0,903.0,157.109565544,2800.0,0.0026179692,16.67,0.15,4
837.0,838.0,79.4345699571,2800.0,0.0013236448,16.67,0.15,4
837.0,839.0,79.0848487862,2800.0,0.0013178172,16.67,0.15,4
841.0,952.0,129.5117788711,7000.0,0.0016190591,22.22,0.15,4
841.0,948.0,143.3622634175,1300.0,0.003584415,11.11,0.15,4
841.0,898.0,91.1663502176,1300.0,0.0022793867,11.11,0.15,4
842.0,843.0,87.4587934177,2800.0,0.0014573551,16.67,0.15,4
842.0,844.0,87.9263909294,1300.0,0.0021983796,11.11,0.15,4
842.0,947.0,87.0390012119,1300.0,0.0021761926,11.11,0.15,4
843.0,879.0,88.4920631395,2800.0,0.0014745728,16.67,0.15,4
844.0,879.0,84.6428376647,2800.0,0.0014104319,16.67,0.15,4
844.0,878.0,78.3158289819,1300.0,0.0019580915,11.11,0.15,4
844.0,922.0,81.9159132907,2800.0,0.0013649922,16.67,0.15,4
845.0,846.0,86.1334843948,2800.0,0.001435271,16.67,0.15,4
845.0,923.0,86.9384790898,2800.0,0.0014486849,16.67,0.15,4
846.0,885.0,86.9974286249,2800.0,0.0014496672,16.67,0.15,4
846.0,884.0,87.1328576302,2800.0,0.0014519239,16.67,0.15,4
847.0,848.0,233.4301134978,7000.0,0.0029181682,22.22,0.15,4
847.0,849.0,205.0611147723,2800.0,0.0034170018,16.67,0.15,4
848.0,918.0,105.4144366206,2800.0,0.001756556,16.67,0.15,4
848.0,935.0,180.4123172495,2800.0,0.0030062707,16.67,0.15,4
848.0,932.0,289.0096220361,1300.0,0.0072259631,11.11,0.15,4
849.0,932.0,303.3310144849,7000.0,0.0037920169,22.22,0.15,4
850.0,875.0,78.3642939535,2800.0,0.0013058104,16.67,0.15,4
851.0,875.0,78.1256409673,2800.0,0.0013018336,16.67,0.15,4
853.0,854.0,84.9044507871,2800.0,0.0014147912,16.67,0.15,4
853.0,855.0,79.4121525232,5250.0,0.0009927512,22.22,0.15,4
853.0,867.0,76.7642198338,5250.0,0.0009596487,22.22,0.15,4
853.0,886.0,82.3734957076,2800.0,0.0013726171,16.67,0.15,4
859.0,860.0,85.5685078804,1300.0,0.0021394266,11.11,0.15,4
859.0,861.0,79.2726484145,2800.0,0.0013209466,16.67,0.15,4
859.0,878.0,81.8527529154,1300.0,0.0020465235,11.11,0.15,4
863.0,865.0,78.6388093842,5250.0,0.0009830834,22.22,0.15,4
865.0,866.0,85.2979118415,1300.0,0.0021326611,11.11,0.15,4
865.0,867.0,82.3531517852,5250.0,0.0010295173,22.22,0.15,4
865.0,924.0,82.0793746855,1300.0,0.0020521896,11.11,0.15,4
873.0,874.0,157.943030847,2800.0,0.0026318575,16.67,0.15,4
874.0,927.0,80.1750041144,2800.0,0.0013359829,16.67,0.15,4
878.0,968.0,79.258974589,2800.0,0.0013207188,16.67,0.15,4
883.0,884.0,78.8489624244,2800.0,0.0013138866,16.67,0.15,4
883.0,885.0,87.5323301721,2800.0,0.0014585805,16.67,0.15,4
884.0,923.0,79.2025811122,2800.0,0.0013197791,16.67,0.15,4
884.0,886.0,78.9802514277,2800.0,0.0013160743,16.67,0.15,4
886.0,924.0,159.7177778344,5250.0,0.0019966719,22.22,0.15,4
891.0,893.0,151.6624791839,2800.0,0.0025272025,16.67,0.15,4
893.0,895.0,157.9521302219,1300.0,0.0039491982,11.11,0.15,4
894.0,895.0,94.9866488676,1300.0,0.0023749037,11.11,0.15,4
895.0,896.0,52.1471117393,2800.0,0.0008689447,16.67,0.15,4
897.0,898.0,75.4503702075,1300.0,0.0018864479,11.11,0.15,4
897.0,921.0,63.5891635798,2800.0,0.0010596075,16.67,0.15,4
898.0,920.0,94.3537445212,2800.0,0.001572248,16.67,0.15,4
899.0,941.0,96.0272794563,5250.0,0.001200461,22.22,0.15,4
902.0,903.0,158.2207752638,2800.0,0.0026364856,16.67,0.15,4
903.0,915.0,78.9450812834,2800.0,0.0013154883,16.67,0.15,4
903.0,906.0,79.3114224757,2800.0,0.0013215927,16.67,0.15,4
904.0,905.0,78.4187000266,2800.0,0.001306717,16.67,0.15,4
906.0,907.0,79.7009325054,2800.0,0.0013280833,16.67,0.15,4
907.0,964.0,157.8955165545,2800.0,0.0026310657,16.67,0.15,4
908.0,908.0,76.6007281127,1300.0,0.0019152097,11.11,0.15,4
910.0,911.0,78.6216638973,2800.0,0.001310099,16.67,0.15,4
914.0,915.0,157.1754130833,2800.0,0.0026190664,16.67,0.15,4
917.0,918.0,211.6312875528,2800.0,0.0035264828,16.67,0.15,4
917.0,935.0,98.8690942914,1300.0,0.0024719746,11.11,0.15,4
920.0,921.0,78.8607757918,2800.0,0.0013140834,16.67,0.15,4
920.0,922.0,82.3593852169,2800.0,0.0013723819,16.67,0.15,4
920.0,952.0,87.0770958299,2800.0,0.0014509947,16.67,0.15,4
921.0,934.0,83.0627608283,2800.0,0.0013841025,16.67,0.15,4
921.0,968.0,79.5402343963,2800.0,0.0013254055,16.67,0.15,4
922.0,947.0,90.291856189,2800.0,0.0015045634,16.67,0.15,4
922.0,968.0,75.4991018223,2800.0,0.0012580668,16.67,0.15,4
927.0,964.0,78.2490202065,2800.0,0.0013038896,16.67,0.15,4
930.0,931.0,79.6284812436,2800.0,0.001326876,16.67,0.15,4
930.0,956.0,82.2404972921,5250.0,0.001028109,22.22,0.15,4
932.0,951.0,46.0132634402,2800.0,0.0007667344,16.67,0.15,4
932.0,965.0,50.1873553107,2800.0,0.0008362887,16.67,0.15,4
934.0,967.0,32.6413360302,2800.0,0.0005439135,16.67,0.15,4
935.0,950.0,198.8300642465,7000.0,0.0024856244,22.22,0.15,4
936.0,963.0,401.0236746084,2800.0,0.0066823914,16.67,0.15,4
937.0,938.0,499.7733388467,2800.0,0.0083278901,16.67,0.15,4
937.0,938.0,510.4239849992,1300.0,0.0127618758,11.11,0.15,4
937.0,939.0,401.8612649269,2800.0,0.0066963485,16.67,0.15,4
937.0,954.0,488.3342633586,1300.0,0.0122095775,11.11,0.15,4
944.0,950.0,72.2303208409,2800.0,0.001203598,16.67,0.15,4
947.0,952.0,86.420216233,1300.0,0.0021607215,11.11,0.15,4
949.0,953.0,679.7731730557,8750.0,0.0084980145,22.22,0.15,4
951.0,965.0,50.3634011677,1300.0,0.001259211,11.11,0.15,4
955.0,959.0,185.8056885989,1300.0,0.0046456068,11.11,0.15,4
960.0,961.0,580.3440380594,2800.0,0.0096704665,16.67,0.15,4
960.0,962.0,235.3222473339,1300.0,0.0058836445,11.11,0.15,4
