0.0,1.0,110.2400728068,2800.0,0.0018369672,16.67,0.15,4
0.0,2.0,86.0890842101,2800.0,0.0014345312,16.67,0.15,4
0.0,669.0,42.8727087158,2800.0,0.0007144023,16.67,0.15,4
1.0,3.0,34.0887852942,1300.0,0.0008523049,11.11,0.15,4
1.0,907.0,75.8003099276,1300.0,0.0018951973,11.11,0.15,4
2.0,907.0,119.5410066205,1300.0,0.002988824,11.11,0.15,4
2.0,930.0,125.6072138153,2800.0,0.002093035,16.67,0.15,4
2.0,669.0,128.9126609789,2800.0,0.0021481147,16.67,0.15,4
3.0,909.0,109.5842299812,2800.0,0.0018260386,16.67,0.15,4
3.0,668.0,109.3978162105,1300.0,0.0027352189,11.11,0.15,4
3.0,669.0,119.2502483328,2800.0,0.0019871067,16.67,0.15,4
4.0,5.0,81.4126802856,2800.0,0.0013566067,16.67,0.15,4
4.0,6.0,212.9603569439,2800.0,0.0035486296,16.67,0.15,4
4.0,590.0,103.7298087617,2800.0,0.0017284844,16.67,0.15,4
4.0,36.0,115.4977357966,2800.0,0.0019245773,16.67,0.15,4
5.0,64.0,74.7057997496,2800.0,0.0012448477,16.67,0.15,4
5.0,8.0,189.4046952362,2800.0,0.0031561137,16.67,0.15,4
5.0,66.0,40.1130270743,1300.0,0.001002926,11.11,0.15,4
6.0,7.0,122.3374061233,2800.0,0.0020385491,16.67,0.15,4
6.0,8.0,89.5631826523,2800.0,0.0014924212,16.67,0.15,4
6.0,36.0,73.1623076156,2800.0,0.001219128,16.67,0.15,4
6.0,36.0,86.4178896289,2800.0,0.0014400102,16.67,0.15,4
6.0,125.0,114.713884092,2800.0,0.0019115158,16.67,0.15,4
6.0,35.0,123.5214309825,2800.0,0.0020582789,16.67,0.15,4
7.0,9.0,114.9719593315,2800.0,0.0019158162,16.67,0.15,4
7.0,35.0,43.7654340415,2800.0,0.000729278,16.67,0.15,4
8.0,13.0,399.5709487364,2800.0,0.0066581842,16.67,0.15,4
8.0,65.0,61.9125879165,2800.0,0.0010316701,16.67,0.15,4
9.0,10.0,118.2923835519,2800.0,0.0019711455,16.67,0.15,4
9.0,34.0,60.6052989575,2800.0,0.0010098863,16.67,0.15,4
10.0,11.0,114.9044598193,2800.0,0.0019146914,16.67,0.15,4
10.0,33.0,77.1358144647,2800.0,0.0012853398,16.67,0.15,4
11.0,12.0,116.162991489,2800.0,0.0019356627,16.67,0.15,4
11.0,13.0,109.0902896982,2800.0,0.0018178079,16.67,0.15,4
11.0,32.0,111.6264638662,1300.0,0.0027909407,11.11,0.15,4
12.0,14.0,119.348078396,2800.0,0.0019887369,16.67,0.15,4
12.0,589.0,113.4778440091,1300.0,0.0028372298,11.11,0.15,4
13.0,16.0,290.0991356892,2800.0,0.0048340188,16.67,0.15,4
13.0,515.0,81.5908244074,2800.0,0.0013595752,16.67,0.15,4
14.0,15.0,112.3526931342,2800.0,0.0018721705,16.67,0.15,4
14.0,31.0,131.1498775873,1300.0,0.0032790748,11.11,0.15,4
15.0,16.0,126.9242527043,2800.0,0.0021149812,16.67,0.15,4
15.0,17.0,123.8198842854,2800.0,0.0020632521,16.67,0.15,4
15.0,30.0,146.534335216,2800.0,0.0024417506,16.67,0.15,4
16.0,834.0,97.4399038534,2800.0,0.0016236737,16.67,0.15,4
16.0,19.0,223.452978643,2800.0,0.0037234716,16.67,0.15,4
17.0,18.0,130.114519609,2800.0,0.0021681417,16.67,0.15,4
17.0,29.0,164.5417051361,2800.0,0.0027418134,16.67,0.15,4
18.0,19.0,142.716001991,5250.0,0.0017841284,22.22,0.15,4
18.0,20.0,56.7941139959,2800.0,0.0009463793,16.67,0.15,4
18.0,586.0,184.1321098438,5250.0,0.0023018816,22.22,0.15,4
19.0,278.0,47.0003466965,2800.0,0.0007831825,16.67,0.15,4
19.0,865.0,108.199729777,5250.0,0.0013526319,22.22,0.15,4
20.0,21.0,98.143219554,2800.0,0.0016353932,16.67,0.15,4
20.0,28.0,196.355619565,5250.0,0.0024546907,22.22,0.15,4
20.0,278.0,144.6620159557,5250.0,0.001808456,22.22,0.15,4
21.0,22.0,89.3285902481,2800.0,0.0014885121,16.67,0.15,4
21.0,23.0,122.7378474213,2800.0,0.0020452217,16.67,0.15,4
22.0,23.0,40.120548539,2800.0,0.0006685421,16.67,0.15,4
22.0,24.0,37.3679041008,2800.0,0.0006226739,16.67,0.15,4
23.0,27.0,92.2961843729,2800.0,0.0015379621,16.67,0.15,4
23.0,427.0,64.3151459158,2800.0,0.0010717048,16.67,0.15,4
24.0,25.0,80.9991169129,2800.0,0.0013497153,16.67,0.15,4
24.0,26.0,96.9593188999,2800.0,0.0016156655,16.67,0.15,4
24.0,427.0,70.7086417133,2800.0,0.0011782417,16.67,0.15,4
25.0,278.0,115.6894970744,2800.0,0.0019277727,16.67,0.15,4
25.0,124.0,96.8561656907,2800.0,0.0016139466,16.67,0.15,4
26.0,62.0,58.4312012048,2800.0,0.0009736586,16.67,0.15,4
26.0,124.0,63.6066837349,2800.0,0.0010598994,16.67,0.15,4
27.0,60.0,104.4265527161,2800.0,0.0017400945,16.67,0.15,4
27.0,243.0,91.5815486249,2800.0,0.0015260539,16.67,0.15,4
28.0,586.0,37.5846206212,2800.0,0.0006262851,16.67,0.15,4
28.0,585.0,107.3103110666,2800.0,0.0017881476,16.67,0.15,4
28.0,587.0,96.0093150327,5250.0,0.0012002365,22.22,0.15,4
29.0,480.0,97.2913803043,2800.0,0.0016211988,16.67,0.15,4
29.0,30.0,99.915704675,2800.0,0.0016649288,16.67,0.15,4
29.0,586.0,104.6701997217,2800.0,0.0017441545,16.67,0.15,4
30.0,31.0,99.798063626,2800.0,0.0016629685,16.67,0.15,4
31.0,588.0,97.0764908498,1300.0,0.002427155,11.11,0.15,4
31.0,589.0,100.8082025899,2800.0,0.0016798007,16.67,0.15,4
32.0,589.0,98.005117658,2800.0,0.001633092,16.67,0.15,4
32.0,491.0,116.077566245,1300.0,0.0029022294,11.11,0.15,4
32.0,33.0,101.5993364763,2800.0,0.0016929837,16.67,0.15,4
33.0,492.0,97.8208441833,2800.0,0.0016300214,16.67,0.15,4
33.0,34.0,98.1838026079,2800.0,0.0016360695,16.67,0.15,4
34.0,495.0,96.4291004973,2800.0,0.0016068303,16.67,0.15,4
34.0,35.0,96.6719226649,2800.0,0.0016108765,16.67,0.15,4
35.0,126.0,96.1412047891,2800.0,0.001602033,16.67,0.15,4
37.0,642.0,104.1761384698,2800.0,0.0017359218,16.67,0.15,4
37.0,38.0,135.6942273748,2800.0,0.0022611182,16.67,0.15,4
37.0,39.0,128.9137387763,1300.0,0.0032231658,11.11,0.15,4
38.0,664.0,100.5284307754,2800.0,0.0016751388,16.67,0.15,4
38.0,643.0,86.8467137661,2800.0,0.0014471558,16.67,0.15,4
38.0,644.0,140.6745907698,2800.0,0.0023441077,16.67,0.15,4
39.0,663.0,85.6579938295,1300.0,0.002141664,11.11,0.15,4
39.0,40.0,117.8957694063,1300.0,0.002947689,11.11,0.15,4
39.0,873.0,125.6055603301,1300.0,0.0031404531,11.11,0.15,4
40.0,41.0,125.8040285859,1300.0,0.0031454153,11.11,0.15,4
40.0,42.0,116.8064296758,1300.0,0.0029204528,11.11,0.15,4
40.0,572.0,89.8422843291,1300.0,0.0022462817,11.11,0.15,4
41.0,876.0,118.9256486207,2800.0,0.0019816978,16.67,0.15,4
41.0,872.0,121.213261289,1300.0,0.0030306346,11.11,0.15,4
41.0,873.0,118.7174229377,2800.0,0.0019782281,16.67,0.15,4
42.0,43.0,81.8042138785,1300.0,0.0020453099,11.11,0.15,4
42.0,44.0,107.1606691982,1300.0,0.0026792847,11.11,0.15,4
42.0,876.0,120.0588548852,1300.0,0.0030017715,11.11,0.15,4
43.0,574.0,108.6143256903,2800.0,0.0018098768,16.67,0.15,4
43.0,573.0,97.3143567841,1300.0,0.0024331022,11.11,0.15,4
43.0,572.0,119.2368924771,2800.0,0.0019868842,16.67,0.15,4
43.0,572.0,118.6784279043,2800.0,0.0019775783,16.67,0.15,4
44.0,45.0,119.9957243248,1300.0,0.0030001931,11.11,0.15,4
44.0,46.0,105.9560911113,1300.0,0.0026491672,11.11,0.15,4
44.0,574.0,70.3278664428,1300.0,0.0017583725,11.11,0.15,4
45.0,680.0,119.0770058457,2800.0,0.0019842199,16.67,0.15,4
45.0,682.0,122.4856073363,1300.0,0.0030624464,11.11,0.15,4
45.0,876.0,120.2154296831,2800.0,0.0020031899,16.67,0.15,4
46.0,47.0,63.1366755079,1300.0,0.0015785747,11.11,0.15,4
46.0,48.0,108.745108202,1300.0,0.0027188996,11.11,0.15,4
46.0,680.0,120.594916174,1300.0,0.0030151744,11.11,0.15,4
47.0,575.0,79.6726261415,1300.0,0.0019920149,11.11,0.15,4
47.0,574.0,106.2468384461,2800.0,0.0017704266,16.67,0.15,4
47.0,49.0,107.4997022962,2800.0,0.0017913034,16.67,0.15,4
48.0,49.0,57.9383299897,2800.0,0.0009654457,16.67,0.15,4
48.0,50.0,119.6378522153,2800.0,0.0019935655,16.67,0.15,4
48.0,51.0,106.8935591651,1300.0,0.0026726062,11.11,0.15,4
49.0,352.0,107.4331445625,2800.0,0.0017901944,16.67,0.15,4
49.0,233.0,67.1138031509,2800.0,0.0011183397,16.67,0.15,4
50.0,52.0,119.1234529161,2800.0,0.0019849939,16.67,0.15,4
50.0,680.0,120.2999628174,2800.0,0.0020045985,16.67,0.15,4
50.0,356.0,121.0973472902,2800.0,0.0020178855,16.67,0.15,4
51.0,52.0,120.2172990473,1300.0,0.003005733,11.11,0.15,4
51.0,53.0,114.4276510912,1300.0,0.0028609774,11.11,0.15,4
51.0,352.0,50.36951819,1300.0,0.0012593639,11.11,0.15,4
52.0,353.0,58.8082530815,2800.0,0.0009799416,16.67,0.15,4
52.0,354.0,121.6550241988,2800.0,0.0020271783,16.67,0.15,4
53.0,54.0,49.7107582426,2800.0,0.000828347,16.67,0.15,4
53.0,55.0,124.6217955175,2800.0,0.0020766146,16.67,0.15,4
53.0,56.0,129.6260972625,2800.0,0.002160003,16.67,0.15,4
53.0,239.0,95.4759225924,2800.0,0.0015909472,16.67,0.15,4
54.0,239.0,47.7414956243,2800.0,0.0007955325,16.67,0.15,4
54.0,352.0,109.7550732427,2800.0,0.0018288854,16.67,0.15,4
55.0,57.0,82.5935087296,2800.0,0.0013762832,16.67,0.15,4
55.0,58.0,125.3290604193,2800.0,0.0020884,16.67,0.15,4
55.0,59.0,63.8543983799,2800.0,0.0010640272,16.67,0.15,4
56.0,58.0,107.4469023171,2800.0,0.0017904236,16.67,0.15,4
56.0,355.0,126.6688450164,1300.0,0.0031670378,11.11,0.15,4
56.0,353.0,75.5787097531,2800.0,0.0012593933,16.67,0.15,4
57.0,60.0,138.1354472061,2800.0,0.0023017971,16.67,0.15,4
57.0,61.0,121.2297357555,2800.0,0.0020200916,16.67,0.15,4
58.0,61.0,120.6595594879,2800.0,0.0020105905,16.67,0.15,4
58.0,818.0,122.1286452134,2800.0,0.0020350704,16.67,0.15,4
59.0,60.0,213.2895202202,2800.0,0.0035541145,16.67,0.15,4
59.0,239.0,130.3793117824,2800.0,0.002172554,16.67,0.15,4
59.0,238.0,91.1655812368,2800.0,0.0015191225,16.67,0.15,4
60.0,62.0,135.3763050289,2800.0,0.0022558206,16.67,0.15,4
60.0,242.0,104.3825683982,2800.0,0.0017393616,16.67,0.15,4
61.0,62.0,134.635515585,2800.0,0.0022434766,16.67,0.15,4
61.0,63.0,126.7720538174,2800.0,0.0021124451,16.67,0.15,4
62.0,427.0,81.5859720141,2800.0,0.0013594943,16.67,0.15,4
62.0,428.0,149.1115920205,1300.0,0.0037281626,11.11,0.15,4
63.0,429.0,48.6683455297,2800.0,0.0008109769,16.67,0.15,4
63.0,818.0,108.3190029138,2800.0,0.0018049557,16.67,0.15,4
64.0,65.0,177.9137143819,1300.0,0.0044482877,11.11,0.15,4
64.0,66.0,64.1565016635,1300.0,0.0016040729,11.11,0.15,4
64.0,67.0,85.8171734027,2800.0,0.0014300002,16.67,0.15,4
65.0,142.0,111.2761458448,1300.0,0.0027821819,11.11,0.15,4
65.0,143.0,71.7625076955,2800.0,0.0011958026,16.67,0.15,4
67.0,146.0,130.0785127336,2800.0,0.0021675417,16.67,0.15,4
67.0,143.0,150.3861976794,1300.0,0.0037600309,11.11,0.15,4
68.0,69.0,82.8780418733,2800.0,0.0013810245,16.67,0.15,4
68.0,69.0,83.0606616387,2800.0,0.0013840675,16.67,0.15,4
68.0,757.0,113.7730901139,2800.0,0.001895839,16.67,0.15,4
68.0,756.0,133.7261032478,5250.0,0.0016717435,22.22,0.15,4
68.0,803.0,110.9611331864,5250.0,0.0013871529,22.22,0.15,4
69.0,70.0,110.0705423141,5250.0,0.0013760194,22.22,0.15,4
69.0,755.0,146.2185571489,2800.0,0.0024364887,16.67,0.15,4
69.0,537.0,134.1640186111,5250.0,0.001677218,22.22,0.15,4
70.0,803.0,39.4718011959,2800.0,0.0006577318,16.67,0.15,4
70.0,799.0,110.452382432,1300.0,0.0027615857,11.11,0.15,4
70.0,800.0,106.5420994094,5250.0,0.0013319094,22.22,0.15,4
71.0,72.0,110.0877221659,2800.0,0.0018344285,16.67,0.15,4
71.0,73.0,41.600899465,2800.0,0.0006932097,16.67,0.15,4
71.0,74.0,94.9771356345,2800.0,0.0015826357,16.67,0.15,4
71.0,75.0,125.4609173529,2800.0,0.0020905972,16.67,0.15,4
72.0,787.0,119.1924911607,2800.0,0.0019861443,16.67,0.15,4
72.0,524.0,121.0715780444,2800.0,0.0020174561,16.67,0.15,4
72.0,73.0,115.4696835048,2800.0,0.0019241099,16.67,0.15,4
72.0,550.0,113.3311142069,2800.0,0.0018884742,16.67,0.15,4
72.0,550.0,108.2680823744,2800.0,0.0018041072,16.67,0.15,4
73.0,523.0,106.7145553989,2800.0,0.0017782203,16.67,0.15,4
73.0,526.0,97.7320997676,2800.0,0.0016285426,16.67,0.15,4
74.0,548.0,87.0372814138,2800.0,0.0014503313,16.67,0.15,4
74.0,504.0,133.6238743045,2800.0,0.0022266192,16.67,0.15,4
74.0,526.0,64.1629099045,1300.0,0.0016042332,11.11,0.15,4
75.0,528.0,82.9522972948,2800.0,0.0013822618,16.67,0.15,4
75.0,503.0,78.247835129,2800.0,0.0013038698,16.67,0.15,4
75.0,504.0,102.6305914286,2800.0,0.0017101678,16.67,0.15,4
76.0,77.0,91.1036861287,1300.0,0.0022778199,11.11,0.15,4
76.0,78.0,140.0381691875,2800.0,0.0023335028,16.67,0.15,4
76.0,831.0,102.254362907,1300.0,0.0025566147,11.11,0.15,4
77.0,852.0,69.6461237611,1300.0,0.0017413272,11.11,0.15,4
77.0,428.0,122.223928651,1300.0,0.0030559038,11.11,0.15,4
77.0,124.0,119.9933000066,1300.0,0.0030001325,11.11,0.15,4
78.0,797.0,132.1698073026,2800.0,0.0022023896,16.67,0.15,4
78.0,802.0,111.8708665904,1300.0,0.0027970514,11.11,0.15,4
78.0,433.0,107.2014059241,1300.0,0.0026803032,11.11,0.15,4
79.0,100.0,110.9777474027,1300.0,0.0027747212,11.11,0.15,4
79.0,735.0,50.2725461489,2800.0,0.0008377082,16.67,0.15,4
79.0,509.0,110.3418681298,1300.0,0.0027588226,11.11,0.15,4
80.0,81.0,35.5813900508,2800.0,0.0005929046,16.67,0.15,4
80.0,82.0,55.1930473151,5250.0,0.0006899821,22.22,0.15,4
80.0,83.0,49.5275047639,2800.0,0.0008252934,16.67,0.15,4
80.0,106.0,59.4542989589,5250.0,0.0007432531,22.22,0.15,4
81.0,84.0,59.2898832226,5250.0,0.0007411977,22.22,0.15,4
81.0,87.0,54.8959315283,5250.0,0.0006862678,22.22,0.15,4
82.0,87.0,36.1484742313,2800.0,0.0006023541,16.67,0.15,4
82.0,83.0,47.5162483158,2800.0,0.0007917791,16.67,0.15,4
82.0,527.0,119.8361209039,5250.0,0.0014981013,22.22,0.15,4
83.0,251.0,103.0470106261,2800.0,0.0017171068,16.67,0.15,4
84.0,108.0,97.1749517312,1300.0,0.0024296168,11.11,0.15,4
84.0,105.0,123.9031093809,5250.0,0.0015489438,22.22,0.15,4
84.0,106.0,35.7912812601,1300.0,0.0008948715,11.11,0.15,4
85.0,86.0,50.695619877,2800.0,0.000844758,16.67,0.15,4
85.0,87.0,148.6306159997,5250.0,0.0018580685,22.22,0.15,4
85.0,860.0,111.509280479,5250.0,0.0013940054,22.22,0.15,4
86.0,88.0,152.5101586958,5250.0,0.0019065676,22.22,0.15,4
86.0,906.0,147.0228335018,1300.0,0.0036759384,11.11,0.15,4
86.0,527.0,47.6636067071,1300.0,0.0011917093,11.11,0.15,4
86.0,527.0,46.0607259793,5250.0,0.0005758167,22.22,0.15,4
87.0,612.0,463.8726149712,2800.0,0.0077296643,16.67,0.15,4
88.0,89.0,127.5308821797,1300.0,0.0031885909,11.11,0.15,4
88.0,860.0,66.1042307928,2800.0,0.0011015169,16.67,0.15,4
88.0,113.0,123.5060166921,5250.0,0.0015439796,22.22,0.15,4
89.0,946.0,117.7814381735,1300.0,0.0029448304,11.11,0.15,4
90.0,91.0,48.395838136,2800.0,0.000806436,16.67,0.15,4
90.0,92.0,68.302632436,2800.0,0.0011381496,16.67,0.15,4
91.0,103.0,109.6229437558,2800.0,0.0018266837,16.67,0.15,4
91.0,657.0,212.2877332975,2800.0,0.0035374214,16.67,0.15,4
92.0,949.0,133.5362431231,2800.0,0.002225159,16.67,0.15,4
93.0,94.0,39.8165055131,1300.0,0.0009955122,11.11,0.15,4
93.0,95.0,67.7649744152,1300.0,0.0016942938,11.11,0.15,4
93.0,633.0,33.6225384922,1300.0,0.0008406475,11.11,0.15,4
93.0,780.0,44.2912890892,1300.0,0.001107393,11.11,0.15,4
94.0,146.0,86.9746333756,2800.0,0.0014492874,16.67,0.15,4
94.0,95.0,88.1002552337,1300.0,0.0022027267,11.11,0.15,4
95.0,763.0,129.5004019396,2800.0,0.0021579085,16.67,0.15,4
95.0,144.0,122.7485990037,2800.0,0.0020454009,16.67,0.15,4
95.0,633.0,79.3509806536,1300.0,0.0019839729,11.11,0.15,4
96.0,97.0,72.2708891152,2800.0,0.001204274,16.67,0.15,4
96.0,97.0,54.4019370103,2800.0,0.0009065176,16.67,0.15,4
96.0,98.0,94.6234039888,2800.0,0.0015767414,16.67,0.15,4
96.0,343.0,103.6619262126,1300.0,0.0025918073,11.11,0.15,4
96.0,378.0,86.2859257976,2800.0,0.0014378112,16.67,0.15,4
96.0,347.0,122.7613012237,2800.0,0.0020456126,16.67,0.15,4
96.0,404.0,141.7696008248,1300.0,0.0035445945,11.11,0.15,4
97.0,347.0,48.608282734,2800.0,0.0008099761,16.67,0.15,4
98.0,402.0,96.7431538019,1300.0,0.0024188207,11.11,0.15,4
98.0,380.0,116.9167915537,2800.0,0.0019482235,16.67,0.15,4
98.0,378.0,103.4375283445,1300.0,0.0025861968,11.11,0.15,4
99.0,100.0,66.2787394044,2800.0,0.0011044248,16.67,0.15,4
99.0,101.0,88.5639068866,2800.0,0.00147577,16.67,0.15,4
99.0,102.0,75.0983696648,2800.0,0.0012513892,16.67,0.15,4
100.0,732.0,113.5095801548,1300.0,0.0028380233,11.11,0.15,4
100.0,733.0,57.1118222791,2800.0,0.0009516734,16.67,0.15,4
101.0,107.0,48.0814507412,2800.0,0.0008011973,16.67,0.15,4
101.0,109.0,306.3903594197,2800.0,0.0051054849,16.67,0.15,4
101.0,104.0,46.6921700851,5250.0,0.0005837105,22.22,0.15,4
101.0,110.0,81.2092720106,5250.0,0.0010152174,22.22,0.15,4
102.0,110.0,62.5124868866,5250.0,0.0007814842,22.22,0.15,4
102.0,732.0,76.6900657837,5250.0,0.0009587217,22.22,0.15,4
103.0,657.0,103.6978894272,2800.0,0.0017279526,16.67,0.15,4
104.0,105.0,36.8687856436,2800.0,0.0006143569,16.67,0.15,4
104.0,106.0,123.624366804,5250.0,0.0015454591,22.22,0.15,4
105.0,107.0,32.0329239561,5250.0,0.0004004516,22.22,0.15,4
105.0,108.0,96.4189973994,2800.0,0.001606662,16.67,0.15,4
105.0,215.0,110.8888512669,1300.0,0.0027724985,11.11,0.15,4
107.0,110.0,94.0069275847,5250.0,0.0011752041,22.22,0.15,4
108.0,217.0,103.3046220063,1300.0,0.0025828738,11.11,0.15,4
109.0,512.0,70.0897574068,2800.0,0.001167929,16.67,0.15,4
109.0,257.0,538.7814669217,2800.0,0.0089778955,16.67,0.15,4
110.0,212.0,342.4856106669,2800.0,0.0057069521,16.67,0.15,4
110.0,821.0,167.2500472982,5250.0,0.0020908347,22.22,0.15,4
111.0,112.0,43.2881314516,5250.0,0.0005411558,22.22,0.15,4
111.0,113.0,37.0699937154,2800.0,0.0006177097,16.67,0.15,4
111.0,863.0,81.5798886608,5250.0,0.0010198506,22.22,0.15,4
112.0,862.0,51.369590073,5250.0,0.0006421841,22.22,0.15,4
112.0,862.0,44.0694109375,1300.0,0.0011018455,11.11,0.15,4
112.0,870.0,121.9332133331,2800.0,0.0020318139,16.67,0.15,4
112.0,864.0,103.1871079197,1300.0,0.0025799357,11.11,0.15,4
113.0,114.0,175.8284819417,2800.0,0.0029298887,16.67,0.15,4
113.0,115.0,107.8756217534,5250.0,0.0013485801,22.22,0.15,4
114.0,628.0,109.9481735282,2800.0,0.0018321031,16.67,0.15,4
114.0,867.0,90.8379530269,2800.0,0.0015136632,16.67,0.15,4
115.0,867.0,126.8087913034,1300.0,0.0031705368,11.11,0.15,4
115.0,863.0,55.6794351197,2800.0,0.000927805,16.67,0.15,4
115.0,868.0,77.1300099867,5250.0,0.0009642215,22.22,0.15,4
116.0,117.0,76.3204298416,2800.0,0.0012717528,16.67,0.15,4
117.0,626.0,117.5190221842,2800.0,0.0019582587,16.67,0.15,4
117.0,620.0,60.0382295605,2800.0,0.0010004371,16.67,0.15,4
118.0,119.0,35.8975922155,1300.0,0.0008975296,11.11,0.15,4
118.0,120.0,73.3139071307,5250.0,0.0009165155,22.22,0.15,4
118.0,410.0,109.8832465577,1300.0,0.0027473559,11.11,0.15,4
118.0,774.0,72.1551653375,5250.0,0.0009020298,22.22,0.15,4
119.0,121.0,71.2220570994,5250.0,0.0008903648,22.22,0.15,4
119.0,706.0,70.6331151027,5250.0,0.0008830022,22.22,0.15,4
120.0,706.0,31.8970770918,2800.0,0.0005315116,16.67,0.15,4
120.0,705.0,109.9288128914,2800.0,0.0018317805,16.67,0.15,4
120.0,707.0,114.6538698149,5250.0,0.0014333167,22.22,0.15,4
121.0,774.0,37.6152961532,1300.0,0.0009404765,11.11,0.15,4
121.0,773.0,93.838939648,5250.0,0.0011731041,22.22,0.15,4
121.0,709.0,106.1426860001,1300.0,0.0026538325,11.11,0.15,4
122.0,123.0,58.2136865822,5250.0,0.0007277439,22.22,0.15,4
122.0,902.0,99.4402799648,2800.0,0.0016570066,16.67,0.15,4
122.0,341.0,84.6362154976,5250.0,0.0010580585,22.22,0.15,4
122.0,340.0,84.5761191592,5250.0,0.0010573072,22.22,0.15,4
123.0,263.0,137.8026660842,5250.0,0.0017227056,22.22,0.15,4
123.0,264.0,93.1206209576,1300.0,0.0023282483,11.11,0.15,4
125.0,126.0,105.2460023991,2800.0,0.0017537493,16.67,0.15,4
125.0,127.0,92.0626459313,2800.0,0.0015340706,16.67,0.15,4
125.0,590.0,172.3175779353,2800.0,0.0028713854,16.67,0.15,4
126.0,495.0,96.8303530834,2800.0,0.0016135165,16.67,0.15,4
126.0,141.0,92.1257692527,2800.0,0.0015351225,16.67,0.15,4
127.0,141.0,107.3664939393,2800.0,0.0017890837,16.67,0.15,4
127.0,137.0,123.2108542692,2800.0,0.0020531036,16.67,0.15,4
127.0,749.0,148.6292131228,2800.0,0.0024766582,16.67,0.15,4
128.0,129.0,115.301255908,2800.0,0.0019213033,16.67,0.15,4
128.0,130.0,416.3410951198,2800.0,0.0069376307,16.67,0.15,4
128.0,131.0,31.0499583016,2800.0,0.0005173958,16.67,0.15,4
129.0,839.0,45.1140039106,2800.0,0.0007517497,16.67,0.15,4
129.0,677.0,446.3583997113,2800.0,0.0074378191,16.67,0.15,4
130.0,196.0,101.5213392246,2800.0,0.001691684,16.67,0.15,4
130.0,197.0,106.952053861,1300.0,0.0026740688,11.11,0.15,4
130.0,201.0,105.5279367238,1300.0,0.0026384623,11.11,0.15,4
131.0,131.0,159.8718743105,2800.0,0.0026639984,16.67,0.15,4
132.0,133.0,184.1465472994,2800.0,0.0030684954,16.67,0.15,4
132.0,793.0,143.8825200945,2800.0,0.0023975625,16.67,0.15,4
132.0,903.0,241.563763861,2800.0,0.0040252577,16.67,0.15,4
132.0,613.0,146.8751852735,2800.0,0.0024474303,16.67,0.15,4
133.0,613.0,304.9409553098,2800.0,0.005081333,16.67,0.15,4
134.0,135.0,52.7101381885,2800.0,0.0008783266,16.67,0.15,4
134.0,136.0,122.6247434226,2800.0,0.0020433371,16.67,0.15,4
135.0,623.0,82.5214218706,2800.0,0.001375082,16.67,0.15,4
135.0,764.0,111.0756135083,2800.0,0.00185089,16.67,0.15,4
136.0,632.0,111.8201175975,2800.0,0.001863296,16.67,0.15,4
136.0,624.0,89.6857737893,2800.0,0.001494464,16.67,0.15,4
137.0,138.0,169.2087991734,2800.0,0.0028195827,16.67,0.15,4
137.0,139.0,131.0061452205,2800.0,0.0021829992,16.67,0.15,4
137.0,140.0,85.3292372237,1300.0,0.0021334443,11.11,0.15,4
137.0,497.0,130.6529724481,1300.0,0.003266651,11.11,0.15,4
138.0,782.0,31.7855547315,2800.0,0.0005296533,16.67,0.15,4
139.0,497.0,88.6598716867,2800.0,0.0014773691,16.67,0.15,4
139.0,904.0,45.5633803553,2800.0,0.0007592378,16.67,0.15,4
139.0,499.0,127.2093174271,2800.0,0.0021197313,16.67,0.15,4
140.0,782.0,84.1484223451,2800.0,0.0014021933,16.67,0.15,4
141.0,497.0,96.5963101385,2800.0,0.0016096166,16.67,0.15,4
142.0,785.0,98.4045149697,1300.0,0.0024603589,11.11,0.15,4
142.0,786.0,84.1245630911,2800.0,0.0014017957,16.67,0.15,4
143.0,144.0,101.8659786987,2800.0,0.0016974268,16.67,0.15,4
143.0,786.0,113.7540790655,1300.0,0.0028441364,11.11,0.15,4
144.0,145.0,107.8571410847,2800.0,0.0017972596,16.67,0.15,4
144.0,146.0,104.618671278,2800.0,0.0017432959,16.67,0.15,4
145.0,786.0,111.2760145053,2800.0,0.0018542294,16.67,0.15,4
145.0,520.0,99.2044239161,2800.0,0.0016530764,16.67,0.15,4
145.0,763.0,122.0572573375,2800.0,0.0020338808,16.67,0.15,4
146.0,779.0,54.5341109637,2800.0,0.0009087201,16.67,0.15,4
146.0,780.0,72.2292159294,2800.0,0.0012035795,16.67,0.15,4
147.0,148.0,71.9539547877,1300.0,0.0017990288,11.11,0.15,4
147.0,149.0,97.1082401956,2800.0,0.001618147,16.67,0.15,4
147.0,150.0,81.4391727453,2800.0,0.0013570481,16.67,0.15,4
147.0,184.0,101.2562722386,1300.0,0.00253166,11.11,0.15,4
148.0,185.0,97.7521144998,1300.0,0.0024440473,11.11,0.15,4
148.0,704.0,114.2916389644,1300.0,0.0028575767,11.11,0.15,4
149.0,151.0,84.6362909979,2800.0,0.0014103228,16.67,0.15,4
149.0,152.0,104.4628129001,1300.0,0.0026118315,11.11,0.15,4
149.0,418.0,68.653252961,1300.0,0.001716503,11.11,0.15,4
150.0,608.0,44.0935036955,2800.0,0.0007347448,16.67,0.15,4
150.0,151.0,105.2162421189,2800.0,0.0017532534,16.67,0.15,4
150.0,186.0,92.8817148909,2800.0,0.001547719,16.67,0.15,4
151.0,416.0,103.0687099447,2800.0,0.0017174683,16.67,0.15,4
151.0,416.0,101.6543769121,1300.0,0.0025416136,11.11,0.15,4
151.0,415.0,106.162770245,2800.0,0.0017690257,16.67,0.15,4
151.0,608.0,102.481840525,1300.0,0.0025623022,11.11,0.15,4
152.0,153.0,87.0971823205,1300.0,0.0021776473,11.11,0.15,4
152.0,154.0,52.7277942606,2800.0,0.0008786208,16.67,0.15,4
152.0,416.0,54.6494795664,2800.0,0.0009106425,16.67,0.15,4
153.0,155.0,56.0669601542,2800.0,0.0009342625,16.67,0.15,4
153.0,156.0,99.9725319997,1300.0,0.0024995633,11.11,0.15,4
153.0,417.0,58.3710215498,1300.0,0.0014594215,11.11,0.15,4
154.0,417.0,87.0432161848,2800.0,0.0014504302,16.67,0.15,4
154.0,418.0,105.274944351,2800.0,0.0017542316,16.67,0.15,4
154.0,408.0,114.8399037211,2800.0,0.0019136157,16.67,0.15,4
155.0,158.0,94.568246964,2800.0,0.0015758223,16.67,0.15,4
155.0,416.0,93.2658815584,2800.0,0.0015541205,16.67,0.15,4
155.0,414.0,77.7469679948,2800.0,0.0012955237,16.67,0.15,4
156.0,157.0,50.1309723279,2800.0,0.0008353491,16.67,0.15,4
156.0,158.0,46.395384523,2800.0,0.0007731018,16.67,0.15,4
156.0,159.0,150.2125549819,1300.0,0.0037556894,11.11,0.15,4
157.0,417.0,102.2429555842,2800.0,0.0017037085,16.67,0.15,4
157.0,705.0,114.6911060724,2800.0,0.0019111362,16.67,0.15,4
157.0,707.0,111.185375597,2800.0,0.001852719,16.67,0.15,4
158.0,855.0,54.4458252102,2800.0,0.000907249,16.67,0.15,4
158.0,159.0,111.7163594964,2800.0,0.001861567,16.67,0.15,4
159.0,279.0,91.9591560467,2800.0,0.0015323461,16.67,0.15,4
159.0,279.0,75.876187776,2800.0,0.0012643503,16.67,0.15,4
159.0,855.0,110.8814782805,2800.0,0.0018476551,16.67,0.15,4
159.0,707.0,83.6182071782,5250.0,0.0010453321,22.22,0.15,4
160.0,161.0,94.6191598063,2800.0,0.0015766707,16.67,0.15,4
160.0,162.0,124.2445586711,2800.0,0.0020703286,16.67,0.15,4
160.0,163.0,150.727605602,1300.0,0.003768567,11.11,0.15,4
161.0,638.0,95.1246397013,2800.0,0.0015850936,16.67,0.15,4
161.0,164.0,149.6949590037,1300.0,0.0037427482,11.11,0.15,4
162.0,661.0,117.8609168317,1300.0,0.0029468176,11.11,0.15,4
162.0,641.0,56.5346195853,2800.0,0.0009420552,16.67,0.15,4
163.0,164.0,70.6557114225,2800.0,0.0011773597,16.67,0.15,4
163.0,165.0,57.1516922554,2800.0,0.0009523377,16.67,0.15,4
163.0,901.0,100.218646507,2800.0,0.0016699768,16.67,0.15,4
164.0,660.0,70.0528909308,2800.0,0.0011673147,16.67,0.15,4
165.0,166.0,97.6998571269,2800.0,0.0016280054,16.67,0.15,4
165.0,167.0,82.5973516677,2800.0,0.0013763473,16.67,0.15,4
166.0,168.0,87.2551504819,2800.0,0.0014539617,16.67,0.15,4
166.0,392.0,115.0106748789,2800.0,0.0019164613,16.67,0.15,4
166.0,901.0,57.9688830087,1300.0,0.001449367,11.11,0.15,4
167.0,168.0,94.1396398533,2800.0,0.0015686803,16.67,0.15,4
167.0,169.0,123.7988818684,2800.0,0.0020629021,16.67,0.15,4
167.0,896.0,128.1679730471,2800.0,0.0021357057,16.67,0.15,4
168.0,170.0,103.2419568409,2800.0,0.0017203552,16.67,0.15,4
168.0,703.0,115.0355084999,2800.0,0.0019168751,16.67,0.15,4
169.0,170.0,101.1938675273,2800.0,0.0016862272,16.67,0.15,4
169.0,171.0,90.0654851812,1300.0,0.0022518623,11.11,0.15,4
169.0,172.0,114.6741492838,2800.0,0.0019108537,16.67,0.15,4
170.0,397.0,115.4314563497,2800.0,0.0019234729,16.67,0.15,4
170.0,174.0,90.5448521725,1300.0,0.0022638477,11.11,0.15,4
171.0,173.0,50.3935307761,1300.0,0.0012599643,11.11,0.15,4
171.0,174.0,107.01025542,2800.0,0.0017831476,16.67,0.15,4
172.0,896.0,143.4614724415,2800.0,0.0023905464,16.67,0.15,4
172.0,601.0,100.2787095348,2800.0,0.0016709776,16.67,0.15,4
172.0,176.0,103.6308101208,2800.0,0.0017268348,16.67,0.15,4
172.0,895.0,143.8245855749,2800.0,0.0023965971,16.67,0.15,4
173.0,175.0,41.0802250012,1300.0,0.0010271083,11.11,0.15,4
173.0,176.0,83.2087637766,2800.0,0.0013865354,16.67,0.15,4
174.0,702.0,115.5938866208,2800.0,0.0019261795,16.67,0.15,4
174.0,178.0,91.7163585805,1300.0,0.0022931383,11.11,0.15,4
175.0,177.0,108.4396287081,1300.0,0.0027112618,11.11,0.15,4
175.0,178.0,103.3946335218,2800.0,0.0017228993,16.67,0.15,4
176.0,602.0,67.7451391877,2800.0,0.0011288599,16.67,0.15,4
176.0,635.0,77.6406462984,2800.0,0.001293752,16.67,0.15,4
177.0,179.0,107.3970425278,2800.0,0.0017895928,16.67,0.15,4
177.0,180.0,121.9032025632,1300.0,0.0030478849,11.11,0.15,4
177.0,181.0,118.3395952079,2800.0,0.0019719322,16.67,0.15,4
178.0,636.0,115.7298876128,2800.0,0.0019284458,16.67,0.15,4
178.0,181.0,106.9861215714,1300.0,0.0026749205,11.11,0.15,4
179.0,635.0,91.8505495483,2800.0,0.0015305364,16.67,0.15,4
179.0,183.0,130.8576437071,2800.0,0.0021805246,16.67,0.15,4
179.0,183.0,129.6658892989,2800.0,0.002160666,16.67,0.15,4
179.0,605.0,90.053108315,1300.0,0.0022515529,11.11,0.15,4
179.0,606.0,120.2140466469,2800.0,0.0020031668,16.67,0.15,4
180.0,182.0,96.5181258576,2800.0,0.0016083138,16.67,0.15,4
180.0,183.0,77.2536778941,2800.0,0.0012873038,16.67,0.15,4
180.0,184.0,109.4447123797,1300.0,0.0027363914,11.11,0.15,4
181.0,379.0,134.8946007234,2800.0,0.0022477938,16.67,0.15,4
181.0,182.0,117.775700662,1300.0,0.002944687,11.11,0.15,4
182.0,377.0,115.6748276701,2800.0,0.0019275283,16.67,0.15,4
182.0,185.0,97.8635061653,1300.0,0.0024468323,11.11,0.15,4
183.0,186.0,125.4672157369,2800.0,0.0020907021,16.67,0.15,4
183.0,384.0,101.9367760215,2800.0,0.0016986065,16.67,0.15,4
184.0,185.0,82.472047484,2800.0,0.0013742593,16.67,0.15,4
184.0,186.0,73.9218452374,2800.0,0.0012317844,16.67,0.15,4
185.0,380.0,115.3870055595,2800.0,0.0019227322,16.67,0.15,4
186.0,385.0,66.2823418437,2800.0,0.0011044848,16.67,0.15,4
187.0,188.0,44.7635159724,2800.0,0.0007459094,16.67,0.15,4
187.0,189.0,133.2212407908,1300.0,0.0033308641,11.11,0.15,4
188.0,247.0,80.3671874988,2800.0,0.0013391853,16.67,0.15,4
189.0,190.0,114.9362502541,2800.0,0.0019152211,16.67,0.15,4
189.0,191.0,106.9814244743,1300.0,0.0026748031,11.11,0.15,4
190.0,247.0,103.9471966458,1300.0,0.0025989398,11.11,0.15,4
190.0,194.0,105.4974813153,1300.0,0.0026377008,11.11,0.15,4
191.0,192.0,168.5134454722,2800.0,0.0028079958,16.67,0.15,4
191.0,193.0,106.2683633524,1300.0,0.0026569748,11.11,0.15,4
191.0,194.0,112.0338362138,2800.0,0.0018668572,16.67,0.15,4
192.0,259.0,106.7505709556,2800.0,0.0017788204,16.67,0.15,4
192.0,199.0,320.9739518125,2800.0,0.0053484962,16.67,0.15,4
193.0,195.0,106.7552271307,1300.0,0.0026691476,11.11,0.15,4
193.0,249.0,108.4527257085,1300.0,0.0027115893,11.11,0.15,4
194.0,249.0,107.5689541458,1300.0,0.0026894928,11.11,0.15,4
195.0,196.0,107.5609417981,1300.0,0.0026892925,11.11,0.15,4
195.0,197.0,104.184405907,2800.0,0.0017360596,16.67,0.15,4
196.0,198.0,107.0797071679,1300.0,0.0026772604,11.11,0.15,4
196.0,199.0,149.9582463828,2800.0,0.0024988043,16.67,0.15,4
197.0,249.0,106.3355656047,1300.0,0.002658655,11.11,0.15,4
198.0,200.0,106.9444198063,1300.0,0.0026738779,11.11,0.15,4
198.0,201.0,100.9377341968,2800.0,0.0016819592,16.67,0.15,4
198.0,202.0,150.8698082385,2800.0,0.002513994,16.67,0.15,4
199.0,202.0,94.5875277212,2800.0,0.0015761436,16.67,0.15,4
199.0,260.0,100.2081858244,2800.0,0.0016698025,16.67,0.15,4
200.0,203.0,106.3397891359,1300.0,0.0026587606,11.11,0.15,4
200.0,204.0,97.813196642,2800.0,0.001629894,16.67,0.15,4
201.0,204.0,108.9818026549,1300.0,0.0027248175,11.11,0.15,4
202.0,880.0,211.6262488763,2800.0,0.0035263989,16.67,0.15,4
202.0,459.0,154.3351698527,2800.0,0.0025717385,16.67,0.15,4
203.0,205.0,106.7926285643,1300.0,0.0026700827,11.11,0.15,4
203.0,206.0,94.6026245471,2800.0,0.0015763951,16.67,0.15,4
204.0,206.0,104.5173095919,1300.0,0.0026131941,11.11,0.15,4
205.0,207.0,108.1799799771,1300.0,0.00270477,11.11,0.15,4
205.0,208.0,93.0034041745,2800.0,0.0015497468,16.67,0.15,4
205.0,209.0,86.8191379042,2800.0,0.0014466963,16.67,0.15,4
206.0,208.0,106.4005353727,1300.0,0.0026602794,11.11,0.15,4
207.0,210.0,91.7323851128,1300.0,0.002293539,11.11,0.15,4
207.0,211.0,86.9648904495,2800.0,0.001449125,16.67,0.15,4
207.0,212.0,114.3103127683,2800.0,0.0019047909,16.67,0.15,4
208.0,250.0,93.5021513043,2800.0,0.0015580576,16.67,0.15,4
208.0,211.0,109.3181142242,1300.0,0.0027332262,11.11,0.15,4
209.0,817.0,56.523552291,2800.0,0.0009418708,16.67,0.15,4
210.0,213.0,102.9539016279,1300.0,0.002574105,11.11,0.15,4
210.0,214.0,87.2410355411,2800.0,0.0014537265,16.67,0.15,4
211.0,214.0,90.6608242451,1300.0,0.0022667473,11.11,0.15,4
212.0,817.0,124.5042255664,2800.0,0.0020746555,16.67,0.15,4
213.0,215.0,103.644005176,1300.0,0.0025913593,11.11,0.15,4
213.0,216.0,86.7736884355,2800.0,0.001445939,16.67,0.15,4
214.0,216.0,104.0253639202,1300.0,0.0026008942,11.11,0.15,4
215.0,217.0,87.9719470793,2800.0,0.0014659059,16.67,0.15,4
216.0,217.0,104.1566746568,1300.0,0.0026041773,11.11,0.15,4
218.0,219.0,94.605169461,2800.0,0.0015764375,16.67,0.15,4
218.0,220.0,119.4947411945,2800.0,0.0019911808,16.67,0.15,4
218.0,221.0,109.4258903062,2800.0,0.0018234002,16.67,0.15,4
219.0,576.0,98.564414436,2800.0,0.0016424118,16.67,0.15,4
219.0,222.0,118.871412318,2800.0,0.001980794,16.67,0.15,4
220.0,222.0,76.9073032897,1300.0,0.0019228749,11.11,0.15,4
220.0,223.0,105.5320236103,2800.0,0.0017585154,16.67,0.15,4
220.0,570.0,92.3556547877,1300.0,0.0023091223,11.11,0.15,4
221.0,570.0,119.5374796402,2800.0,0.0019918929,16.67,0.15,4
221.0,571.0,110.4219676861,2800.0,0.0018399981,16.67,0.15,4
222.0,577.0,79.9369430966,1300.0,0.0019986234,11.11,0.15,4
223.0,224.0,91.9085291215,1300.0,0.002297943,11.11,0.15,4
223.0,225.0,107.4874473363,2800.0,0.0017910992,16.67,0.15,4
223.0,578.0,155.2923734319,1300.0,0.0038826976,11.11,0.15,4
224.0,572.0,103.7470076896,1300.0,0.0025939346,11.11,0.15,4
224.0,573.0,106.8825210596,2800.0,0.0017810191,16.67,0.15,4
224.0,570.0,106.2329638701,2800.0,0.0017701954,16.67,0.15,4
225.0,226.0,106.9901345559,2800.0,0.0017828123,16.67,0.15,4
225.0,227.0,154.4220901411,1300.0,0.0038609383,11.11,0.15,4
225.0,573.0,93.0655520584,1300.0,0.0023268715,11.11,0.15,4
226.0,228.0,91.9544000391,1300.0,0.0022990899,11.11,0.15,4
226.0,229.0,106.7171140513,2800.0,0.0017782629,16.67,0.15,4
226.0,580.0,153.2514138002,1300.0,0.0038316685,11.11,0.15,4
227.0,580.0,107.4761548586,2800.0,0.0017909111,16.67,0.15,4
227.0,578.0,106.7849265481,2800.0,0.0017793929,16.67,0.15,4
227.0,581.0,96.4623362245,1300.0,0.0024117996,11.11,0.15,4
228.0,574.0,92.1614618734,1300.0,0.002304267,11.11,0.15,4
228.0,575.0,107.5926369618,2800.0,0.001792852,16.67,0.15,4
228.0,573.0,105.7808550556,2800.0,0.0017626617,16.67,0.15,4
229.0,230.0,151.5114310036,1300.0,0.0037881646,11.11,0.15,4
229.0,231.0,106.9139421332,2800.0,0.0017815427,16.67,0.15,4
229.0,575.0,93.097511606,1300.0,0.0023276706,11.11,0.15,4
230.0,234.0,108.0483285512,2800.0,0.0018004454,16.67,0.15,4
230.0,580.0,105.8795628721,2800.0,0.0017643065,16.67,0.15,4
230.0,679.0,97.8269714542,1300.0,0.0024459189,11.11,0.15,4
231.0,232.0,108.7117945341,2800.0,0.0018115009,16.67,0.15,4
231.0,233.0,92.2480851428,2800.0,0.0015371607,16.67,0.15,4
231.0,234.0,153.1363897781,2800.0,0.0025517628,16.67,0.15,4
232.0,235.0,92.2734623966,1300.0,0.0023070673,11.11,0.15,4
232.0,236.0,113.2419518554,2800.0,0.0018869885,16.67,0.15,4
232.0,350.0,153.6516566772,1300.0,0.0038416756,11.11,0.15,4
233.0,235.0,108.303195287,2800.0,0.0018046923,16.67,0.15,4
233.0,575.0,107.1026390806,2800.0,0.001784687,16.67,0.15,4
234.0,350.0,107.0919070358,2800.0,0.0017845082,16.67,0.15,4
234.0,465.0,96.8063442965,1300.0,0.0024204006,11.11,0.15,4
235.0,352.0,55.9606873437,1300.0,0.0013991571,11.11,0.15,4
235.0,239.0,114.416011436,2800.0,0.0019065522,16.67,0.15,4
236.0,237.0,167.2926540356,2800.0,0.0027876534,16.67,0.15,4
236.0,238.0,130.3707191847,2800.0,0.0021724108,16.67,0.15,4
236.0,239.0,102.6208913549,2800.0,0.0017100062,16.67,0.15,4
236.0,582.0,82.8760172208,2800.0,0.0013809908,16.67,0.15,4
237.0,350.0,113.9655538805,2800.0,0.0018990461,16.67,0.15,4
237.0,351.0,107.9941004383,2800.0,0.0017995418,16.67,0.15,4
237.0,470.0,130.5598194826,2800.0,0.0021755619,16.67,0.15,4
237.0,582.0,84.6055884621,2800.0,0.0014098112,16.67,0.15,4
238.0,240.0,86.0428886697,2800.0,0.0014337614,16.67,0.15,4
238.0,241.0,77.1519035636,2800.0,0.0012856079,16.67,0.15,4
240.0,244.0,30.030986787,2800.0,0.0005004164,16.67,0.15,4
240.0,583.0,108.9291804373,2800.0,0.0018151233,16.67,0.15,4
241.0,470.0,76.903872662,2800.0,0.0012814749,16.67,0.15,4
241.0,582.0,124.8131360296,2800.0,0.002079803,16.67,0.15,4
242.0,243.0,91.422952817,2800.0,0.0015234112,16.67,0.15,4
242.0,244.0,84.7165282474,2800.0,0.0014116598,16.67,0.15,4
242.0,245.0,154.9241297616,2800.0,0.0025815525,16.67,0.15,4
243.0,246.0,156.8684574943,2800.0,0.0026139515,16.67,0.15,4
244.0,583.0,109.2303446799,2800.0,0.0018201417,16.67,0.15,4
245.0,423.0,96.0497370043,2800.0,0.0016005088,16.67,0.15,4
245.0,246.0,92.2711913791,2800.0,0.0015375457,16.67,0.15,4
245.0,426.0,100.3070140908,2800.0,0.0016714493,16.67,0.15,4
246.0,584.0,93.7663250106,1300.0,0.0023443926,11.11,0.15,4
246.0,585.0,105.2731023322,2800.0,0.0017542009,16.67,0.15,4
247.0,248.0,109.726671661,2800.0,0.0018284122,16.67,0.15,4
248.0,949.0,67.7566859516,2800.0,0.0011290523,16.67,0.15,4
250.0,612.0,220.9859898929,2800.0,0.0036823634,16.67,0.15,4
250.0,613.0,119.0623287727,2800.0,0.0019839754,16.67,0.15,4
251.0,252.0,103.8502011501,2800.0,0.0017304906,16.67,0.15,4
252.0,253.0,104.581019073,2800.0,0.0017426685,16.67,0.15,4
253.0,254.0,102.6560584086,2800.0,0.0017105922,16.67,0.15,4
254.0,255.0,104.1973092922,2800.0,0.0017362746,16.67,0.15,4
255.0,256.0,97.1020839539,2800.0,0.0016180445,16.67,0.15,4
256.0,257.0,62.3678286901,2800.0,0.001039256,16.67,0.15,4
256.0,258.0,124.5410294048,1300.0,0.0031138371,11.11,0.15,4
257.0,622.0,81.1542895979,2800.0,0.001352301,16.67,0.15,4
258.0,621.0,89.4423793183,1300.0,0.0022362831,11.11,0.15,4
258.0,629.0,145.4321541227,1300.0,0.0036361675,11.11,0.15,4
259.0,260.0,318.3497516849,2800.0,0.0053047682,16.67,0.15,4
259.0,261.0,59.9608179272,2800.0,0.0009991471,16.67,0.15,4
259.0,259.0,142.3849592833,2800.0,0.0023726081,16.67,0.15,4
260.0,879.0,55.8538171335,2800.0,0.0009307108,16.67,0.15,4
261.0,376.0,153.15173145,2800.0,0.0025520185,16.67,0.15,4
261.0,879.0,314.6289205739,2800.0,0.0052427668,16.67,0.15,4
261.0,676.0,210.0869805287,2800.0,0.0035007495,16.67,0.15,4
262.0,263.0,57.458002966,2800.0,0.0009574419,16.67,0.15,4
262.0,264.0,107.0736145929,2800.0,0.0017842034,16.67,0.15,4
262.0,887.0,86.1868774212,2800.0,0.0014361607,16.67,0.15,4
263.0,535.0,132.619185035,5250.0,0.0016579056,22.22,0.15,4
263.0,539.0,112.1349684645,2800.0,0.0018685424,16.67,0.15,4
263.0,536.0,128.8185062298,5250.0,0.0016103924,22.22,0.15,4
264.0,265.0,98.0146440603,1300.0,0.0024506112,11.11,0.15,4
264.0,266.0,100.6881687614,2800.0,0.0016778006,16.67,0.15,4
265.0,339.0,106.7189343578,1300.0,0.0026682402,11.11,0.15,4
265.0,887.0,106.893224345,1300.0,0.0026725979,11.11,0.15,4
265.0,338.0,91.693260095,1300.0,0.0022925608,11.11,0.15,4
266.0,267.0,83.5405721016,1300.0,0.0020887232,11.11,0.15,4
266.0,268.0,100.2727090623,2800.0,0.0016708776,16.67,0.15,4
266.0,338.0,96.0141073203,1300.0,0.0024005927,11.11,0.15,4
267.0,340.0,60.114732448,1300.0,0.0015030186,11.11,0.15,4
267.0,269.0,71.1911744792,2800.0,0.0011862823,16.67,0.15,4
268.0,269.0,114.101393964,2800.0,0.0019013096,16.67,0.15,4
268.0,270.0,115.9895246115,1300.0,0.0029000281,11.11,0.15,4
268.0,271.0,102.9098370419,2800.0,0.001714821,16.67,0.15,4
269.0,857.0,94.2276333569,2800.0,0.0015701465,16.67,0.15,4
269.0,272.0,103.0873740049,2800.0,0.0017177793,16.67,0.15,4
270.0,450.0,112.0526447922,1300.0,0.0028015963,11.11,0.15,4
270.0,727.0,103.1593987674,2800.0,0.0017189795,16.67,0.15,4
270.0,338.0,111.7646691908,2800.0,0.001862372,16.67,0.15,4
271.0,272.0,103.5838372285,2800.0,0.0017260521,16.67,0.15,4
271.0,273.0,93.8216494685,2800.0,0.0015633815,16.67,0.15,4
271.0,727.0,104.8326407135,2800.0,0.0017468613,16.67,0.15,4
272.0,728.0,92.986088552,2800.0,0.0015494583,16.67,0.15,4
272.0,730.0,123.8867013427,2800.0,0.0020643655,16.67,0.15,4
273.0,274.0,91.5976973611,2800.0,0.001526323,16.67,0.15,4
273.0,275.0,105.2613587471,1300.0,0.0026317971,11.11,0.15,4
273.0,728.0,102.2344769027,1300.0,0.0025561175,11.11,0.15,4
274.0,276.0,103.4733723489,2800.0,0.0017242114,16.67,0.15,4
274.0,277.0,230.7800665502,2800.0,0.0038455653,16.67,0.15,4
275.0,276.0,98.037180683,2800.0,0.0016336263,16.67,0.15,4
275.0,727.0,94.9677046034,2800.0,0.0015824786,16.67,0.15,4
275.0,456.0,109.3326057803,1300.0,0.0027335885,11.11,0.15,4
276.0,458.0,102.8313098462,2800.0,0.0017135125,16.67,0.15,4
276.0,817.0,163.0589848771,2800.0,0.0027171063,16.67,0.15,4
277.0,821.0,55.8798880619,1300.0,0.0013971369,11.11,0.15,4
278.0,831.0,106.5848429596,5250.0,0.0013324438,22.22,0.15,4
279.0,841.0,118.2559425395,2800.0,0.0019705383,16.67,0.15,4
279.0,856.0,89.841597406,5250.0,0.0011231323,22.22,0.15,4
280.0,281.0,131.3607173162,2800.0,0.0021889075,16.67,0.15,4
280.0,282.0,120.4694919926,2800.0,0.0020074234,16.67,0.15,4
280.0,283.0,131.5099263245,2800.0,0.0021913938,16.67,0.15,4
281.0,926.0,127.5232766665,2800.0,0.002124963,16.67,0.15,4
281.0,912.0,120.2663474721,1300.0,0.0030069594,11.11,0.15,4
282.0,910.0,107.8194245423,2800.0,0.0017966311,16.67,0.15,4
282.0,912.0,109.8174337291,1300.0,0.0027457104,11.11,0.15,4
282.0,845.0,109.8751240535,1300.0,0.0027471528,11.11,0.15,4
283.0,650.0,116.6989535564,2800.0,0.0019445936,16.67,0.15,4
283.0,845.0,119.5346997977,1300.0,0.0029886664,11.11,0.15,4
284.0,285.0,107.0713539559,2800.0,0.0017841657,16.67,0.15,4
284.0,286.0,109.5530535906,1300.0,0.0027391002,11.11,0.15,4
284.0,287.0,106.2808713494,2800.0,0.0017709937,16.67,0.15,4
284.0,529.0,109.87877345,1300.0,0.0027472441,11.11,0.15,4
285.0,910.0,107.0611440962,2800.0,0.0017839956,16.67,0.15,4
285.0,922.0,109.8606272976,1300.0,0.0027467904,11.11,0.15,4
285.0,848.0,109.6869631478,1300.0,0.0027424483,11.11,0.15,4
286.0,849.0,39.0743890337,1300.0,0.0009769574,11.11,0.15,4
286.0,848.0,107.4837361148,1300.0,0.0026873621,11.11,0.15,4
286.0,289.0,117.8699673647,1300.0,0.0029470439,11.11,0.15,4
287.0,288.0,110.099322583,2800.0,0.0018346218,16.67,0.15,4
287.0,289.0,123.3730382183,2800.0,0.0020558061,16.67,0.15,4
287.0,290.0,110.0632656546,2800.0,0.001834021,16.67,0.15,4
288.0,291.0,107.1100591344,2800.0,0.0017848107,16.67,0.15,4
288.0,292.0,109.0876385584,2800.0,0.0018177638,16.67,0.15,4
288.0,293.0,122.3328325186,2800.0,0.0020384728,16.67,0.15,4
289.0,293.0,122.0997442666,1300.0,0.0030527989,11.11,0.15,4
289.0,320.0,120.3721159333,2800.0,0.0020058008,16.67,0.15,4
289.0,849.0,120.412815585,1300.0,0.0030106215,11.11,0.15,4
290.0,529.0,108.4430535741,1300.0,0.0027113475,11.11,0.15,4
290.0,530.0,107.0499832396,2800.0,0.0017838096,16.67,0.15,4
290.0,292.0,107.9804051312,1300.0,0.0026997801,11.11,0.15,4
291.0,294.0,107.292937848,2800.0,0.0017878581,16.67,0.15,4
291.0,295.0,106.5993705569,2800.0,0.0017763009,16.67,0.15,4
291.0,296.0,109.1456609473,2800.0,0.0018187306,16.67,0.15,4
292.0,694.0,107.2586558379,2800.0,0.0017872868,16.67,0.15,4
292.0,296.0,106.902698511,1300.0,0.0026728347,11.11,0.15,4
293.0,322.0,106.8928043472,2800.0,0.0017811905,16.67,0.15,4
293.0,295.0,106.2154377552,1300.0,0.0026556515,11.11,0.15,4
294.0,297.0,106.75418938,2800.0,0.0017788807,16.67,0.15,4
294.0,298.0,94.6795669972,2800.0,0.0015776772,16.67,0.15,4
294.0,299.0,109.4253896599,2800.0,0.0018233918,16.67,0.15,4
295.0,298.0,107.6138261167,1300.0,0.0026906147,11.11,0.15,4
295.0,326.0,107.42600507,2800.0,0.0017900754,16.67,0.15,4
296.0,931.0,107.4828162055,2800.0,0.0017910221,16.67,0.15,4
296.0,299.0,107.731038397,1300.0,0.0026935453,11.11,0.15,4
297.0,300.0,79.8235529854,2800.0,0.0013301265,16.67,0.15,4
297.0,301.0,107.2019916923,2800.0,0.0017863426,16.67,0.15,4
297.0,302.0,108.8636787593,2800.0,0.0018140318,16.67,0.15,4
298.0,329.0,106.5735602367,2800.0,0.0017758708,16.67,0.15,4
298.0,610.0,54.8003209126,1300.0,0.001370145,11.11,0.15,4
299.0,531.0,107.6928089601,2800.0,0.0017945212,16.67,0.15,4
299.0,302.0,107.7309097031,1300.0,0.0026935421,11.11,0.15,4
300.0,304.0,107.6753969594,1300.0,0.0026921541,11.11,0.15,4
300.0,332.0,107.3923334531,2800.0,0.0017895143,16.67,0.15,4
300.0,610.0,54.4614880342,1300.0,0.0013616734,11.11,0.15,4
301.0,303.0,106.6882165568,2800.0,0.0017777814,16.67,0.15,4
301.0,304.0,65.0669883041,1300.0,0.0016268374,11.11,0.15,4
301.0,444.0,109.8553018679,1300.0,0.0027466572,11.11,0.15,4
302.0,532.0,107.8590233058,2800.0,0.0017972909,16.67,0.15,4
302.0,444.0,105.3045641646,2800.0,0.0017547251,16.67,0.15,4
303.0,305.0,105.9952825205,2800.0,0.0017662348,16.67,0.15,4
303.0,306.0,110.7521861952,2800.0,0.0018455007,16.67,0.15,4
303.0,446.0,52.2102476423,1300.0,0.0013053867,11.11,0.15,4
304.0,447.0,106.5554389053,1300.0,0.0026641524,11.11,0.15,4
304.0,446.0,108.1267344701,1300.0,0.0027034387,11.11,0.15,4
305.0,307.0,37.5260996951,2800.0,0.0006253099,16.67,0.15,4
305.0,445.0,110.3605320592,1300.0,0.0027592892,11.11,0.15,4
306.0,444.0,108.7603288362,2800.0,0.0018123097,16.67,0.15,4
306.0,441.0,105.9186797878,2800.0,0.0017649583,16.67,0.15,4
306.0,445.0,105.2408935468,2800.0,0.0017536642,16.67,0.15,4
307.0,887.0,104.5144939664,1300.0,0.0026131237,11.11,0.15,4
307.0,339.0,106.4620243686,2800.0,0.0017740123,16.67,0.15,4
307.0,446.0,107.7014806924,1300.0,0.0026928063,11.11,0.15,4
308.0,309.0,90.8260267993,2800.0,0.0015134644,16.67,0.15,4
309.0,310.0,122.0872527055,2800.0,0.0020343807,16.67,0.15,4
309.0,311.0,132.2276137125,1300.0,0.0033060209,11.11,0.15,4
309.0,312.0,123.2594511607,2800.0,0.0020539134,16.67,0.15,4
310.0,650.0,133.9340447216,2800.0,0.0022317877,16.67,0.15,4
310.0,900.0,67.8181158823,1300.0,0.0016956225,11.11,0.15,4
311.0,313.0,108.1205285095,1300.0,0.0027032835,11.11,0.15,4
311.0,314.0,91.1601536042,1300.0,0.0022792318,11.11,0.15,4
311.0,899.0,90.9136317067,1300.0,0.0022730681,11.11,0.15,4
312.0,314.0,85.7668092424,2800.0,0.001429161,16.67,0.15,4
312.0,651.0,115.382505551,2800.0,0.0019226572,16.67,0.15,4
312.0,744.0,90.4677385371,2800.0,0.0015074941,16.67,0.15,4
313.0,315.0,90.3277468773,1300.0,0.0022584195,11.11,0.15,4
313.0,316.0,107.6561959346,1300.0,0.0026916741,11.11,0.15,4
313.0,745.0,92.0675464118,1300.0,0.0023019189,11.11,0.15,4
314.0,745.0,109.1654079773,2800.0,0.0018190597,16.67,0.15,4
315.0,898.0,109.2563606408,1300.0,0.0027316822,11.11,0.15,4
315.0,899.0,108.0419908245,1300.0,0.0027013199,11.11,0.15,4
315.0,695.0,107.7426819875,1300.0,0.0026938364,11.11,0.15,4
316.0,317.0,92.550031092,1300.0,0.0023139822,11.11,0.15,4
316.0,318.0,110.1815146386,1300.0,0.0027548133,11.11,0.15,4
316.0,695.0,90.7477227931,1300.0,0.00226892,11.11,0.15,4
317.0,746.0,58.2086389827,1300.0,0.0014553615,11.11,0.15,4
317.0,745.0,108.1919643585,2800.0,0.0018028388,16.67,0.15,4
318.0,319.0,107.672024322,1300.0,0.0026920698,11.11,0.15,4
318.0,320.0,90.8917830659,2800.0,0.0015145601,16.67,0.15,4
319.0,321.0,91.0695551925,2800.0,0.0015175224,16.67,0.15,4
319.0,322.0,91.2512893521,2800.0,0.0015205507,16.67,0.15,4
319.0,323.0,108.7709943054,1300.0,0.0027195468,11.11,0.15,4
320.0,695.0,109.5303047534,1300.0,0.0027385315,11.11,0.15,4
320.0,322.0,108.0111363535,1300.0,0.0027005485,11.11,0.15,4
321.0,370.0,37.9009633921,2800.0,0.0006315564,16.67,0.15,4
321.0,325.0,122.6291635903,2800.0,0.0020434107,16.67,0.15,4
322.0,326.0,108.1985495601,1300.0,0.0027052343,11.11,0.15,4
323.0,324.0,107.2618325767,1300.0,0.002681814,11.11,0.15,4
323.0,325.0,104.5458490982,2800.0,0.0017420824,16.67,0.15,4
323.0,326.0,90.255700615,2800.0,0.0015039609,16.67,0.15,4
324.0,327.0,108.1670829586,1300.0,0.0027044475,11.11,0.15,4
324.0,328.0,99.9146673914,2800.0,0.0016649115,16.67,0.15,4
324.0,329.0,90.7408160699,2800.0,0.0015120445,16.67,0.15,4
325.0,328.0,129.3133019059,2800.0,0.0021547907,16.67,0.15,4
325.0,328.0,128.9066025963,2800.0,0.0021480138,16.67,0.15,4
325.0,369.0,119.2753367903,2800.0,0.0019875248,16.67,0.15,4
325.0,370.0,122.869964125,2800.0,0.0020474233,16.67,0.15,4
326.0,329.0,107.7852259946,1300.0,0.0026949001,11.11,0.15,4
327.0,330.0,107.3887195216,1300.0,0.0026849865,11.11,0.15,4
327.0,331.0,94.7895379153,2800.0,0.0015795097,16.67,0.15,4
327.0,332.0,90.4586557037,2800.0,0.0015073428,16.67,0.15,4
328.0,331.0,117.0613364629,2800.0,0.0019506321,16.67,0.15,4
328.0,371.0,103.8370350738,2800.0,0.0017302712,16.67,0.15,4
329.0,611.0,54.3094253087,1300.0,0.0013578714,11.11,0.15,4
330.0,333.0,107.8571369475,1300.0,0.0026966981,11.11,0.15,4
330.0,334.0,84.9338318459,1300.0,0.0021235582,11.11,0.15,4
330.0,447.0,91.182230668,1300.0,0.0022797837,11.11,0.15,4
331.0,747.0,88.6634243148,2800.0,0.0014774283,16.67,0.15,4
331.0,334.0,107.4410531622,2800.0,0.0017903262,16.67,0.15,4
332.0,611.0,54.1172541346,1300.0,0.0013530667,11.11,0.15,4
332.0,447.0,108.1134892828,1300.0,0.0027031075,11.11,0.15,4
333.0,335.0,97.2251662716,1300.0,0.0024308722,11.11,0.15,4
333.0,336.0,91.6607440229,1300.0,0.0022917478,11.11,0.15,4
333.0,448.0,73.0756139621,1300.0,0.0018270731,11.11,0.15,4
334.0,451.0,79.4087331343,1300.0,0.0019854169,11.11,0.15,4
334.0,448.0,107.2070615237,2800.0,0.0017864271,16.67,0.15,4
335.0,337.0,73.0252459194,2800.0,0.0012168441,16.67,0.15,4
335.0,338.0,112.8287170234,1300.0,0.002821,11.11,0.15,4
335.0,339.0,100.8800337241,2800.0,0.0016809977,16.67,0.15,4
336.0,447.0,107.6672527223,1300.0,0.0026919505,11.11,0.15,4
336.0,446.0,105.2841327683,1300.0,0.0026323666,11.11,0.15,4
336.0,339.0,106.0425335216,1300.0,0.0026513285,11.11,0.15,4
337.0,448.0,86.6165942885,2800.0,0.0014433212,16.67,0.15,4
337.0,450.0,64.7903040818,2800.0,0.0010796225,16.67,0.15,4
340.0,341.0,33.8297262503,1300.0,0.0008458277,11.11,0.15,4
340.0,857.0,71.9327290802,5250.0,0.000899249,22.22,0.15,4
341.0,342.0,46.9618471044,5250.0,0.0005870818,22.22,0.15,4
342.0,902.0,118.3932159216,2800.0,0.0019728257,16.67,0.15,4
342.0,858.0,39.2775892889,5250.0,0.000491019,22.22,0.15,4
343.0,344.0,107.015397111,1300.0,0.0026756525,11.11,0.15,4
343.0,345.0,92.6290517417,1300.0,0.0023159579,11.11,0.15,4
343.0,401.0,83.101138884,1300.0,0.0020777362,11.11,0.15,4
344.0,871.0,107.0215495408,1300.0,0.0026758063,11.11,0.15,4
344.0,466.0,90.5432111285,1300.0,0.0022638067,11.11,0.15,4
344.0,400.0,71.6858997267,1300.0,0.0017923267,11.11,0.15,4
345.0,346.0,94.0242674921,1300.0,0.0023508418,11.11,0.15,4
345.0,347.0,116.2324177405,1300.0,0.0029061011,11.11,0.15,4
345.0,466.0,104.686893861,1300.0,0.0026174341,11.11,0.15,4
346.0,348.0,106.2979250182,1300.0,0.0026577139,11.11,0.15,4
346.0,349.0,94.9720958837,1300.0,0.0023745399,11.11,0.15,4
346.0,468.0,114.674831374,1300.0,0.0028671575,11.11,0.15,4
347.0,770.0,129.6545188431,1300.0,0.0032416871,11.11,0.15,4
347.0,468.0,106.7561550371,2800.0,0.0017789135,16.67,0.15,4
348.0,465.0,93.9680836661,1300.0,0.002349437,11.11,0.15,4
348.0,466.0,94.6688308485,1300.0,0.0023669575,11.11,0.15,4
348.0,467.0,107.6921797428,1300.0,0.0026925738,11.11,0.15,4
349.0,350.0,95.9859192601,1300.0,0.002399888,11.11,0.15,4
349.0,351.0,114.254974091,2800.0,0.0019038688,16.67,0.15,4
349.0,465.0,106.4789222844,2800.0,0.0017742938,16.67,0.15,4
351.0,468.0,105.4118526285,2800.0,0.0017565129,16.67,0.15,4
354.0,355.0,107.4284597904,2800.0,0.0017901163,16.67,0.15,4
354.0,356.0,107.5075692318,2800.0,0.0017914345,16.67,0.15,4
354.0,357.0,51.8076715467,2800.0,0.0008632885,16.67,0.15,4
355.0,818.0,108.5351235512,2800.0,0.001808557,16.67,0.15,4
355.0,360.0,78.9812129822,1300.0,0.0019747278,11.11,0.15,4
356.0,681.0,105.6468288219,2800.0,0.0017604284,16.67,0.15,4
356.0,358.0,62.6531003885,2800.0,0.0010440095,16.67,0.15,4
357.0,358.0,107.9122610431,1300.0,0.0026980763,11.11,0.15,4
357.0,359.0,44.7171076523,2800.0,0.0007451361,16.67,0.15,4
358.0,683.0,107.344203919,1300.0,0.0026838735,11.11,0.15,4
358.0,686.0,52.4524294683,2800.0,0.0008740324,16.67,0.15,4
359.0,360.0,108.3657537987,1300.0,0.0027094148,11.11,0.15,4
359.0,361.0,74.5938371138,2800.0,0.001242982,16.67,0.15,4
359.0,686.0,107.1824220292,1300.0,0.0026798285,11.11,0.15,4
360.0,819.0,107.6909530298,1300.0,0.0026925431,11.11,0.15,4
360.0,820.0,73.5344095355,1300.0,0.0018385441,11.11,0.15,4
361.0,362.0,107.1448775649,1300.0,0.0026788898,11.11,0.15,4
361.0,363.0,74.9535488479,2800.0,0.001248976,16.67,0.15,4
361.0,820.0,108.3210863433,1300.0,0.002708298,11.11,0.15,4
362.0,687.0,108.6052353302,1300.0,0.0027154024,11.11,0.15,4
362.0,563.0,75.6729187501,2800.0,0.0012609631,16.67,0.15,4
362.0,686.0,75.140083828,2800.0,0.0012520843,16.67,0.15,4
363.0,364.0,108.4555214925,1300.0,0.0027116592,11.11,0.15,4
363.0,365.0,106.8944509226,2800.0,0.0017812179,16.67,0.15,4
363.0,563.0,107.4877963541,1300.0,0.0026874637,11.11,0.15,4
364.0,567.0,107.326833017,1300.0,0.0026834392,11.11,0.15,4
364.0,368.0,93.3354011197,1300.0,0.0023336184,11.11,0.15,4
364.0,820.0,73.2713004266,1300.0,0.0018319657,11.11,0.15,4
365.0,366.0,105.8412638873,2800.0,0.0017636683,16.67,0.15,4
365.0,367.0,109.098937654,2800.0,0.001817952,16.67,0.15,4
365.0,368.0,108.0225521061,2800.0,0.0018000159,16.67,0.15,4
366.0,558.0,107.4096012717,2800.0,0.0017898021,16.67,0.15,4
366.0,562.0,109.0977357898,2800.0,0.001817932,16.67,0.15,4
366.0,563.0,121.4923063301,2800.0,0.0020244669,16.67,0.15,4
367.0,565.0,107.3677986451,1300.0,0.0026844634,11.11,0.15,4
367.0,934.0,106.491043112,2800.0,0.0017744958,16.67,0.15,4
367.0,562.0,106.834693158,1300.0,0.0026711344,11.11,0.15,4
368.0,564.0,106.8457551358,2800.0,0.0017804065,16.67,0.15,4
368.0,565.0,109.3945935685,1300.0,0.0027351384,11.11,0.15,4
369.0,371.0,118.0744987758,1300.0,0.0029521577,11.11,0.15,4
369.0,372.0,119.7445350034,1300.0,0.0029939128,11.11,0.15,4
369.0,373.0,103.0219809324,2800.0,0.0017166897,16.67,0.15,4
370.0,372.0,114.2358398999,2800.0,0.00190355,16.67,0.15,4
371.0,747.0,119.7281793644,1300.0,0.0029935038,11.11,0.15,4
371.0,374.0,103.5833972424,2800.0,0.0017260447,16.67,0.15,4
372.0,700.0,104.9068031344,2800.0,0.0017480971,16.67,0.15,4
372.0,696.0,120.1542796969,1300.0,0.0030041574,11.11,0.15,4
373.0,374.0,108.2843683069,2800.0,0.0018043786,16.67,0.15,4
373.0,375.0,97.8715656357,2800.0,0.0016308666,16.67,0.15,4
373.0,700.0,108.9106403015,2800.0,0.0018148144,16.67,0.15,4
374.0,724.0,106.698696831,2800.0,0.001777956,16.67,0.15,4
374.0,721.0,97.6030736708,2800.0,0.0016263926,16.67,0.15,4
375.0,376.0,107.0492044876,1300.0,0.0026764978,11.11,0.15,4
375.0,721.0,109.3135845348,1300.0,0.0027331129,11.11,0.15,4
376.0,699.0,109.4523298567,1300.0,0.0027365819,11.11,0.15,4
376.0,700.0,96.3602955858,2800.0,0.0016056838,16.67,0.15,4
377.0,378.0,144.5442107099,2800.0,0.0024085885,16.67,0.15,4
377.0,379.0,114.9102058215,2800.0,0.0019147871,16.67,0.15,4
377.0,380.0,98.7708912604,2800.0,0.0016458524,16.67,0.15,4
378.0,401.0,83.5573282172,2800.0,0.0013923437,16.67,0.15,4
379.0,401.0,146.4357499302,2800.0,0.0024401078,16.67,0.15,4
379.0,636.0,108.1079615735,2800.0,0.0018014391,16.67,0.15,4
380.0,704.0,98.3167859528,2800.0,0.0016382854,16.67,0.15,4
381.0,382.0,129.841120036,2800.0,0.002163586,16.67,0.15,4
381.0,383.0,144.5172892103,2800.0,0.0024081399,16.67,0.15,4
381.0,384.0,98.4126252782,2800.0,0.0016398824,16.67,0.15,4
382.0,609.0,110.4438557216,2800.0,0.0018403629,16.67,0.15,4
382.0,385.0,95.4082505097,2800.0,0.0015898195,16.67,0.15,4
383.0,606.0,109.2552175236,2800.0,0.0018205562,16.67,0.15,4
383.0,607.0,100.1374497959,1300.0,0.0025036866,11.11,0.15,4
384.0,385.0,113.226592367,1300.0,0.0028309479,11.11,0.15,4
384.0,606.0,125.5900127962,1300.0,0.0031400643,11.11,0.15,4
385.0,608.0,89.8998877613,1300.0,0.002247722,11.11,0.15,4
386.0,640.0,116.3947702423,2800.0,0.0019395249,16.67,0.15,4
386.0,387.0,74.2273404985,2800.0,0.001236875,16.67,0.15,4
386.0,388.0,154.2720302808,2800.0,0.0025706864,16.67,0.15,4
387.0,388.0,79.3777313616,2800.0,0.0013226976,16.67,0.15,4
387.0,389.0,109.7400465087,2800.0,0.001828635,16.67,0.15,4
388.0,461.0,107.9971966978,2800.0,0.0017995934,16.67,0.15,4
388.0,769.0,119.1268626911,1300.0,0.0029784694,11.11,0.15,4
389.0,390.0,98.5699677502,2800.0,0.0016425043,16.67,0.15,4
389.0,391.0,173.857948875,1300.0,0.0043468834,11.11,0.15,4
389.0,769.0,69.2084667628,1300.0,0.0017303847,11.11,0.15,4
390.0,392.0,174.5347518774,2800.0,0.0029083309,16.67,0.15,4
390.0,393.0,76.2651426273,1300.0,0.0019068192,11.11,0.15,4
390.0,394.0,100.5971473669,2800.0,0.0016762839,16.67,0.15,4
391.0,661.0,116.0638778162,1300.0,0.0029018871,11.11,0.15,4
391.0,392.0,91.4890408033,2800.0,0.0015245124,16.67,0.15,4
391.0,640.0,119.8436392518,2800.0,0.0019969946,16.67,0.15,4
392.0,703.0,95.4412299554,2800.0,0.0015903691,16.67,0.15,4
393.0,768.0,91.8245545822,1300.0,0.0022958434,11.11,0.15,4
393.0,769.0,105.8170632139,1300.0,0.0026456911,11.11,0.15,4
393.0,942.0,107.1668902092,1300.0,0.0026794402,11.11,0.15,4
394.0,395.0,82.862903965,2800.0,0.0013807722,16.67,0.15,4
394.0,703.0,174.4542096979,2800.0,0.0029069888,16.67,0.15,4
394.0,942.0,82.9421473104,1300.0,0.0020737611,11.11,0.15,4
395.0,396.0,37.1955414194,2800.0,0.0006198017,16.67,0.15,4
395.0,397.0,153.7904001215,2800.0,0.0025626608,16.67,0.15,4
396.0,398.0,107.656039791,2800.0,0.0017939085,16.67,0.15,4
396.0,399.0,71.0003781184,1300.0,0.001775187,11.11,0.15,4
397.0,702.0,89.1962577331,2800.0,0.001486307,16.67,0.15,4
397.0,703.0,96.2021004742,2800.0,0.0016030477,16.67,0.15,4
398.0,400.0,106.4367942165,2800.0,0.0017735919,16.67,0.15,4
398.0,871.0,71.0441769735,1300.0,0.0017762821,11.11,0.15,4
399.0,942.0,107.0459723634,1300.0,0.002676417,11.11,0.15,4
399.0,941.0,91.1871643763,1300.0,0.0022799071,11.11,0.15,4
399.0,871.0,107.3931312736,1300.0,0.0026850968,11.11,0.15,4
400.0,401.0,108.4811167228,2800.0,0.0018076571,16.67,0.15,4
402.0,403.0,99.1508922594,1300.0,0.0024790202,11.11,0.15,4
402.0,404.0,70.0249529109,1300.0,0.0017507989,11.11,0.15,4
402.0,704.0,111.2792114348,1300.0,0.0027822585,11.11,0.15,4
403.0,405.0,100.5085598672,1300.0,0.0025129653,11.11,0.15,4
403.0,406.0,104.4480614461,1300.0,0.0026114627,11.11,0.15,4
403.0,419.0,69.8179665081,1300.0,0.0017456237,11.11,0.15,4
404.0,770.0,92.7528535306,1300.0,0.0023190532,11.11,0.15,4
404.0,419.0,99.4012457784,1300.0,0.0024852797,11.11,0.15,4
405.0,407.0,91.2516755584,1300.0,0.00228152,11.11,0.15,4
405.0,408.0,97.856757875,2800.0,0.0016306198,16.67,0.15,4
405.0,409.0,69.2723301579,2800.0,0.001154308,16.67,0.15,4
406.0,408.0,102.9314462391,2800.0,0.0017151811,16.67,0.15,4
406.0,418.0,114.152513375,1300.0,0.0028540982,11.11,0.15,4
406.0,704.0,97.8637170792,2800.0,0.0016307358,16.67,0.15,4
407.0,410.0,104.4532177349,1300.0,0.0026115916,11.11,0.15,4
407.0,411.0,90.2909255982,1300.0,0.0022574989,11.11,0.15,4
407.0,771.0,70.3433083124,1300.0,0.0017587586,11.11,0.15,4
408.0,411.0,90.1480601406,2800.0,0.0015021672,16.67,0.15,4
409.0,419.0,100.0375680322,1300.0,0.0025011893,11.11,0.15,4
409.0,420.0,93.5058941742,2800.0,0.0015581199,16.67,0.15,4
409.0,771.0,91.5376986811,1300.0,0.0022886713,11.11,0.15,4
410.0,412.0,70.4417563753,1300.0,0.00176122,11.11,0.15,4
410.0,705.0,82.7704782659,1300.0,0.0020694689,11.11,0.15,4
411.0,417.0,114.3228036651,1300.0,0.0028583559,11.11,0.15,4
411.0,705.0,102.7957184928,2800.0,0.0017129194,16.67,0.15,4
412.0,771.0,104.9255688617,1300.0,0.0026234016,11.11,0.15,4
412.0,772.0,91.9898879225,1300.0,0.0022999772,11.11,0.15,4
412.0,774.0,106.4438520336,1300.0,0.0026613624,11.11,0.15,4
413.0,414.0,111.5083176442,2800.0,0.0018581003,16.67,0.15,4
413.0,415.0,112.4512377486,2800.0,0.0018738125,16.67,0.15,4
413.0,416.0,98.1147307302,2800.0,0.0016349185,16.67,0.15,4
414.0,855.0,112.6989013239,2800.0,0.0018779394,16.67,0.15,4
415.0,609.0,111.9003835275,2800.0,0.0018646335,16.67,0.15,4
419.0,471.0,93.7611108421,1300.0,0.0023442622,11.11,0.15,4
420.0,421.0,94.3423817166,2800.0,0.0015720586,16.67,0.15,4
420.0,422.0,91.3942482038,1300.0,0.0022850847,11.11,0.15,4
420.0,471.0,100.7637574799,1300.0,0.0025193459,11.11,0.15,4
421.0,423.0,93.4984194097,2800.0,0.0015579954,16.67,0.15,4
421.0,424.0,100.618190102,1300.0,0.0025157063,11.11,0.15,4
421.0,472.0,90.9963610137,1300.0,0.0022751365,11.11,0.15,4
422.0,771.0,93.4266664601,1300.0,0.0023359003,11.11,0.15,4
422.0,772.0,105.5997764485,1300.0,0.0026402584,11.11,0.15,4
422.0,472.0,94.5889237479,1300.0,0.0023649596,11.11,0.15,4
423.0,425.0,101.0063297499,1300.0,0.0025254108,11.11,0.15,4
423.0,584.0,91.4974541831,1300.0,0.0022876651,11.11,0.15,4
424.0,471.0,94.2602818215,1300.0,0.0023567427,11.11,0.15,4
424.0,469.0,100.530458538,1300.0,0.0025135128,11.11,0.15,4
424.0,425.0,92.9601693212,1300.0,0.0023242367,11.11,0.15,4
425.0,426.0,96.8713368123,1300.0,0.0024220256,11.11,0.15,4
426.0,583.0,51.3678056636,2800.0,0.0008559589,16.67,0.15,4
426.0,470.0,99.7101628385,2800.0,0.0016615037,16.67,0.15,4
428.0,429.0,107.6299216873,1300.0,0.0026910171,11.11,0.15,4
428.0,430.0,69.2932611289,1300.0,0.0017325048,11.11,0.15,4
429.0,431.0,71.0428191695,2800.0,0.0011838102,16.67,0.15,4
429.0,819.0,107.8930734439,1300.0,0.0026975966,11.11,0.15,4
430.0,431.0,107.5086979078,1300.0,0.0026879862,11.11,0.15,4
430.0,432.0,72.413118485,1300.0,0.001810509,11.11,0.15,4
430.0,852.0,116.3667138671,1300.0,0.0029094588,11.11,0.15,4
431.0,829.0,107.5133966778,1300.0,0.0026881037,11.11,0.15,4
431.0,569.0,73.1551001378,2800.0,0.0012190079,16.67,0.15,4
432.0,433.0,109.5904630479,1300.0,0.0027400356,11.11,0.15,4
432.0,434.0,49.8556892787,1300.0,0.0012465169,11.11,0.15,4
432.0,569.0,107.5474166035,1300.0,0.0026889543,11.11,0.15,4
433.0,435.0,35.3411926352,1300.0,0.0008836182,11.11,0.15,4
433.0,852.0,71.1322952006,1300.0,0.0017784852,11.11,0.15,4
434.0,435.0,106.4878482374,2800.0,0.0017744426,16.67,0.15,4
434.0,436.0,106.8649649003,2800.0,0.0017807266,16.67,0.15,4
434.0,437.0,109.5122229169,1300.0,0.0027380794,11.11,0.15,4
435.0,438.0,109.8505344686,1300.0,0.002746538,11.11,0.15,4
436.0,564.0,107.5613112309,2800.0,0.0017923301,16.67,0.15,4
436.0,568.0,109.236421286,2800.0,0.001820243,16.67,0.15,4
436.0,569.0,64.9307319263,2800.0,0.0010819625,16.67,0.15,4
437.0,438.0,106.1255497167,1300.0,0.0026534041,11.11,0.15,4
437.0,439.0,106.6757403288,1300.0,0.0026671602,11.11,0.15,4
437.0,568.0,108.0272848795,1300.0,0.0027009522,11.11,0.15,4
438.0,797.0,106.6999994713,1300.0,0.0026677668,11.11,0.15,4
438.0,798.0,106.8429447026,1300.0,0.0026713408,11.11,0.15,4
439.0,440.0,108.525644924,1300.0,0.0027134125,11.11,0.15,4
439.0,443.0,122.5383719946,1300.0,0.0030637657,11.11,0.15,4
439.0,798.0,105.2355352611,1300.0,0.0026311515,11.11,0.15,4
440.0,936.0,106.8957834797,1300.0,0.0026726619,11.11,0.15,4
440.0,568.0,106.5955722208,2800.0,0.0017762376,16.67,0.15,4
440.0,877.0,122.7436284136,2800.0,0.0020453181,16.67,0.15,4
441.0,442.0,108.9295432835,2800.0,0.0018151294,16.67,0.15,4
441.0,443.0,122.0002065458,2800.0,0.0020329302,16.67,0.15,4
442.0,444.0,107.4202400119,1300.0,0.0026857746,11.11,0.15,4
442.0,532.0,106.8498908707,2800.0,0.0017804754,16.67,0.15,4
442.0,877.0,121.6492435391,1300.0,0.0030415352,11.11,0.15,4
443.0,877.0,131.7314707131,2800.0,0.0021950855,16.67,0.15,4
443.0,886.0,125.9857615429,2800.0,0.0020993428,16.67,0.15,4
445.0,533.0,106.9933088816,2800.0,0.0017828652,16.67,0.15,4
445.0,754.0,106.6255457131,1300.0,0.0026659052,11.11,0.15,4
448.0,449.0,71.2115063709,1300.0,0.0017804657,11.11,0.15,4
449.0,450.0,97.1551969722,2800.0,0.0016189295,16.67,0.15,4
449.0,451.0,118.5735216567,1300.0,0.0029646345,11.11,0.15,4
449.0,452.0,103.2561417868,2800.0,0.0017205916,16.67,0.15,4
450.0,453.0,102.329589972,2800.0,0.0017051521,16.67,0.15,4
451.0,878.0,102.8822137484,2800.0,0.0017143607,16.67,0.15,4
451.0,747.0,119.0768355767,1300.0,0.0029772186,11.11,0.15,4
452.0,453.0,87.6673262156,2800.0,0.0014608299,16.67,0.15,4
452.0,454.0,108.6553887389,2800.0,0.001810561,16.67,0.15,4
452.0,878.0,108.2256109289,2800.0,0.0018033995,16.67,0.15,4
453.0,456.0,103.7862519687,2800.0,0.001729425,16.67,0.15,4
453.0,727.0,102.5266085842,2800.0,0.0017084351,16.67,0.15,4
454.0,725.0,106.6130562137,1300.0,0.002665593,11.11,0.15,4
454.0,455.0,59.0148238618,2800.0,0.0009833837,16.67,0.15,4
454.0,456.0,120.5317327437,1300.0,0.0030135947,11.11,0.15,4
455.0,457.0,48.5183928073,2800.0,0.0008084782,16.67,0.15,4
455.0,726.0,103.3154494269,1300.0,0.0025831446,11.11,0.15,4
456.0,458.0,99.0914225643,2800.0,0.0016511935,16.67,0.15,4
457.0,458.0,105.1309795658,2800.0,0.0017518326,16.67,0.15,4
457.0,459.0,103.7338983922,2800.0,0.0017285526,16.67,0.15,4
458.0,880.0,151.0327315483,2800.0,0.0025167089,16.67,0.15,4
459.0,726.0,49.4839126187,2800.0,0.000824567,16.67,0.15,4
459.0,879.0,99.733497654,2800.0,0.0016618926,16.67,0.15,4
460.0,461.0,112.6174740504,2800.0,0.0018765826,16.67,0.15,4
460.0,462.0,110.3433726241,2800.0,0.0018386885,16.67,0.15,4
460.0,463.0,117.7143665598,1300.0,0.0029431535,11.11,0.15,4
461.0,464.0,118.6353311112,1300.0,0.0029661799,11.11,0.15,4
462.0,579.0,119.0259131551,1300.0,0.0029759454,11.11,0.15,4
462.0,576.0,114.7471632247,2800.0,0.0019120703,16.67,0.15,4
463.0,464.0,94.8959307363,1300.0,0.0023726355,11.11,0.15,4
463.0,579.0,92.3959328386,1300.0,0.0023101293,11.11,0.15,4
463.0,938.0,107.7992937233,1300.0,0.0026952519,11.11,0.15,4
464.0,768.0,106.5812178147,1300.0,0.0026647969,11.11,0.15,4
464.0,769.0,92.2865363719,1300.0,0.0023073941,11.11,0.15,4
465.0,679.0,108.0315368695,2800.0,0.0018001656,16.67,0.15,4
466.0,944.0,107.9270864662,1300.0,0.002698447,11.11,0.15,4
467.0,944.0,94.7456495417,1300.0,0.0023688781,11.11,0.15,4
467.0,943.0,106.7573704163,1300.0,0.0026692012,11.11,0.15,4
467.0,679.0,93.0755377036,1300.0,0.0023271212,11.11,0.15,4
468.0,469.0,129.3339208793,1300.0,0.0032336714,11.11,0.15,4
469.0,470.0,190.4693985507,2800.0,0.0031738552,16.67,0.15,4
469.0,770.0,95.0661700576,1300.0,0.0023768919,11.11,0.15,4
471.0,770.0,99.7538437785,1300.0,0.0024940955,11.11,0.15,4
472.0,473.0,105.9149745102,1300.0,0.0026481392,11.11,0.15,4
472.0,584.0,93.6794232293,1300.0,0.0023422198,11.11,0.15,4
473.0,474.0,93.0218101106,1300.0,0.0023257778,11.11,0.15,4
473.0,475.0,107.2703027186,1300.0,0.0026820258,11.11,0.15,4
473.0,772.0,95.8319569405,1300.0,0.0023960385,11.11,0.15,4
474.0,585.0,95.2715233384,1300.0,0.0023820263,11.11,0.15,4
474.0,584.0,105.8001784364,1300.0,0.002645269,11.11,0.15,4
474.0,587.0,106.2280830649,1300.0,0.0026559677,11.11,0.15,4
475.0,476.0,37.2252317623,2800.0,0.0006202965,16.67,0.15,4
475.0,477.0,95.2124058828,5250.0,0.0011902741,22.22,0.15,4
475.0,587.0,93.113010783,5250.0,0.001164029,22.22,0.15,4
476.0,478.0,93.3940899721,5250.0,0.0011675429,22.22,0.15,4
476.0,479.0,105.2543127951,2800.0,0.0017538878,16.67,0.15,4
476.0,773.0,94.8700596702,5250.0,0.0011859943,22.22,0.15,4
477.0,773.0,37.4612754064,1300.0,0.0009366255,11.11,0.15,4
477.0,774.0,92.2266677693,5250.0,0.0011529486,22.22,0.15,4
477.0,772.0,106.8074594179,1300.0,0.0026704535,11.11,0.15,4
478.0,587.0,38.0992432051,2800.0,0.0006348604,16.67,0.15,4
478.0,586.0,96.4676866825,5250.0,0.0012059667,22.22,0.15,4
478.0,480.0,104.9145681171,2800.0,0.0017482265,16.67,0.15,4
479.0,480.0,94.0596898881,2800.0,0.001567348,16.67,0.15,4
479.0,481.0,94.3643508284,2800.0,0.0015724247,16.67,0.15,4
479.0,482.0,100.6843347314,2800.0,0.0016777367,16.67,0.15,4
481.0,709.0,93.4149174667,2800.0,0.001556604,16.67,0.15,4
481.0,775.0,50.3066693727,1300.0,0.0012577925,11.11,0.15,4
481.0,773.0,105.4994165967,1300.0,0.0026377492,11.11,0.15,4
482.0,483.0,95.4767302712,2800.0,0.0015909606,16.67,0.15,4
482.0,484.0,99.1672618031,2800.0,0.0016524572,16.67,0.15,4
483.0,712.0,91.4758046907,2800.0,0.0015242919,16.67,0.15,4
483.0,486.0,98.3065619388,1300.0,0.0024579098,11.11,0.15,4
483.0,775.0,50.4264272163,1300.0,0.0012607868,11.11,0.15,4
484.0,485.0,99.8135637605,2800.0,0.0016632268,16.67,0.15,4
484.0,486.0,97.2446226891,1300.0,0.0024313587,11.11,0.15,4
484.0,588.0,91.3880013369,1300.0,0.0022849285,11.11,0.15,4
485.0,487.0,92.2850524417,1300.0,0.002307357,11.11,0.15,4
485.0,488.0,100.7255857784,2800.0,0.0016784241,16.67,0.15,4
485.0,778.0,97.2319413581,1300.0,0.0024310416,11.11,0.15,4
486.0,777.0,91.505776325,1300.0,0.0022878732,11.11,0.15,4
486.0,778.0,102.3220945905,1300.0,0.0025583082,11.11,0.15,4
487.0,588.0,100.5153998455,2800.0,0.0016749217,16.67,0.15,4
487.0,589.0,96.10385385,1300.0,0.0024028366,11.11,0.15,4
487.0,491.0,100.1515964412,2800.0,0.0016688595,16.67,0.15,4
488.0,489.0,116.3419347545,1300.0,0.0029088393,11.11,0.15,4
488.0,490.0,99.6618067678,2800.0,0.001660698,16.67,0.15,4
488.0,491.0,112.218519579,1300.0,0.0028057436,11.11,0.15,4
489.0,502.0,112.2265466409,1300.0,0.0028059443,11.11,0.15,4
489.0,493.0,99.3634551216,1300.0,0.0024843348,11.11,0.15,4
489.0,778.0,98.7237337291,1300.0,0.0024683402,11.11,0.15,4
490.0,492.0,91.8968703456,2800.0,0.0015313082,16.67,0.15,4
490.0,493.0,97.2274477981,2800.0,0.0016201334,16.67,0.15,4
490.0,494.0,97.4664243496,2800.0,0.0016241156,16.67,0.15,4
491.0,492.0,99.6677525368,2800.0,0.001660797,16.67,0.15,4
492.0,495.0,98.6886469392,2800.0,0.0016444819,16.67,0.15,4
493.0,500.0,91.3058262817,2800.0,0.0015214595,16.67,0.15,4
493.0,496.0,98.3501505839,1300.0,0.0024589997,11.11,0.15,4
494.0,495.0,92.7679266013,2800.0,0.0015458229,16.67,0.15,4
494.0,496.0,95.9190090635,2800.0,0.0015983305,16.67,0.15,4
496.0,767.0,91.7347290188,2800.0,0.0015286064,16.67,0.15,4
496.0,497.0,97.667244863,1300.0,0.0024419253,11.11,0.15,4
498.0,499.0,126.8573718124,2800.0,0.0021138668,16.67,0.15,4
498.0,500.0,85.1453777655,2800.0,0.0014188059,16.67,0.15,4
498.0,501.0,118.0324699287,2800.0,0.0019668145,16.67,0.15,4
499.0,767.0,40.5606676718,2800.0,0.000675876,16.67,0.15,4
499.0,904.0,82.5274729879,2800.0,0.0013751828,16.67,0.15,4
500.0,502.0,99.0790802922,1300.0,0.0024772247,11.11,0.15,4
500.0,767.0,96.9097735644,1300.0,0.0024229866,11.11,0.15,4
501.0,502.0,137.4815489023,1300.0,0.0034373825,11.11,0.15,4
501.0,718.0,113.9173074314,2800.0,0.0018982421,16.67,0.15,4
501.0,720.0,118.6376607163,2800.0,0.001976899,16.67,0.15,4
502.0,719.0,99.2402766412,1300.0,0.002481255,11.11,0.15,4
503.0,505.0,106.0673294068,1300.0,0.0026519484,11.11,0.15,4
503.0,506.0,114.4895657334,1300.0,0.0028625254,11.11,0.15,4
503.0,507.0,103.9636594227,2800.0,0.0017323812,16.67,0.15,4
504.0,506.0,98.1272622048,2800.0,0.0016351273,16.67,0.15,4
504.0,881.0,104.8231737792,2800.0,0.0017467036,16.67,0.15,4
505.0,528.0,47.5145505801,2800.0,0.0007917508,16.67,0.15,4
505.0,508.0,103.1791047018,2800.0,0.0017193079,16.67,0.15,4
506.0,736.0,102.9575818257,2800.0,0.0017156166,16.67,0.15,4
506.0,882.0,114.2902041438,1300.0,0.0028575409,11.11,0.15,4
507.0,508.0,103.5193611833,2800.0,0.0017249777,16.67,0.15,4
507.0,509.0,134.9344959385,2800.0,0.0022484586,16.67,0.15,4
507.0,736.0,103.1954349854,2800.0,0.00171958,16.67,0.15,4
508.0,789.0,103.9454390515,2800.0,0.0017320776,16.67,0.15,4
508.0,510.0,128.2123878519,2800.0,0.0021364458,16.67,0.15,4
509.0,510.0,107.4240258553,1300.0,0.0026858692,11.11,0.15,4
509.0,511.0,68.2755286644,2800.0,0.0011376979,16.67,0.15,4
510.0,790.0,111.2558161016,1300.0,0.0027816736,11.11,0.15,4
510.0,512.0,65.7993105677,2800.0,0.0010964359,16.67,0.15,4
511.0,512.0,104.5441365197,2800.0,0.0017420539,16.67,0.15,4
512.0,791.0,104.1712075986,2800.0,0.0017358396,16.67,0.15,4
513.0,514.0,90.4002814132,2800.0,0.0015063701,16.67,0.15,4
513.0,515.0,100.8833684427,1300.0,0.0025223364,11.11,0.15,4
513.0,785.0,96.4160669263,1300.0,0.0024106427,11.11,0.15,4
514.0,516.0,110.7563569762,1300.0,0.0027691858,11.11,0.15,4
514.0,517.0,35.7803156717,2800.0,0.0005962194,16.67,0.15,4
514.0,815.0,90.214872043,1300.0,0.0022555974,11.11,0.15,4
515.0,815.0,97.7438147475,2800.0,0.0016287378,16.67,0.15,4
515.0,836.0,95.0853641223,1300.0,0.0023773718,11.11,0.15,4
516.0,785.0,96.1863997406,2800.0,0.0016027861,16.67,0.15,4
516.0,786.0,115.2130702001,1300.0,0.0028806148,11.11,0.15,4
516.0,786.0,116.0020577291,2800.0,0.001932981,16.67,0.15,4
516.0,520.0,117.1981388686,2800.0,0.0019529117,16.67,0.15,4
516.0,517.0,110.2740168635,2800.0,0.0018375328,16.67,0.15,4
517.0,518.0,105.4439860103,2800.0,0.0017570484,16.67,0.15,4
517.0,519.0,87.7744046772,2800.0,0.0014626142,16.67,0.15,4
518.0,520.0,98.4455713228,2800.0,0.0016404314,16.67,0.15,4
518.0,521.0,98.1254491751,2800.0,0.0016350971,16.67,0.15,4
518.0,522.0,122.9540409469,2800.0,0.0020488243,16.67,0.15,4
519.0,815.0,47.245478872,2800.0,0.0007872672,16.67,0.15,4
519.0,812.0,99.5756902934,2800.0,0.001659263,16.67,0.15,4
519.0,521.0,116.7170281665,2800.0,0.0019448948,16.67,0.15,4
520.0,762.0,122.5411391559,2800.0,0.0020419439,16.67,0.15,4
521.0,761.0,142.1991699638,1300.0,0.0035553348,11.11,0.15,4
521.0,813.0,88.9125436088,2800.0,0.0014815794,16.67,0.15,4
522.0,762.0,121.9999553923,2800.0,0.002032926,16.67,0.15,4
522.0,523.0,122.1880765042,2800.0,0.0020360607,16.67,0.15,4
522.0,761.0,110.5955677006,2800.0,0.0018428909,16.67,0.15,4
523.0,524.0,98.2127336219,2800.0,0.0016365516,16.67,0.15,4
523.0,525.0,98.3139028045,2800.0,0.0016382374,16.67,0.15,4
524.0,551.0,100.3824269207,2800.0,0.0016727059,16.67,0.15,4
524.0,762.0,121.3773252267,2800.0,0.0020225509,16.67,0.15,4
525.0,526.0,125.3676663902,1300.0,0.0031345051,11.11,0.15,4
525.0,549.0,89.4040418904,2800.0,0.0014897694,16.67,0.15,4
525.0,761.0,124.7346455246,1300.0,0.003118678,11.11,0.15,4
526.0,547.0,88.8356106653,2800.0,0.0014802975,16.67,0.15,4
528.0,787.0,33.7392281421,2800.0,0.000562208,16.67,0.15,4
529.0,922.0,107.0696411293,1300.0,0.0026770087,11.11,0.15,4
529.0,923.0,106.9562428635,1300.0,0.0026741735,11.11,0.15,4
530.0,694.0,108.1629674018,1300.0,0.0027043446,11.11,0.15,4
530.0,691.0,122.5612511635,2800.0,0.0020422791,16.67,0.15,4
530.0,923.0,108.3118525044,1300.0,0.0027080671,11.11,0.15,4
531.0,532.0,107.9948644751,1300.0,0.0027001416,11.11,0.15,4
531.0,765.0,121.4423245732,2800.0,0.002023634,16.67,0.15,4
531.0,931.0,107.1477761954,1300.0,0.0026789623,11.11,0.15,4
532.0,766.0,121.5607949488,2800.0,0.0020256081,16.67,0.15,4
533.0,534.0,105.8171862116,1300.0,0.0026456942,11.11,0.15,4
533.0,535.0,111.1293184008,2800.0,0.0018517849,16.67,0.15,4
533.0,887.0,134.2312829842,1300.0,0.0033561177,11.11,0.15,4
534.0,755.0,123.424246302,1300.0,0.0030859147,11.11,0.15,4
534.0,537.0,110.9721255008,2800.0,0.0018491656,16.67,0.15,4
534.0,754.0,109.6914496261,2800.0,0.0018278253,16.67,0.15,4
535.0,536.0,32.3085922531,2800.0,0.0005383689,16.67,0.15,4
535.0,537.0,107.0470477218,5250.0,0.0013382219,22.22,0.15,4
536.0,538.0,107.3785832932,2800.0,0.0017892852,16.67,0.15,4
536.0,756.0,106.8037540031,5250.0,0.0013351804,22.22,0.15,4
537.0,756.0,36.5498010356,2800.0,0.0006090415,16.67,0.15,4
538.0,539.0,99.2070212343,2800.0,0.0016531197,16.67,0.15,4
538.0,540.0,107.5945714483,2800.0,0.0017928843,16.67,0.15,4
538.0,541.0,98.7011314494,2800.0,0.0016446899,16.67,0.15,4
539.0,842.0,60.2171273604,2800.0,0.0010034181,16.67,0.15,4
540.0,544.0,99.8141602699,2800.0,0.0016632367,16.67,0.15,4
540.0,756.0,101.8912365827,2800.0,0.0016978477,16.67,0.15,4
540.0,757.0,121.3158668468,2800.0,0.0020215268,16.67,0.15,4
541.0,542.0,100.4010191001,2800.0,0.0016730157,16.67,0.15,4
541.0,543.0,85.7921975715,2800.0,0.001429584,16.67,0.15,4
541.0,544.0,108.3762545133,2800.0,0.0018059097,16.67,0.15,4
542.0,545.0,71.9568496415,2800.0,0.001199041,16.67,0.15,4
542.0,546.0,108.4802711688,2800.0,0.001807643,16.67,0.15,4
542.0,547.0,98.0908451524,2800.0,0.0016345205,16.67,0.15,4
543.0,842.0,39.2880353936,2800.0,0.0006546697,16.67,0.15,4
543.0,843.0,64.3178772197,2800.0,0.0010717503,16.67,0.15,4
544.0,546.0,98.816578627,2800.0,0.0016466137,16.67,0.15,4
544.0,758.0,121.0954622144,2800.0,0.0020178541,16.67,0.15,4
545.0,843.0,36.972379962,2800.0,0.0006160831,16.67,0.15,4
545.0,885.0,67.0779365396,2800.0,0.0011177421,16.67,0.15,4
546.0,549.0,99.0551404414,2800.0,0.0016505889,16.67,0.15,4
546.0,759.0,121.5685218912,2800.0,0.0020257369,16.67,0.15,4
547.0,548.0,59.6365154743,2800.0,0.0009937432,16.67,0.15,4
547.0,549.0,106.4951227196,2800.0,0.0017745638,16.67,0.15,4
548.0,885.0,32.2422588056,2800.0,0.0005372635,16.67,0.15,4
549.0,760.0,122.8905238262,2800.0,0.0020477658,16.67,0.15,4
550.0,551.0,112.7847841162,2800.0,0.0018793705,16.67,0.15,4
550.0,552.0,111.3790761407,2800.0,0.0018559467,16.67,0.15,4
550.0,553.0,65.1534234991,2800.0,0.0010856733,16.67,0.15,4
551.0,634.0,145.8332824393,2800.0,0.0024300687,16.67,0.15,4
551.0,763.0,121.2720512118,2800.0,0.0020207967,16.67,0.15,4
552.0,788.0,33.0595652451,2800.0,0.0005508826,16.67,0.15,4
552.0,555.0,63.7513492996,2800.0,0.00106231,16.67,0.15,4
553.0,554.0,86.6134052435,2800.0,0.0014432681,16.67,0.15,4
553.0,634.0,109.1316282991,2800.0,0.0018184968,16.67,0.15,4
554.0,555.0,60.1320564884,2800.0,0.0010020005,16.67,0.15,4
554.0,556.0,104.925245771,2800.0,0.0017484044,16.67,0.15,4
554.0,557.0,103.5615110429,2800.0,0.00172568,16.67,0.15,4
555.0,853.0,121.7548363468,2800.0,0.0020288415,16.67,0.15,4
556.0,632.0,77.0749828668,2800.0,0.0012843262,16.67,0.15,4
556.0,634.0,102.2180992181,2800.0,0.0017032943,16.67,0.15,4
556.0,624.0,111.3571220887,2800.0,0.0018555809,16.67,0.15,4
557.0,816.0,77.1770762613,2800.0,0.0012860274,16.67,0.15,4
557.0,632.0,79.5491695753,2800.0,0.0013255544,16.67,0.15,4
558.0,559.0,109.2763615473,2800.0,0.0018209085,16.67,0.15,4
558.0,560.0,109.3084013458,2800.0,0.0018214424,16.67,0.15,4
558.0,561.0,135.6123859145,2800.0,0.0022597545,16.67,0.15,4
559.0,921.0,107.0654312586,2800.0,0.001784067,16.67,0.15,4
559.0,925.0,109.4529841564,1300.0,0.0027365983,11.11,0.15,4
559.0,828.0,109.9847501771,1300.0,0.0027498937,11.11,0.15,4
560.0,562.0,107.6924892356,1300.0,0.0026925815,11.11,0.15,4
560.0,689.0,106.2309997469,2800.0,0.0017701626,16.67,0.15,4
560.0,925.0,108.9397603947,1300.0,0.0027237664,11.11,0.15,4
561.0,563.0,108.547050659,1300.0,0.0027139477,11.11,0.15,4
561.0,687.0,76.3368506891,2800.0,0.0012720264,16.67,0.15,4
561.0,826.0,110.8140515327,1300.0,0.0027706284,11.11,0.15,4
562.0,932.0,106.3098232564,2800.0,0.0017714761,16.67,0.15,4
564.0,566.0,109.507029107,2800.0,0.0018247522,16.67,0.15,4
564.0,567.0,78.6460197037,2800.0,0.0013105049,16.67,0.15,4
565.0,935.0,106.4551209077,1300.0,0.0026616442,11.11,0.15,4
565.0,566.0,106.6547284923,1300.0,0.0026666349,11.11,0.15,4
566.0,936.0,106.5282326137,2800.0,0.0017751155,16.67,0.15,4
566.0,568.0,107.2246986181,1300.0,0.0026808856,11.11,0.15,4
567.0,569.0,108.4696794157,1300.0,0.0027120132,11.11,0.15,4
567.0,829.0,73.5646793527,2800.0,0.0012258328,16.67,0.15,4
570.0,662.0,91.465837914,1300.0,0.0022868746,11.11,0.15,4
571.0,642.0,62.5937802763,2800.0,0.0010430211,16.67,0.15,4
571.0,662.0,118.7330971878,2800.0,0.0019784893,16.67,0.15,4
572.0,662.0,116.1371267032,2800.0,0.0019352317,16.67,0.15,4
572.0,663.0,116.5799470971,2800.0,0.0019426106,16.67,0.15,4
576.0,577.0,118.2499119105,2800.0,0.0019704378,16.67,0.15,4
577.0,578.0,107.7217000162,2800.0,0.0017950027,16.67,0.15,4
577.0,579.0,96.4363926446,1300.0,0.0024111509,11.11,0.15,4
578.0,897.0,96.2043255761,1300.0,0.0024053487,11.11,0.15,4
579.0,897.0,106.767632183,2800.0,0.0017791047,16.67,0.15,4
580.0,940.0,96.6599459416,1300.0,0.0024167403,11.11,0.15,4
581.0,939.0,92.6807628944,1300.0,0.0023172508,11.11,0.15,4
581.0,940.0,107.3746505532,2800.0,0.0017892197,16.67,0.15,4
581.0,897.0,106.7768292865,2800.0,0.001779258,16.67,0.15,4
590.0,748.0,58.3874606244,2800.0,0.0009729298,16.67,0.15,4
591.0,592.0,111.1659802225,2800.0,0.0018523959,16.67,0.15,4
591.0,593.0,108.4958887497,2800.0,0.0018079032,16.67,0.15,4
591.0,594.0,146.3506221233,1300.0,0.0036591315,11.11,0.15,4
592.0,596.0,149.983355483,2800.0,0.0024992227,16.67,0.15,4
593.0,637.0,110.5281852159,2800.0,0.0018417681,16.67,0.15,4
593.0,894.0,145.9241535498,1300.0,0.0036484687,11.11,0.15,4
594.0,595.0,136.5880439356,1300.0,0.0034150426,11.11,0.15,4
594.0,596.0,96.4847491806,2800.0,0.0016077576,16.67,0.15,4
594.0,894.0,90.4049175588,2800.0,0.0015064473,16.67,0.15,4
595.0,597.0,142.0628269691,1300.0,0.0035519259,11.11,0.15,4
595.0,598.0,90.8583182154,2800.0,0.0015140025,16.67,0.15,4
595.0,893.0,96.189418597,2800.0,0.0016028364,16.67,0.15,4
596.0,893.0,142.6423916765,1300.0,0.0035664164,11.11,0.15,4
597.0,599.0,102.5612765323,2800.0,0.0017090128,16.67,0.15,4
597.0,600.0,102.143968084,1300.0,0.0025538546,11.11,0.15,4
597.0,601.0,100.985906801,2800.0,0.0016827619,16.67,0.15,4
598.0,894.0,136.0559467018,1300.0,0.0034017388,11.11,0.15,4
598.0,895.0,91.5045040955,2800.0,0.0015247701,16.67,0.15,4
598.0,601.0,142.5243692158,1300.0,0.0035634656,11.11,0.15,4
599.0,893.0,147.0086615319,1300.0,0.0036755841,11.11,0.15,4
599.0,604.0,115.9924083037,1300.0,0.0029001002,11.11,0.15,4
600.0,602.0,91.8951261182,2800.0,0.0015312792,16.67,0.15,4
600.0,603.0,74.9342714887,1300.0,0.0018735441,11.11,0.15,4
600.0,604.0,94.4916877682,2800.0,0.0015745466,16.67,0.15,4
601.0,602.0,101.9262505083,1300.0,0.0025484111,11.11,0.15,4
602.0,605.0,74.8716450107,1300.0,0.0018719783,11.11,0.15,4
603.0,605.0,91.2025240871,2800.0,0.0015197381,16.67,0.15,4
603.0,606.0,84.6941334902,1300.0,0.0021175651,11.11,0.15,4
603.0,607.0,94.5241547233,2800.0,0.0015750876,16.67,0.15,4
604.0,607.0,96.0521735293,1300.0,0.0024015445,11.11,0.15,4
605.0,635.0,50.4256268057,2800.0,0.0008402591,16.67,0.15,4
608.0,609.0,94.9228876593,2800.0,0.0015817318,16.67,0.15,4
610.0,611.0,106.7947871421,2800.0,0.0017795572,16.67,0.15,4
612.0,613.0,320.0126120895,2800.0,0.005332477,16.67,0.15,4
614.0,861.0,198.7808371496,2800.0,0.0033123515,16.67,0.15,4
614.0,615.0,117.3127806292,2800.0,0.001954822,16.67,0.15,4
614.0,903.0,232.5773646181,2800.0,0.0038755143,16.67,0.15,4
615.0,616.0,92.3466943103,2800.0,0.0015388038,16.67,0.15,4
615.0,617.0,107.982549884,2800.0,0.0017993493,16.67,0.15,4
615.0,752.0,108.6917463683,2800.0,0.0018111669,16.67,0.15,4
616.0,618.0,116.8686667025,2800.0,0.0019474216,16.67,0.15,4
616.0,619.0,116.2042509637,2800.0,0.0019363502,16.67,0.15,4
617.0,869.0,108.3885343377,2800.0,0.0018061143,16.67,0.15,4
617.0,619.0,92.3926562043,2800.0,0.0015395697,16.67,0.15,4
618.0,751.0,116.5396830889,2800.0,0.0019419397,16.67,0.15,4
618.0,752.0,92.053302301,1300.0,0.0023015627,11.11,0.15,4
619.0,795.0,115.1039331736,2800.0,0.0019180153,16.67,0.15,4
620.0,627.0,57.5715233876,2800.0,0.0009593335,16.67,0.15,4
620.0,621.0,134.4483491811,2800.0,0.0022403577,16.67,0.15,4
621.0,945.0,117.3410470843,1300.0,0.0029338196,11.11,0.15,4
621.0,947.0,110.4594739404,2800.0,0.0018406231,16.67,0.15,4
621.0,627.0,80.6375487654,2800.0,0.0013436904,16.67,0.15,4
622.0,630.0,111.9010087182,2800.0,0.0018646439,16.67,0.15,4
622.0,623.0,83.7785755849,2800.0,0.0013960304,16.67,0.15,4
623.0,631.0,128.1014911376,1300.0,0.0032028576,11.11,0.15,4
624.0,625.0,115.7469224646,2800.0,0.0019287296,16.67,0.15,4
625.0,633.0,80.4997987558,2800.0,0.001341395,16.67,0.15,4
625.0,634.0,111.3528369423,2800.0,0.0018555095,16.67,0.15,4
625.0,781.0,106.6592306152,2800.0,0.0017772984,16.67,0.15,4
626.0,867.0,115.6252094293,2800.0,0.0019267015,16.67,0.15,4
626.0,628.0,90.739636146,2800.0,0.0015120249,16.67,0.15,4
627.0,628.0,75.0621789016,2800.0,0.0012507862,16.67,0.15,4
629.0,948.0,137.0428240884,1300.0,0.0034264132,11.11,0.15,4
630.0,784.0,103.6317523594,2800.0,0.0017268505,16.67,0.15,4
630.0,631.0,66.239618805,2800.0,0.0011037729,16.67,0.15,4
631.0,783.0,110.4747461478,1300.0,0.0027621449,11.11,0.15,4
631.0,764.0,95.5956838032,2800.0,0.0015929428,16.67,0.15,4
632.0,764.0,110.3566915311,2800.0,0.0018389104,16.67,0.15,4
636.0,702.0,91.9989251771,2800.0,0.0015330088,16.67,0.15,4
637.0,659.0,145.7549978169,1300.0,0.0036442394,11.11,0.15,4
637.0,638.0,109.6320691762,2800.0,0.0018268358,16.67,0.15,4
638.0,639.0,76.8450282951,2800.0,0.0012804944,16.67,0.15,4
638.0,660.0,148.8167459206,2800.0,0.0024797831,16.67,0.15,4
640.0,641.0,92.4576877576,2800.0,0.0015406533,16.67,0.15,4
642.0,663.0,119.6863770119,2800.0,0.0019943741,16.67,0.15,4
644.0,665.0,129.4145832064,2800.0,0.0021564784,16.67,0.15,4
644.0,645.0,115.436867633,2800.0,0.0019235631,16.67,0.15,4
645.0,646.0,116.1467113319,2800.0,0.0019353914,16.67,0.15,4
645.0,888.0,132.1293542627,2800.0,0.0022017156,16.67,0.15,4
646.0,666.0,134.5073658892,1300.0,0.0033630204,11.11,0.15,4
646.0,647.0,102.4138505673,2800.0,0.0017065562,16.67,0.15,4
647.0,648.0,98.9372528019,2800.0,0.0016486245,16.67,0.15,4
647.0,823.0,128.6892762455,1300.0,0.0032175537,11.11,0.15,4
648.0,667.0,122.0624299004,1300.0,0.0030518659,11.11,0.15,4
648.0,649.0,115.0522797974,2800.0,0.0019171546,16.67,0.15,4
649.0,668.0,119.25243318,2800.0,0.0019871431,16.67,0.15,4
649.0,669.0,128.3261640836,2800.0,0.0021383417,16.67,0.15,4
650.0,670.0,106.6376442691,1300.0,0.0026662077,11.11,0.15,4
651.0,652.0,109.1483115585,2800.0,0.0018187748,16.67,0.15,4
651.0,844.0,153.2672438367,1300.0,0.0038320643,11.11,0.15,4
652.0,653.0,86.7032207787,2800.0,0.0014447647,16.67,0.15,4
653.0,671.0,117.8274371288,1300.0,0.0029459805,11.11,0.15,4
653.0,654.0,123.1733971869,2800.0,0.0020524795,16.67,0.15,4
654.0,672.0,190.229277593,2800.0,0.003169854,16.67,0.15,4
654.0,655.0,120.3024507971,2800.0,0.0020046399,16.67,0.15,4
655.0,673.0,100.5779739767,2800.0,0.0016759644,16.67,0.15,4
655.0,701.0,168.9686353651,1300.0,0.0042246383,11.11,0.15,4
656.0,657.0,101.4909677529,2800.0,0.0016911779,16.67,0.15,4
656.0,658.0,101.7085431121,2800.0,0.0016948034,16.67,0.15,4
656.0,677.0,56.6874655021,2800.0,0.0009446022,16.67,0.15,4
656.0,742.0,139.6415261775,1300.0,0.0034913873,11.11,0.15,4
657.0,677.0,45.0578584327,2800.0,0.0007508141,16.67,0.15,4
658.0,678.0,137.3978792526,2800.0,0.0022895068,16.67,0.15,4
659.0,894.0,92.6009357279,2800.0,0.0015430403,16.67,0.15,4
659.0,660.0,61.3708320541,2800.0,0.0010226427,16.67,0.15,4
660.0,896.0,141.0297218953,2800.0,0.0023500254,16.67,0.15,4
661.0,901.0,34.2331534372,1300.0,0.0008559144,11.11,0.15,4
662.0,663.0,32.5613629239,1300.0,0.0008141155,11.11,0.15,4
664.0,873.0,45.1947704828,2800.0,0.0007530956,16.67,0.15,4
665.0,872.0,107.1352749299,2800.0,0.0017852309,16.67,0.15,4
665.0,873.0,122.7974719029,1300.0,0.0030702438,11.11,0.15,4
665.0,888.0,101.7681239297,1300.0,0.0025444575,11.11,0.15,4
666.0,888.0,99.8627483784,1300.0,0.0024968184,11.11,0.15,4
666.0,889.0,109.178696654,1300.0,0.0027297404,11.11,0.15,4
666.0,823.0,79.8843512299,1300.0,0.0019973085,11.11,0.15,4
667.0,822.0,108.8410559069,1300.0,0.0027212985,11.11,0.15,4
667.0,823.0,79.0183021582,1300.0,0.0019756551,11.11,0.15,4
667.0,668.0,82.1889661278,1300.0,0.0020549296,11.11,0.15,4
668.0,824.0,108.1124980305,2800.0,0.0018015147,16.67,0.15,4
670.0,845.0,83.140045288,1300.0,0.002078709,11.11,0.15,4
670.0,847.0,107.8337197506,1300.0,0.0026961126,11.11,0.15,4
670.0,900.0,106.9577212591,1300.0,0.0026742105,11.11,0.15,4
671.0,844.0,143.5465219019,1300.0,0.0035890219,11.11,0.15,4
671.0,698.0,120.0203319123,1300.0,0.0030008084,11.11,0.15,4
672.0,697.0,109.7319610158,2800.0,0.0018285003,16.67,0.15,4
672.0,698.0,103.4877049927,2800.0,0.0017244502,16.67,0.15,4
672.0,701.0,102.8929931687,2800.0,0.0017145403,16.67,0.15,4
673.0,674.0,145.9786195482,2800.0,0.0024324905,16.67,0.15,4
673.0,675.0,96.8962470155,2800.0,0.0016146145,16.67,0.15,4
674.0,676.0,95.0258284284,2800.0,0.0015834471,16.67,0.15,4
674.0,701.0,81.2513647937,2800.0,0.0013539186,16.67,0.15,4
675.0,676.0,127.2094855116,2800.0,0.0021197341,16.67,0.15,4
678.0,742.0,91.064511016,2800.0,0.0015174384,16.67,0.15,4
678.0,741.0,108.3380478082,2800.0,0.0018052731,16.67,0.15,4
679.0,940.0,106.4195615014,2800.0,0.0017733047,16.67,0.15,4
680.0,681.0,122.1041734546,2800.0,0.0020346626,16.67,0.15,4
681.0,682.0,109.0230758183,2800.0,0.0018166879,16.67,0.15,4
681.0,683.0,68.4249728624,2800.0,0.0011401882,16.67,0.15,4
682.0,685.0,77.1672215288,1300.0,0.0019293735,11.11,0.15,4
682.0,874.0,106.3637025699,2800.0,0.0017723739,16.67,0.15,4
683.0,684.0,63.5307758133,2800.0,0.0010586345,16.67,0.15,4
683.0,685.0,109.8797741251,1300.0,0.0027472691,11.11,0.15,4
684.0,686.0,108.5509007172,1300.0,0.0027140439,11.11,0.15,4
684.0,687.0,76.0342917111,2800.0,0.0012669848,16.67,0.15,4
684.0,891.0,111.5362905716,1300.0,0.0027886861,11.11,0.15,4
685.0,890.0,103.9478941409,1300.0,0.0025989572,11.11,0.15,4
685.0,891.0,72.8713570258,1300.0,0.0018219661,11.11,0.15,4
687.0,688.0,109.686437806,1300.0,0.0027424352,11.11,0.15,4
688.0,827.0,108.1756002087,1300.0,0.0027046605,11.11,0.15,4
688.0,826.0,77.7556409819,1300.0,0.0019440854,11.11,0.15,4
688.0,891.0,76.5783684418,1300.0,0.0019146507,11.11,0.15,4
689.0,690.0,108.3953999395,1300.0,0.002710156,11.11,0.15,4
689.0,691.0,122.3630474506,2800.0,0.0020389763,16.67,0.15,4
689.0,932.0,108.1908505214,1300.0,0.0027050418,11.11,0.15,4
690.0,693.0,122.2989904099,1300.0,0.0030577805,11.11,0.15,4
690.0,924.0,107.0671431706,1300.0,0.0026769463,11.11,0.15,4
690.0,925.0,106.3271079268,1300.0,0.0026584435,11.11,0.15,4
691.0,692.0,128.6095702204,2800.0,0.0021430642,16.67,0.15,4
691.0,693.0,128.7695383901,2800.0,0.0021457298,16.67,0.15,4
692.0,932.0,122.5435791565,2800.0,0.0020419846,16.67,0.15,4
692.0,933.0,127.0515617904,2800.0,0.0021171026,16.67,0.15,4
692.0,694.0,122.1855975196,2800.0,0.0020360194,16.67,0.15,4
693.0,923.0,122.5607878239,1300.0,0.0030643261,11.11,0.15,4
693.0,917.0,127.815513981,2800.0,0.0021298326,16.67,0.15,4
694.0,931.0,106.7109338654,1300.0,0.0026680402,11.11,0.15,4
695.0,849.0,108.3834700568,1300.0,0.0027098577,11.11,0.15,4
696.0,697.0,103.6592242896,2800.0,0.0017273083,16.67,0.15,4
696.0,698.0,122.2683055137,1300.0,0.0030570133,11.11,0.15,4
697.0,699.0,97.3796345018,2800.0,0.0016226694,16.67,0.15,4
697.0,700.0,109.0734745755,2800.0,0.0018175277,16.67,0.15,4
698.0,746.0,133.7101211068,1300.0,0.0033430873,11.11,0.15,4
699.0,701.0,103.6215353444,1300.0,0.0025907975,11.11,0.15,4
706.0,708.0,109.261759371,2800.0,0.0018206652,16.67,0.15,4
706.0,856.0,114.7606772978,5250.0,0.0014346519,22.22,0.15,4
707.0,856.0,33.073646025,2800.0,0.0005511172,16.67,0.15,4
708.0,709.0,134.7303081622,2800.0,0.0022450561,16.67,0.15,4
708.0,710.0,114.4869276391,2800.0,0.0019077339,16.67,0.15,4
708.0,711.0,99.0947767157,2800.0,0.0016512494,16.67,0.15,4
709.0,776.0,50.1784232056,1300.0,0.001254586,11.11,0.15,4
710.0,841.0,54.6334187722,2800.0,0.0009103749,16.67,0.15,4
710.0,713.0,111.8067768757,2800.0,0.0018630737,16.67,0.15,4
710.0,856.0,108.2887274348,2800.0,0.0018044512,16.67,0.15,4
711.0,712.0,129.6445403232,2800.0,0.0021603103,16.67,0.15,4
711.0,713.0,131.4619945524,2800.0,0.0021905951,16.67,0.15,4
711.0,714.0,63.8525600155,2800.0,0.0010639965,16.67,0.15,4
712.0,776.0,49.6130700201,1300.0,0.0012404508,11.11,0.15,4
712.0,715.0,61.372275059,1300.0,0.0015344603,11.11,0.15,4
713.0,841.0,127.4550010945,2800.0,0.0021238253,16.67,0.15,4
713.0,717.0,127.4691070648,2800.0,0.0021240603,16.67,0.15,4
714.0,715.0,124.3538467545,2800.0,0.0020721497,16.67,0.15,4
714.0,716.0,35.7810876707,2800.0,0.0005962322,16.67,0.15,4
715.0,777.0,38.3698145519,1300.0,0.0009593413,11.11,0.15,4
716.0,717.0,95.9714717553,1300.0,0.0023995267,11.11,0.15,4
716.0,718.0,98.8871169612,2800.0,0.0016477891,16.67,0.15,4
716.0,777.0,120.9550923117,1300.0,0.0030241797,11.11,0.15,4
717.0,720.0,124.7264177196,2800.0,0.002078358,16.67,0.15,4
718.0,719.0,112.7581224297,1300.0,0.002819235,11.11,0.15,4
718.0,720.0,59.5510234696,1300.0,0.0014889245,11.11,0.15,4
719.0,778.0,91.5511429687,1300.0,0.0022890075,11.11,0.15,4
719.0,777.0,101.880972915,1300.0,0.0025472791,11.11,0.15,4
721.0,722.0,107.5389958273,1300.0,0.0026887438,11.11,0.15,4
722.0,723.0,78.0924475438,2800.0,0.0013012805,16.67,0.15,4
722.0,724.0,98.2108971396,2800.0,0.001636521,16.67,0.15,4
722.0,725.0,101.5192378017,1300.0,0.0025382348,11.11,0.15,4
723.0,726.0,97.3411366486,1300.0,0.0024337718,11.11,0.15,4
723.0,879.0,49.5787329795,2800.0,0.000826147,16.67,0.15,4
724.0,878.0,107.0165730841,2800.0,0.0017832529,16.67,0.15,4
724.0,747.0,103.4792718967,2800.0,0.0017243097,16.67,0.15,4
725.0,726.0,77.1826105338,2800.0,0.0012861196,16.67,0.15,4
725.0,878.0,103.9338207479,2800.0,0.001731884,16.67,0.15,4
728.0,729.0,157.9825566,1300.0,0.0039499589,11.11,0.15,4
729.0,730.0,100.6054356491,5250.0,0.0012576937,22.22,0.15,4
729.0,731.0,36.686520036,1300.0,0.0009172547,11.11,0.15,4
729.0,821.0,75.7197762687,5250.0,0.0009465919,22.22,0.15,4
730.0,859.0,36.8345653943,2800.0,0.0006137867,16.67,0.15,4
730.0,857.0,109.585401308,5250.0,0.0013699545,22.22,0.15,4
731.0,732.0,71.0857156487,5250.0,0.0008886603,22.22,0.15,4
731.0,733.0,119.2473539455,1300.0,0.002981482,11.11,0.15,4
731.0,859.0,99.9147738789,5250.0,0.0012490596,22.22,0.15,4
732.0,821.0,46.069554923,1300.0,0.0011518541,11.11,0.15,4
733.0,734.0,94.8824238687,2800.0,0.0015810575,16.67,0.15,4
733.0,735.0,102.2977318913,2800.0,0.0017046213,16.67,0.15,4
734.0,882.0,103.3994141279,2800.0,0.001722979,16.67,0.15,4
734.0,736.0,103.9114339544,2800.0,0.0017315109,16.67,0.15,4
734.0,866.0,105.9919119783,2800.0,0.0017661786,16.67,0.15,4
735.0,736.0,94.0687507969,2800.0,0.001567499,16.67,0.15,4
737.0,738.0,117.4795475145,2800.0,0.0019576009,16.67,0.15,4
737.0,739.0,116.6055540077,2800.0,0.0019430373,16.67,0.15,4
738.0,796.0,115.9056746892,2800.0,0.001931375,16.67,0.15,4
738.0,837.0,91.8563551984,2800.0,0.0015306331,16.67,0.15,4
739.0,840.0,117.1128999302,2800.0,0.0019514914,16.67,0.15,4
739.0,839.0,199.7127090961,1300.0,0.0049933171,11.11,0.15,4
740.0,741.0,91.9734446434,1300.0,0.0022995661,11.11,0.15,4
740.0,742.0,97.2639268967,1300.0,0.0024318414,11.11,0.15,4
740.0,838.0,107.1980882147,1300.0,0.0026802202,11.11,0.15,4
741.0,743.0,115.0336050793,2800.0,0.0019168434,16.67,0.15,4
743.0,838.0,91.4210916132,2800.0,0.0015233802,16.67,0.15,4
743.0,840.0,113.9246157916,2800.0,0.0018983639,16.67,0.15,4
745.0,844.0,68.8372270814,1300.0,0.0017211028,11.11,0.15,4
746.0,844.0,108.5083860011,1300.0,0.0027129809,11.11,0.15,4
748.0,749.0,59.523625071,2800.0,0.000991862,16.67,0.15,4
748.0,905.0,50.7690475075,2800.0,0.0008459816,16.67,0.15,4
749.0,782.0,69.2077753594,2800.0,0.0011532323,16.67,0.15,4
750.0,751.0,91.4261401299,2800.0,0.0015234643,16.67,0.15,4
750.0,752.0,109.3971402704,2800.0,0.0018229211,16.67,0.15,4
750.0,870.0,107.2879766429,2800.0,0.0017877754,16.67,0.15,4
751.0,753.0,115.3176747712,2800.0,0.0019215769,16.67,0.15,4
753.0,870.0,90.6165031354,2800.0,0.0015099731,16.67,0.15,4
753.0,864.0,117.535604016,2800.0,0.001958535,16.67,0.15,4
754.0,886.0,122.0943733508,1300.0,0.0030526646,11.11,0.15,4
755.0,886.0,130.6459189474,2800.0,0.0021769966,16.67,0.15,4
755.0,799.0,122.5874046549,2800.0,0.0020427149,16.67,0.15,4
757.0,805.0,121.8846110952,2800.0,0.002031004,16.67,0.15,4
757.0,758.0,121.7827194463,2800.0,0.0020293061,16.67,0.15,4
758.0,759.0,121.626454474,2800.0,0.0020267022,16.67,0.15,4
758.0,808.0,122.4811869908,1300.0,0.0030623359,11.11,0.15,4
759.0,810.0,122.3537431317,2800.0,0.0020388213,16.67,0.15,4
759.0,760.0,121.8147134906,2800.0,0.0020298393,16.67,0.15,4
760.0,813.0,121.2324711535,2800.0,0.0020201372,16.67,0.15,4
760.0,761.0,113.2198159511,2800.0,0.0018866196,16.67,0.15,4
762.0,763.0,121.4220185779,2800.0,0.0020232957,16.67,0.15,4
764.0,816.0,103.3870097884,2800.0,0.0017227723,16.67,0.15,4
765.0,933.0,128.8872016809,2800.0,0.0021476905,16.67,0.15,4
765.0,766.0,127.2995256609,2800.0,0.0021212345,16.67,0.15,4
765.0,935.0,122.9119786114,1300.0,0.0030731068,11.11,0.15,4
766.0,877.0,128.1108150944,2800.0,0.0021347533,16.67,0.15,4
766.0,936.0,122.8468117762,2800.0,0.0020470375,16.67,0.15,4
767.0,904.0,68.2121324829,1300.0,0.0017054739,11.11,0.15,4
768.0,937.0,107.0312753339,1300.0,0.0026760495,11.11,0.15,4
768.0,938.0,94.9496224208,1300.0,0.002373978,11.11,0.15,4
775.0,776.0,91.7910798979,1300.0,0.0022950065,11.11,0.15,4
779.0,781.0,86.789501323,1300.0,0.0021699545,11.11,0.15,4
780.0,781.0,36.8524812196,1300.0,0.0009214042,11.11,0.15,4
783.0,854.0,114.0273760138,1300.0,0.0028509695,11.11,0.15,4
783.0,784.0,67.8057810475,2800.0,0.0011298704,16.67,0.15,4
783.0,816.0,103.7470557309,2800.0,0.0017287718,16.67,0.15,4
784.0,791.0,207.3773347209,2800.0,0.0034555978,16.67,0.15,4
787.0,788.0,71.1682900812,2800.0,0.001185901,16.67,0.15,4
788.0,789.0,130.6454335894,2800.0,0.0021769885,16.67,0.15,4
789.0,853.0,103.1612101775,2800.0,0.0017190097,16.67,0.15,4
789.0,790.0,120.269211838,2800.0,0.002004086,16.67,0.15,4
790.0,854.0,109.02014657,1300.0,0.0027257762,11.11,0.15,4
790.0,791.0,65.5939787475,2800.0,0.0010930144,16.67,0.15,4
792.0,793.0,107.5812771801,2800.0,0.0017926628,16.67,0.15,4
792.0,794.0,91.7227375224,2800.0,0.0015284066,16.67,0.15,4
792.0,869.0,107.8245446101,2800.0,0.0017967164,16.67,0.15,4
793.0,837.0,109.9036515864,2800.0,0.0018313613,16.67,0.15,4
793.0,796.0,90.2617191884,2800.0,0.0015040612,16.67,0.15,4
794.0,795.0,116.2927318393,2800.0,0.0019378246,16.67,0.15,4
794.0,796.0,116.1871101974,2800.0,0.0019360646,16.67,0.15,4
795.0,869.0,92.4533676455,2800.0,0.0015405813,16.67,0.15,4
797.0,799.0,105.5968489256,2800.0,0.0017595956,16.67,0.15,4
797.0,800.0,110.978592465,1300.0,0.0027747423,11.11,0.15,4
798.0,886.0,122.5930898321,1300.0,0.0030651338,11.11,0.15,4
798.0,799.0,107.8469124381,1300.0,0.0026964425,11.11,0.15,4
800.0,801.0,40.0677032168,1300.0,0.0010017928,11.11,0.15,4
800.0,802.0,117.3754625594,5250.0,0.00146734,22.22,0.15,4
801.0,803.0,106.0924031505,5250.0,0.0013262877,22.22,0.15,4
801.0,804.0,99.1811113984,1300.0,0.0024797758,11.11,0.15,4
801.0,830.0,111.9047910212,5250.0,0.0013989498,22.22,0.15,4
802.0,830.0,37.7256234351,1300.0,0.0009432349,11.11,0.15,4
802.0,831.0,128.9008844772,5250.0,0.0016114222,22.22,0.15,4
803.0,805.0,99.5984736321,2800.0,0.0016596426,16.67,0.15,4
804.0,805.0,106.6138572154,2800.0,0.0017765423,16.67,0.15,4
804.0,806.0,100.1458573913,2800.0,0.0016687639,16.67,0.15,4
804.0,807.0,99.2363945256,2800.0,0.0016536092,16.67,0.15,4
805.0,808.0,99.8378387271,2800.0,0.0016636313,16.67,0.15,4
806.0,832.0,118.0247522894,2800.0,0.0019666859,16.67,0.15,4
806.0,833.0,100.5520727422,1300.0,0.0025140532,11.11,0.15,4
806.0,830.0,101.8615726382,1300.0,0.002546794,11.11,0.15,4
807.0,808.0,105.5828274052,1300.0,0.0026398347,11.11,0.15,4
807.0,809.0,99.4460042566,2800.0,0.001657102,16.67,0.15,4
807.0,833.0,87.3564629177,1300.0,0.00218413,11.11,0.15,4
808.0,810.0,99.4544789972,2800.0,0.0016572432,16.67,0.15,4
809.0,810.0,105.5521409976,2800.0,0.0017588506,16.67,0.15,4
809.0,811.0,74.3132209968,2800.0,0.001238306,16.67,0.15,4
809.0,812.0,99.9507244695,2800.0,0.0016655123,16.67,0.15,4
810.0,813.0,99.4700983264,2800.0,0.0016575035,16.67,0.15,4
811.0,835.0,106.8198329465,2800.0,0.0017799746,16.67,0.15,4
811.0,814.0,100.0854743802,1300.0,0.0025023871,11.11,0.15,4
811.0,833.0,101.202784424,1300.0,0.0025303226,11.11,0.15,4
812.0,813.0,106.9868176356,2800.0,0.0017827571,16.67,0.15,4
812.0,814.0,60.7279913013,2800.0,0.0010119308,16.67,0.15,4
814.0,836.0,103.0278925742,2800.0,0.0017167882,16.67,0.15,4
814.0,815.0,100.8729360914,1300.0,0.0025220756,11.11,0.15,4
816.0,853.0,105.6939944653,2800.0,0.0017612143,16.67,0.15,4
817.0,880.0,113.9596810539,2800.0,0.0018989482,16.67,0.15,4
818.0,819.0,61.6477093474,2800.0,0.0010272564,16.67,0.15,4
819.0,829.0,72.5180108281,2800.0,0.0012083918,16.67,0.15,4
820.0,829.0,108.1433009338,1300.0,0.0027038529,11.11,0.15,4
822.0,824.0,68.7900975352,1300.0,0.0017199244,11.11,0.15,4
822.0,825.0,108.9262346377,1300.0,0.0027234282,11.11,0.15,4
822.0,850.0,78.9236565982,1300.0,0.0019732887,11.11,0.15,4
823.0,850.0,108.8158182813,1300.0,0.0027206675,11.11,0.15,4
824.0,892.0,107.062830716,2800.0,0.0017840237,16.67,0.15,4
824.0,909.0,110.3476920841,1300.0,0.0027589682,11.11,0.15,4
825.0,826.0,105.7026612366,1300.0,0.0026428308,11.11,0.15,4
825.0,827.0,79.4886834124,1300.0,0.0019874158,11.11,0.15,4
825.0,892.0,53.0120830594,1300.0,0.0013254346,11.11,0.15,4
826.0,828.0,39.36890352,1300.0,0.000984321,11.11,0.15,4
827.0,851.0,77.3729260533,1300.0,0.0019345166,11.11,0.15,4
827.0,850.0,108.0008059628,1300.0,0.0027002902,11.11,0.15,4
828.0,892.0,107.0629452323,2800.0,0.0017840256,16.67,0.15,4
830.0,865.0,128.9039985942,5250.0,0.0016114611,22.22,0.15,4
831.0,865.0,34.6803769604,1300.0,0.0008670961,11.11,0.15,4
832.0,865.0,120.6230587452,1300.0,0.0030158781,11.11,0.15,4
832.0,834.0,102.4311695891,1300.0,0.0025610353,11.11,0.15,4
833.0,834.0,112.2482673282,1300.0,0.0028064873,11.11,0.15,4
834.0,835.0,98.6400452667,1300.0,0.0024662478,11.11,0.15,4
835.0,836.0,96.680112854,1300.0,0.0024172445,11.11,0.15,4
838.0,839.0,106.0480250886,2800.0,0.0017671137,16.67,0.15,4
839.0,840.0,91.5089668031,2800.0,0.0015248445,16.67,0.15,4
842.0,902.0,119.0912503579,2800.0,0.0019844573,16.67,0.15,4
843.0,883.0,120.6545724554,2800.0,0.0020105074,16.67,0.15,4
845.0,846.0,107.7385761378,1300.0,0.0026937338,11.11,0.15,4
846.0,847.0,67.5748994882,1300.0,0.0016895414,11.11,0.15,4
846.0,848.0,107.0587844245,1300.0,0.0026767373,11.11,0.15,4
846.0,910.0,109.9683471091,1300.0,0.0027494836,11.11,0.15,4
847.0,898.0,109.2245478216,1300.0,0.0027308868,11.11,0.15,4
847.0,899.0,108.126207541,1300.0,0.0027034255,11.11,0.15,4
848.0,898.0,53.0273555303,1300.0,0.0013258165,11.11,0.15,4
849.0,898.0,108.9275910882,1300.0,0.0027234621,11.11,0.15,4
850.0,889.0,77.01549747,1300.0,0.00192558,11.11,0.15,4
851.0,891.0,107.1348822527,1300.0,0.0026786399,11.11,0.15,4
851.0,890.0,79.4218064872,1300.0,0.0019857437,11.11,0.15,4
851.0,889.0,106.6269092817,1300.0,0.0026659393,11.11,0.15,4
853.0,854.0,111.2205810425,2800.0,0.0018533057,16.67,0.15,4
857.0,858.0,49.1113792528,2800.0,0.0008183593,16.67,0.15,4
858.0,884.0,100.8249927209,1300.0,0.0025208769,11.11,0.15,4
858.0,859.0,110.6174315953,5250.0,0.0013828562,22.22,0.15,4
859.0,866.0,46.4831436433,2800.0,0.0007745641,16.67,0.15,4
860.0,861.0,221.8384961552,2800.0,0.003696569,16.67,0.15,4
860.0,862.0,84.529927069,5250.0,0.0010567298,22.22,0.15,4
863.0,864.0,102.8495442946,2800.0,0.0017138163,16.67,0.15,4
866.0,884.0,103.4964367118,2800.0,0.0017245957,16.67,0.15,4
871.0,944.0,90.8631888241,1300.0,0.0022718069,11.11,0.15,4
872.0,874.0,105.6986778539,2800.0,0.0017612924,16.67,0.15,4
872.0,875.0,94.2850282126,1300.0,0.0023573614,11.11,0.15,4
874.0,876.0,122.0626606769,1300.0,0.0030518717,11.11,0.15,4
874.0,890.0,87.6358824159,1300.0,0.0021911162,11.11,0.15,4
875.0,889.0,91.5368521057,1300.0,0.0022886502,11.11,0.15,4
875.0,888.0,108.8497853654,2800.0,0.0018138003,16.67,0.15,4
881.0,882.0,116.4878269874,2800.0,0.0019410756,16.67,0.15,4
881.0,883.0,104.4371976463,2800.0,0.0017402719,16.67,0.15,4
881.0,885.0,118.7759639798,2800.0,0.0019792036,16.67,0.15,4
882.0,884.0,115.0204073265,1300.0,0.0028757978,11.11,0.15,4
883.0,884.0,137.2723196694,2800.0,0.0022874145,16.67,0.15,4
883.0,902.0,103.1253355924,2800.0,0.0017184119,16.67,0.15,4
892.0,921.0,109.7054708211,1300.0,0.0027429111,11.11,0.15,4
895.0,896.0,32.0415397073,2800.0,0.0005339189,16.67,0.15,4
897.0,938.0,92.4937249745,1300.0,0.0023125744,11.11,0.15,4
899.0,900.0,110.2461950793,1300.0,0.0027564305,11.11,0.15,4
906.0,948.0,138.0272750874,1300.0,0.003451027,11.11,0.15,4
907.0,908.0,108.2028079394,1300.0,0.0027053407,11.11,0.15,4
907.0,919.0,106.5862337339,1300.0,0.0026649223,11.11,0.15,4
908.0,920.0,107.0636809143,1300.0,0.0026768597,11.11,0.15,4
908.0,918.0,106.4942950687,1300.0,0.0026626236,11.11,0.15,4
908.0,909.0,108.9650579985,1300.0,0.0027243989,11.11,0.15,4
909.0,921.0,105.7026345176,2800.0,0.0017613583,16.67,0.15,4
910.0,911.0,109.8318922126,1300.0,0.0027460719,11.11,0.15,4
911.0,912.0,107.8850205913,1300.0,0.0026973953,11.11,0.15,4
911.0,913.0,106.7749274751,1300.0,0.0026696402,11.11,0.15,4
911.0,922.0,107.0696492554,1300.0,0.0026770089,11.11,0.15,4
912.0,929.0,106.6730628562,1300.0,0.0026670933,11.11,0.15,4
913.0,914.0,107.0619866432,1300.0,0.0026768173,11.11,0.15,4
913.0,915.0,122.5540080509,1300.0,0.0030641566,11.11,0.15,4
913.0,929.0,107.9540417181,1300.0,0.002699121,11.11,0.15,4
914.0,923.0,107.0722081847,1300.0,0.0026770729,11.11,0.15,4
914.0,917.0,122.5628581138,1300.0,0.0030643779,11.11,0.15,4
914.0,922.0,106.8602920901,1300.0,0.0026717745,11.11,0.15,4
915.0,916.0,129.1769700626,2800.0,0.002152519,16.67,0.15,4
915.0,917.0,128.0046289874,2800.0,0.0021329839,16.67,0.15,4
915.0,918.0,122.1949950042,1300.0,0.0030551804,11.11,0.15,4
916.0,927.0,135.3478474926,2800.0,0.0022553464,16.67,0.15,4
916.0,919.0,122.1354162966,1300.0,0.0030536908,11.11,0.15,4
916.0,929.0,122.5617956474,1300.0,0.0030643513,11.11,0.15,4
917.0,924.0,122.2419342469,1300.0,0.003056354,11.11,0.15,4
918.0,919.0,108.1281347217,1300.0,0.0027034737,11.11,0.15,4
918.0,924.0,107.0569159066,1300.0,0.0026766906,11.11,0.15,4
919.0,930.0,119.5998235869,1300.0,0.0029902946,11.11,0.15,4
920.0,921.0,109.598005276,1300.0,0.0027402242,11.11,0.15,4
920.0,925.0,107.0525966532,1300.0,0.0026765826,11.11,0.15,4
920.0,924.0,106.4164899208,1300.0,0.0026606783,11.11,0.15,4
926.0,927.0,136.6888764439,2800.0,0.0022776924,16.67,0.15,4
926.0,929.0,120.0674794109,1300.0,0.0030019872,11.11,0.15,4
927.0,928.0,100.1593679981,2800.0,0.001668989,16.67,0.15,4
928.0,930.0,55.0113000479,2800.0,0.0009166717,16.67,0.15,4
931.0,933.0,124.0021032144,2800.0,0.0020662885,16.67,0.15,4
932.0,934.0,106.6385066884,1300.0,0.0026662293,11.11,0.15,4
933.0,934.0,122.727751241,2800.0,0.0020450535,16.67,0.15,4
934.0,935.0,107.8670755819,1300.0,0.0026969466,11.11,0.15,4
935.0,936.0,106.4714974032,1300.0,0.0026620536,11.11,0.15,4
937.0,941.0,107.155832728,1300.0,0.0026791637,11.11,0.15,4
937.0,942.0,91.5106491083,1300.0,0.002287995,11.11,0.15,4
937.0,939.0,94.880129351,1300.0,0.0023722405,11.11,0.15,4
938.0,939.0,106.9076506632,1300.0,0.0026729586,11.11,0.15,4
939.0,943.0,107.2589600943,1300.0,0.0026817422,11.11,0.15,4
940.0,943.0,92.8804403915,1300.0,0.0023222432,11.11,0.15,4
941.0,944.0,107.0786104202,1300.0,0.002677233,11.11,0.15,4
941.0,943.0,94.8131406101,1300.0,0.0023705656,11.11,0.15,4
945.0,946.0,113.2746050998,1300.0,0.0028321483,11.11,0.15,4
